ISO-10303-21;
HEADER;
/* Generated by software containing ST-Developer
 * from STEP Tools, Inc. (www.steptools.com) 
 */

FILE_DESCRIPTION(
/* description */ (''),
/* implementation_level */ '2;1');

FILE_NAME(
/* name */ 'Bottom_Just_a_Pi_Case.step',
/* time_stamp */ '2026-10-07T13:44:25-06:00',
/* author */ (''),
/* organization */ (''),
/* preprocessor_version */ 'ST-DEVELOPER v20.2',
/* originating_system */ 'Autodesk Translation Framework v15.15.0.0',
/* authorisation */ '');

FILE_SCHEMA (('AUTOMOTIVE_DESIGN { 1 0 10303 214 3 1 1 }'));
ENDSEC;

DATA;
#10=MECHANICAL_DESIGN_GEOMETRIC_PRESENTATION_REPRESENTATION('',(#13),#4694);
#11=SHAPE_REPRESENTATION_RELATIONSHIP('SRR','None',#4700,#12);
#12=ADVANCED_BREP_SHAPE_REPRESENTATION('',(#14),#4693);
#13=STYLED_ITEM('',(#4709),#14);
#14=MANIFOLD_SOLID_BREP('botttom',#2974);
#15=CYLINDRICAL_SURFACE('',#3012,2.);
#16=CYLINDRICAL_SURFACE('',#3017,2.);
#17=CYLINDRICAL_SURFACE('',#3022,2.);
#18=CYLINDRICAL_SURFACE('',#3027,2.);
#19=CYLINDRICAL_SURFACE('',#3039,1.);
#20=CYLINDRICAL_SURFACE('',#3040,1.);
#21=CYLINDRICAL_SURFACE('',#3041,1.);
#22=CYLINDRICAL_SURFACE('',#3043,1.);
#23=CYLINDRICAL_SURFACE('',#3129,2.11);
#24=CYLINDRICAL_SURFACE('',#3130,2.11);
#25=CYLINDRICAL_SURFACE('',#3138,2.11);
#26=CYLINDRICAL_SURFACE('',#3140,2.11);
#27=FACE_BOUND('',#265,.T.);
#28=FACE_BOUND('',#266,.T.);
#29=FACE_BOUND('',#270,.T.);
#30=FACE_BOUND('',#271,.T.);
#31=FACE_BOUND('',#276,.T.);
#32=FACE_BOUND('',#279,.T.);
#33=FACE_BOUND('',#282,.T.);
#34=FACE_BOUND('',#285,.T.);
#35=FACE_BOUND('',#287,.T.);
#36=FACE_BOUND('',#290,.T.);
#37=FACE_BOUND('',#291,.T.);
#38=FACE_BOUND('',#292,.T.);
#39=FACE_BOUND('',#293,.T.);
#40=FACE_BOUND('',#294,.T.);
#41=FACE_BOUND('',#295,.T.);
#42=FACE_BOUND('',#296,.T.);
#43=FACE_BOUND('',#297,.T.);
#44=FACE_BOUND('',#298,.T.);
#45=FACE_BOUND('',#299,.T.);
#46=FACE_BOUND('',#300,.T.);
#47=FACE_BOUND('',#301,.T.);
#48=FACE_BOUND('',#302,.T.);
#49=FACE_BOUND('',#303,.T.);
#50=FACE_BOUND('',#304,.T.);
#51=FACE_BOUND('',#305,.T.);
#52=FACE_BOUND('',#306,.T.);
#53=FACE_BOUND('',#316,.T.);
#54=FACE_BOUND('',#348,.T.);
#55=FACE_BOUND('',#349,.T.);
#56=FACE_BOUND('',#350,.T.);
#57=FACE_BOUND('',#351,.T.);
#58=FACE_BOUND('',#352,.T.);
#59=FACE_BOUND('',#353,.T.);
#60=FACE_BOUND('',#354,.T.);
#61=FACE_BOUND('',#355,.T.);
#62=FACE_BOUND('',#356,.T.);
#63=FACE_BOUND('',#357,.T.);
#64=FACE_BOUND('',#358,.T.);
#65=FACE_BOUND('',#359,.T.);
#66=FACE_BOUND('',#414,.T.);
#67=FACE_BOUND('',#415,.T.);
#68=FACE_BOUND('',#423,.T.);
#69=FACE_BOUND('',#424,.T.);
#70=CIRCLE('',#3003,1.);
#71=CIRCLE('',#3004,2.11);
#72=CIRCLE('',#3008,1.);
#73=CIRCLE('',#3009,2.11);
#74=CIRCLE('',#3013,2.);
#75=CIRCLE('',#3014,2.);
#76=CIRCLE('',#3016,1.);
#77=CIRCLE('',#3018,2.);
#78=CIRCLE('',#3019,2.);
#79=CIRCLE('',#3021,1.);
#80=CIRCLE('',#3023,2.);
#81=CIRCLE('',#3024,2.);
#82=CIRCLE('',#3026,1.);
#83=CIRCLE('',#3028,2.);
#84=CIRCLE('',#3029,2.);
#85=CIRCLE('',#3031,1.);
#86=CIRCLE('',#3035,2.11);
#87=CIRCLE('',#3036,2.11);
#88=CIRCLE('',#3037,2.11);
#89=CIRCLE('',#3038,2.11);
#90=CIRCLE('',#3042,1.);
#91=CIRCLE('',#3044,1.);
#92=CIRCLE('',#3131,2.11);
#93=CIRCLE('',#3139,2.11);
#94=FACE_OUTER_BOUND('',#238,.T.);
#95=FACE_OUTER_BOUND('',#239,.T.);
#96=FACE_OUTER_BOUND('',#240,.T.);
#97=FACE_OUTER_BOUND('',#241,.T.);
#98=FACE_OUTER_BOUND('',#242,.T.);
#99=FACE_OUTER_BOUND('',#243,.T.);
#100=FACE_OUTER_BOUND('',#244,.T.);
#101=FACE_OUTER_BOUND('',#245,.T.);
#102=FACE_OUTER_BOUND('',#246,.T.);
#103=FACE_OUTER_BOUND('',#247,.T.);
#104=FACE_OUTER_BOUND('',#248,.T.);
#105=FACE_OUTER_BOUND('',#249,.T.);
#106=FACE_OUTER_BOUND('',#250,.T.);
#107=FACE_OUTER_BOUND('',#251,.T.);
#108=FACE_OUTER_BOUND('',#252,.T.);
#109=FACE_OUTER_BOUND('',#253,.T.);
#110=FACE_OUTER_BOUND('',#254,.T.);
#111=FACE_OUTER_BOUND('',#255,.T.);
#112=FACE_OUTER_BOUND('',#256,.T.);
#113=FACE_OUTER_BOUND('',#257,.T.);
#114=FACE_OUTER_BOUND('',#258,.T.);
#115=FACE_OUTER_BOUND('',#259,.T.);
#116=FACE_OUTER_BOUND('',#260,.T.);
#117=FACE_OUTER_BOUND('',#261,.T.);
#118=FACE_OUTER_BOUND('',#262,.T.);
#119=FACE_OUTER_BOUND('',#263,.T.);
#120=FACE_OUTER_BOUND('',#264,.T.);
#121=FACE_OUTER_BOUND('',#267,.T.);
#122=FACE_OUTER_BOUND('',#268,.T.);
#123=FACE_OUTER_BOUND('',#269,.T.);
#124=FACE_OUTER_BOUND('',#272,.T.);
#125=FACE_OUTER_BOUND('',#273,.T.);
#126=FACE_OUTER_BOUND('',#274,.T.);
#127=FACE_OUTER_BOUND('',#275,.T.);
#128=FACE_OUTER_BOUND('',#277,.T.);
#129=FACE_OUTER_BOUND('',#278,.T.);
#130=FACE_OUTER_BOUND('',#280,.T.);
#131=FACE_OUTER_BOUND('',#281,.T.);
#132=FACE_OUTER_BOUND('',#283,.T.);
#133=FACE_OUTER_BOUND('',#284,.T.);
#134=FACE_OUTER_BOUND('',#286,.T.);
#135=FACE_OUTER_BOUND('',#288,.T.);
#136=FACE_OUTER_BOUND('',#289,.T.);
#137=FACE_OUTER_BOUND('',#307,.T.);
#138=FACE_OUTER_BOUND('',#308,.T.);
#139=FACE_OUTER_BOUND('',#309,.T.);
#140=FACE_OUTER_BOUND('',#310,.T.);
#141=FACE_OUTER_BOUND('',#311,.T.);
#142=FACE_OUTER_BOUND('',#312,.T.);
#143=FACE_OUTER_BOUND('',#313,.T.);
#144=FACE_OUTER_BOUND('',#314,.T.);
#145=FACE_OUTER_BOUND('',#315,.T.);
#146=FACE_OUTER_BOUND('',#317,.T.);
#147=FACE_OUTER_BOUND('',#318,.T.);
#148=FACE_OUTER_BOUND('',#319,.T.);
#149=FACE_OUTER_BOUND('',#320,.T.);
#150=FACE_OUTER_BOUND('',#321,.T.);
#151=FACE_OUTER_BOUND('',#322,.T.);
#152=FACE_OUTER_BOUND('',#323,.T.);
#153=FACE_OUTER_BOUND('',#324,.T.);
#154=FACE_OUTER_BOUND('',#325,.T.);
#155=FACE_OUTER_BOUND('',#326,.T.);
#156=FACE_OUTER_BOUND('',#327,.T.);
#157=FACE_OUTER_BOUND('',#328,.T.);
#158=FACE_OUTER_BOUND('',#329,.T.);
#159=FACE_OUTER_BOUND('',#330,.T.);
#160=FACE_OUTER_BOUND('',#331,.T.);
#161=FACE_OUTER_BOUND('',#332,.T.);
#162=FACE_OUTER_BOUND('',#333,.T.);
#163=FACE_OUTER_BOUND('',#334,.T.);
#164=FACE_OUTER_BOUND('',#335,.T.);
#165=FACE_OUTER_BOUND('',#336,.T.);
#166=FACE_OUTER_BOUND('',#337,.T.);
#167=FACE_OUTER_BOUND('',#338,.T.);
#168=FACE_OUTER_BOUND('',#339,.T.);
#169=FACE_OUTER_BOUND('',#340,.T.);
#170=FACE_OUTER_BOUND('',#341,.T.);
#171=FACE_OUTER_BOUND('',#342,.T.);
#172=FACE_OUTER_BOUND('',#343,.T.);
#173=FACE_OUTER_BOUND('',#344,.T.);
#174=FACE_OUTER_BOUND('',#345,.T.);
#175=FACE_OUTER_BOUND('',#346,.T.);
#176=FACE_OUTER_BOUND('',#347,.T.);
#177=FACE_OUTER_BOUND('',#360,.T.);
#178=FACE_OUTER_BOUND('',#361,.T.);
#179=FACE_OUTER_BOUND('',#362,.T.);
#180=FACE_OUTER_BOUND('',#363,.T.);
#181=FACE_OUTER_BOUND('',#364,.T.);
#182=FACE_OUTER_BOUND('',#365,.T.);
#183=FACE_OUTER_BOUND('',#366,.T.);
#184=FACE_OUTER_BOUND('',#367,.T.);
#185=FACE_OUTER_BOUND('',#368,.T.);
#186=FACE_OUTER_BOUND('',#369,.T.);
#187=FACE_OUTER_BOUND('',#370,.T.);
#188=FACE_OUTER_BOUND('',#371,.T.);
#189=FACE_OUTER_BOUND('',#372,.T.);
#190=FACE_OUTER_BOUND('',#373,.T.);
#191=FACE_OUTER_BOUND('',#374,.T.);
#192=FACE_OUTER_BOUND('',#375,.T.);
#193=FACE_OUTER_BOUND('',#376,.T.);
#194=FACE_OUTER_BOUND('',#377,.T.);
#195=FACE_OUTER_BOUND('',#378,.T.);
#196=FACE_OUTER_BOUND('',#379,.T.);
#197=FACE_OUTER_BOUND('',#380,.T.);
#198=FACE_OUTER_BOUND('',#381,.T.);
#199=FACE_OUTER_BOUND('',#382,.T.);
#200=FACE_OUTER_BOUND('',#383,.T.);
#201=FACE_OUTER_BOUND('',#384,.T.);
#202=FACE_OUTER_BOUND('',#385,.T.);
#203=FACE_OUTER_BOUND('',#386,.T.);
#204=FACE_OUTER_BOUND('',#387,.T.);
#205=FACE_OUTER_BOUND('',#388,.T.);
#206=FACE_OUTER_BOUND('',#389,.T.);
#207=FACE_OUTER_BOUND('',#390,.T.);
#208=FACE_OUTER_BOUND('',#391,.T.);
#209=FACE_OUTER_BOUND('',#392,.T.);
#210=FACE_OUTER_BOUND('',#393,.T.);
#211=FACE_OUTER_BOUND('',#394,.T.);
#212=FACE_OUTER_BOUND('',#395,.T.);
#213=FACE_OUTER_BOUND('',#396,.T.);
#214=FACE_OUTER_BOUND('',#397,.T.);
#215=FACE_OUTER_BOUND('',#398,.T.);
#216=FACE_OUTER_BOUND('',#399,.T.);
#217=FACE_OUTER_BOUND('',#400,.T.);
#218=FACE_OUTER_BOUND('',#401,.T.);
#219=FACE_OUTER_BOUND('',#402,.T.);
#220=FACE_OUTER_BOUND('',#403,.T.);
#221=FACE_OUTER_BOUND('',#404,.T.);
#222=FACE_OUTER_BOUND('',#405,.T.);
#223=FACE_OUTER_BOUND('',#406,.T.);
#224=FACE_OUTER_BOUND('',#407,.T.);
#225=FACE_OUTER_BOUND('',#408,.T.);
#226=FACE_OUTER_BOUND('',#409,.T.);
#227=FACE_OUTER_BOUND('',#410,.T.);
#228=FACE_OUTER_BOUND('',#411,.T.);
#229=FACE_OUTER_BOUND('',#412,.T.);
#230=FACE_OUTER_BOUND('',#413,.T.);
#231=FACE_OUTER_BOUND('',#416,.T.);
#232=FACE_OUTER_BOUND('',#417,.T.);
#233=FACE_OUTER_BOUND('',#418,.T.);
#234=FACE_OUTER_BOUND('',#419,.T.);
#235=FACE_OUTER_BOUND('',#420,.T.);
#236=FACE_OUTER_BOUND('',#421,.T.);
#237=FACE_OUTER_BOUND('',#422,.T.);
#238=EDGE_LOOP('',(#1876,#1877,#1878,#1879));
#239=EDGE_LOOP('',(#1880,#1881,#1882,#1883));
#240=EDGE_LOOP('',(#1884,#1885,#1886,#1887));
#241=EDGE_LOOP('',(#1888,#1889,#1890,#1891));
#242=EDGE_LOOP('',(#1892,#1893,#1894,#1895));
#243=EDGE_LOOP('',(#1896,#1897,#1898,#1899));
#244=EDGE_LOOP('',(#1900,#1901,#1902,#1903));
#245=EDGE_LOOP('',(#1904,#1905,#1906,#1907));
#246=EDGE_LOOP('',(#1908,#1909,#1910,#1911));
#247=EDGE_LOOP('',(#1912,#1913,#1914,#1915));
#248=EDGE_LOOP('',(#1916,#1917,#1918,#1919,#1920));
#249=EDGE_LOOP('',(#1921,#1922,#1923,#1924));
#250=EDGE_LOOP('',(#1925,#1926,#1927,#1928,#1929,#1930,#1931,#1932,#1933,
#1934,#1935,#1936,#1937,#1938,#1939,#1940));
#251=EDGE_LOOP('',(#1941,#1942,#1943,#1944));
#252=EDGE_LOOP('',(#1945,#1946,#1947,#1948));
#253=EDGE_LOOP('',(#1949,#1950,#1951,#1952));
#254=EDGE_LOOP('',(#1953,#1954,#1955,#1956,#1957,#1958,#1959,#1960,#1961,
#1962,#1963,#1964));
#255=EDGE_LOOP('',(#1965,#1966,#1967,#1968));
#256=EDGE_LOOP('',(#1969,#1970,#1971,#1972,#1973,#1974,#1975,#1976,#1977,
#1978,#1979,#1980,#1981,#1982,#1983,#1984,#1985,#1986,#1987,#1988));
#257=EDGE_LOOP('',(#1989,#1990,#1991,#1992,#1993,#1994,#1995,#1996,#1997,
#1998,#1999,#2000,#2001,#2002,#2003,#2004));
#258=EDGE_LOOP('',(#2005,#2006,#2007,#2008));
#259=EDGE_LOOP('',(#2009,#2010,#2011,#2012));
#260=EDGE_LOOP('',(#2013,#2014,#2015,#2016));
#261=EDGE_LOOP('',(#2017,#2018,#2019,#2020));
#262=EDGE_LOOP('',(#2021,#2022,#2023,#2024));
#263=EDGE_LOOP('',(#2025,#2026,#2027,#2028));
#264=EDGE_LOOP('',(#2029,#2030,#2031,#2032,#2033,#2034,#2035,#2036));
#265=EDGE_LOOP('',(#2037));
#266=EDGE_LOOP('',(#2038));
#267=EDGE_LOOP('',(#2039,#2040,#2041,#2042));
#268=EDGE_LOOP('',(#2043,#2044,#2045,#2046));
#269=EDGE_LOOP('',(#2047,#2048,#2049,#2050,#2051,#2052,#2053,#2054));
#270=EDGE_LOOP('',(#2055));
#271=EDGE_LOOP('',(#2056));
#272=EDGE_LOOP('',(#2057,#2058,#2059,#2060));
#273=EDGE_LOOP('',(#2061,#2062,#2063,#2064));
#274=EDGE_LOOP('',(#2065,#2066,#2067,#2068));
#275=EDGE_LOOP('',(#2069,#2070,#2071));
#276=EDGE_LOOP('',(#2072));
#277=EDGE_LOOP('',(#2073,#2074,#2075,#2076));
#278=EDGE_LOOP('',(#2077,#2078,#2079));
#279=EDGE_LOOP('',(#2080));
#280=EDGE_LOOP('',(#2081,#2082,#2083,#2084));
#281=EDGE_LOOP('',(#2085,#2086,#2087));
#282=EDGE_LOOP('',(#2088));
#283=EDGE_LOOP('',(#2089,#2090,#2091,#2092));
#284=EDGE_LOOP('',(#2093,#2094,#2095));
#285=EDGE_LOOP('',(#2096));
#286=EDGE_LOOP('',(#2097,#2098,#2099,#2100,#2101,#2102,#2103,#2104,#2105,
#2106,#2107,#2108));
#287=EDGE_LOOP('',(#2109,#2110,#2111,#2112));
#288=EDGE_LOOP('',(#2113,#2114,#2115,#2116,#2117,#2118,#2119,#2120,#2121,
#2122,#2123,#2124));
#289=EDGE_LOOP('',(#2125,#2126,#2127,#2128,#2129,#2130,#2131,#2132,#2133,
#2134,#2135,#2136,#2137,#2138));
#290=EDGE_LOOP('',(#2139,#2140,#2141,#2142));
#291=EDGE_LOOP('',(#2143,#2144,#2145,#2146));
#292=EDGE_LOOP('',(#2147,#2148,#2149,#2150));
#293=EDGE_LOOP('',(#2151,#2152,#2153,#2154));
#294=EDGE_LOOP('',(#2155,#2156,#2157,#2158));
#295=EDGE_LOOP('',(#2159,#2160,#2161,#2162));
#296=EDGE_LOOP('',(#2163));
#297=EDGE_LOOP('',(#2164));
#298=EDGE_LOOP('',(#2165,#2166,#2167,#2168));
#299=EDGE_LOOP('',(#2169,#2170,#2171,#2172));
#300=EDGE_LOOP('',(#2173));
#301=EDGE_LOOP('',(#2174,#2175,#2176,#2177));
#302=EDGE_LOOP('',(#2178,#2179,#2180,#2181));
#303=EDGE_LOOP('',(#2182));
#304=EDGE_LOOP('',(#2183,#2184,#2185,#2186));
#305=EDGE_LOOP('',(#2187,#2188,#2189,#2190));
#306=EDGE_LOOP('',(#2191,#2192,#2193,#2194));
#307=EDGE_LOOP('',(#2195,#2196,#2197,#2198));
#308=EDGE_LOOP('',(#2199,#2200,#2201,#2202));
#309=EDGE_LOOP('',(#2203,#2204,#2205,#2206));
#310=EDGE_LOOP('',(#2207,#2208,#2209,#2210));
#311=EDGE_LOOP('',(#2211,#2212,#2213,#2214));
#312=EDGE_LOOP('',(#2215,#2216,#2217,#2218));
#313=EDGE_LOOP('',(#2219,#2220,#2221,#2222));
#314=EDGE_LOOP('',(#2223,#2224,#2225,#2226));
#315=EDGE_LOOP('',(#2227,#2228,#2229,#2230));
#316=EDGE_LOOP('',(#2231,#2232,#2233,#2234));
#317=EDGE_LOOP('',(#2235,#2236,#2237,#2238));
#318=EDGE_LOOP('',(#2239,#2240,#2241,#2242));
#319=EDGE_LOOP('',(#2243,#2244,#2245,#2246));
#320=EDGE_LOOP('',(#2247,#2248,#2249,#2250));
#321=EDGE_LOOP('',(#2251,#2252,#2253,#2254,#2255,#2256,#2257,#2258));
#322=EDGE_LOOP('',(#2259,#2260,#2261,#2262));
#323=EDGE_LOOP('',(#2263,#2264,#2265,#2266));
#324=EDGE_LOOP('',(#2267,#2268,#2269,#2270));
#325=EDGE_LOOP('',(#2271,#2272,#2273,#2274));
#326=EDGE_LOOP('',(#2275,#2276,#2277,#2278));
#327=EDGE_LOOP('',(#2279,#2280,#2281,#2282));
#328=EDGE_LOOP('',(#2283,#2284,#2285,#2286));
#329=EDGE_LOOP('',(#2287,#2288,#2289,#2290));
#330=EDGE_LOOP('',(#2291,#2292,#2293,#2294));
#331=EDGE_LOOP('',(#2295,#2296,#2297,#2298));
#332=EDGE_LOOP('',(#2299,#2300,#2301,#2302));
#333=EDGE_LOOP('',(#2303,#2304,#2305,#2306));
#334=EDGE_LOOP('',(#2307,#2308,#2309,#2310));
#335=EDGE_LOOP('',(#2311,#2312,#2313,#2314));
#336=EDGE_LOOP('',(#2315,#2316,#2317,#2318));
#337=EDGE_LOOP('',(#2319,#2320,#2321,#2322));
#338=EDGE_LOOP('',(#2323,#2324,#2325,#2326));
#339=EDGE_LOOP('',(#2327,#2328,#2329,#2330));
#340=EDGE_LOOP('',(#2331,#2332,#2333,#2334));
#341=EDGE_LOOP('',(#2335,#2336,#2337,#2338));
#342=EDGE_LOOP('',(#2339,#2340,#2341,#2342));
#343=EDGE_LOOP('',(#2343,#2344,#2345,#2346));
#344=EDGE_LOOP('',(#2347,#2348,#2349,#2350));
#345=EDGE_LOOP('',(#2351,#2352,#2353,#2354));
#346=EDGE_LOOP('',(#2355,#2356,#2357,#2358));
#347=EDGE_LOOP('',(#2359,#2360,#2361,#2362,#2363,#2364,#2365,#2366,#2367,
#2368,#2369,#2370,#2371,#2372,#2373,#2374,#2375,#2376,#2377,#2378,#2379,
#2380));
#348=EDGE_LOOP('',(#2381,#2382,#2383,#2384));
#349=EDGE_LOOP('',(#2385,#2386,#2387,#2388));
#350=EDGE_LOOP('',(#2389,#2390,#2391,#2392));
#351=EDGE_LOOP('',(#2393,#2394,#2395,#2396));
#352=EDGE_LOOP('',(#2397,#2398,#2399,#2400));
#353=EDGE_LOOP('',(#2401,#2402,#2403,#2404));
#354=EDGE_LOOP('',(#2405,#2406,#2407,#2408));
#355=EDGE_LOOP('',(#2409,#2410,#2411,#2412));
#356=EDGE_LOOP('',(#2413,#2414,#2415,#2416));
#357=EDGE_LOOP('',(#2417,#2418,#2419,#2420));
#358=EDGE_LOOP('',(#2421,#2422,#2423,#2424));
#359=EDGE_LOOP('',(#2425,#2426,#2427,#2428));
#360=EDGE_LOOP('',(#2429,#2430,#2431,#2432));
#361=EDGE_LOOP('',(#2433,#2434,#2435,#2436));
#362=EDGE_LOOP('',(#2437,#2438,#2439,#2440));
#363=EDGE_LOOP('',(#2441,#2442,#2443,#2444));
#364=EDGE_LOOP('',(#2445,#2446,#2447,#2448));
#365=EDGE_LOOP('',(#2449,#2450,#2451,#2452));
#366=EDGE_LOOP('',(#2453,#2454,#2455,#2456));
#367=EDGE_LOOP('',(#2457,#2458,#2459,#2460));
#368=EDGE_LOOP('',(#2461,#2462,#2463,#2464));
#369=EDGE_LOOP('',(#2465,#2466,#2467,#2468));
#370=EDGE_LOOP('',(#2469,#2470,#2471,#2472));
#371=EDGE_LOOP('',(#2473,#2474,#2475,#2476));
#372=EDGE_LOOP('',(#2477,#2478,#2479,#2480));
#373=EDGE_LOOP('',(#2481,#2482,#2483,#2484));
#374=EDGE_LOOP('',(#2485,#2486,#2487,#2488));
#375=EDGE_LOOP('',(#2489,#2490,#2491,#2492));
#376=EDGE_LOOP('',(#2493,#2494,#2495,#2496));
#377=EDGE_LOOP('',(#2497,#2498,#2499,#2500));
#378=EDGE_LOOP('',(#2501,#2502,#2503,#2504));
#379=EDGE_LOOP('',(#2505,#2506,#2507,#2508));
#380=EDGE_LOOP('',(#2509,#2510,#2511,#2512));
#381=EDGE_LOOP('',(#2513,#2514,#2515,#2516));
#382=EDGE_LOOP('',(#2517,#2518,#2519,#2520));
#383=EDGE_LOOP('',(#2521,#2522,#2523,#2524));
#384=EDGE_LOOP('',(#2525,#2526,#2527,#2528));
#385=EDGE_LOOP('',(#2529,#2530,#2531,#2532));
#386=EDGE_LOOP('',(#2533,#2534,#2535,#2536));
#387=EDGE_LOOP('',(#2537,#2538,#2539,#2540));
#388=EDGE_LOOP('',(#2541,#2542,#2543,#2544));
#389=EDGE_LOOP('',(#2545,#2546,#2547,#2548));
#390=EDGE_LOOP('',(#2549,#2550,#2551,#2552));
#391=EDGE_LOOP('',(#2553,#2554,#2555,#2556));
#392=EDGE_LOOP('',(#2557,#2558,#2559,#2560));
#393=EDGE_LOOP('',(#2561,#2562,#2563,#2564));
#394=EDGE_LOOP('',(#2565,#2566,#2567,#2568));
#395=EDGE_LOOP('',(#2569,#2570,#2571,#2572));
#396=EDGE_LOOP('',(#2573,#2574,#2575,#2576));
#397=EDGE_LOOP('',(#2577,#2578,#2579,#2580));
#398=EDGE_LOOP('',(#2581,#2582,#2583,#2584));
#399=EDGE_LOOP('',(#2585,#2586,#2587,#2588));
#400=EDGE_LOOP('',(#2589,#2590,#2591,#2592));
#401=EDGE_LOOP('',(#2593,#2594,#2595,#2596));
#402=EDGE_LOOP('',(#2597,#2598,#2599,#2600));
#403=EDGE_LOOP('',(#2601,#2602,#2603,#2604));
#404=EDGE_LOOP('',(#2605,#2606,#2607,#2608,#2609,#2610,#2611,#2612,#2613,
#2614,#2615,#2616));
#405=EDGE_LOOP('',(#2617,#2618,#2619,#2620));
#406=EDGE_LOOP('',(#2621,#2622,#2623,#2624));
#407=EDGE_LOOP('',(#2625,#2626,#2627,#2628,#2629,#2630,#2631,#2632));
#408=EDGE_LOOP('',(#2633,#2634,#2635,#2636));
#409=EDGE_LOOP('',(#2637,#2638,#2639,#2640));
#410=EDGE_LOOP('',(#2641,#2642,#2643,#2644));
#411=EDGE_LOOP('',(#2645,#2646,#2647,#2648));
#412=EDGE_LOOP('',(#2649,#2650,#2651,#2652,#2653));
#413=EDGE_LOOP('',(#2654,#2655,#2656,#2657,#2658,#2659,#2660,#2661));
#414=EDGE_LOOP('',(#2662));
#415=EDGE_LOOP('',(#2663));
#416=EDGE_LOOP('',(#2664,#2665,#2666,#2667));
#417=EDGE_LOOP('',(#2668,#2669,#2670,#2671));
#418=EDGE_LOOP('',(#2672,#2673,#2674,#2675));
#419=EDGE_LOOP('',(#2676,#2677,#2678,#2679));
#420=EDGE_LOOP('',(#2680,#2681,#2682,#2683));
#421=EDGE_LOOP('',(#2684,#2685,#2686,#2687));
#422=EDGE_LOOP('',(#2688,#2689,#2690,#2691,#2692,#2693,#2694,#2695));
#423=EDGE_LOOP('',(#2696));
#424=EDGE_LOOP('',(#2697));
#425=LINE('',#3873,#812);
#426=LINE('',#3875,#813);
#427=LINE('',#3877,#814);
#428=LINE('',#3878,#815);
#429=LINE('',#3881,#816);
#430=LINE('',#3883,#817);
#431=LINE('',#3884,#818);
#432=LINE('',#3887,#819);
#433=LINE('',#3889,#820);
#434=LINE('',#3890,#821);
#435=LINE('',#3893,#822);
#436=LINE('',#3895,#823);
#437=LINE('',#3896,#824);
#438=LINE('',#3899,#825);
#439=LINE('',#3901,#826);
#440=LINE('',#3902,#827);
#441=LINE('',#3906,#828);
#442=LINE('',#3908,#829);
#443=LINE('',#3910,#830);
#444=LINE('',#3911,#831);
#445=LINE('',#3915,#832);
#446=LINE('',#3917,#833);
#447=LINE('',#3919,#834);
#448=LINE('',#3920,#835);
#449=LINE('',#3924,#836);
#450=LINE('',#3926,#837);
#451=LINE('',#3928,#838);
#452=LINE('',#3929,#839);
#453=LINE('',#3931,#840);
#454=LINE('',#3932,#841);
#455=LINE('',#3935,#842);
#456=LINE('',#3937,#843);
#457=LINE('',#3938,#844);
#458=LINE('',#3941,#845);
#459=LINE('',#3943,#846);
#460=LINE('',#3944,#847);
#461=LINE('',#3948,#848);
#462=LINE('',#3950,#849);
#463=LINE('',#3952,#850);
#464=LINE('',#3953,#851);
#465=LINE('',#3956,#852);
#466=LINE('',#3958,#853);
#467=LINE('',#3960,#854);
#468=LINE('',#3962,#855);
#469=LINE('',#3964,#856);
#470=LINE('',#3966,#857);
#471=LINE('',#3968,#858);
#472=LINE('',#3970,#859);
#473=LINE('',#3972,#860);
#474=LINE('',#3974,#861);
#475=LINE('',#3976,#862);
#476=LINE('',#3978,#863);
#477=LINE('',#3980,#864);
#478=LINE('',#3982,#865);
#479=LINE('',#3983,#866);
#480=LINE('',#3986,#867);
#481=LINE('',#3988,#868);
#482=LINE('',#3989,#869);
#483=LINE('',#3992,#870);
#484=LINE('',#3993,#871);
#485=LINE('',#3995,#872);
#486=LINE('',#3998,#873);
#487=LINE('',#4000,#874);
#488=LINE('',#4002,#875);
#489=LINE('',#4004,#876);
#490=LINE('',#4006,#877);
#491=LINE('',#4008,#878);
#492=LINE('',#4010,#879);
#493=LINE('',#4011,#880);
#494=LINE('',#4013,#881);
#495=LINE('',#4016,#882);
#496=LINE('',#4018,#883);
#497=LINE('',#4020,#884);
#498=LINE('',#4022,#885);
#499=LINE('',#4024,#886);
#500=LINE('',#4025,#887);
#501=LINE('',#4027,#888);
#502=LINE('',#4028,#889);
#503=LINE('',#4030,#890);
#504=LINE('',#4032,#891);
#505=LINE('',#4033,#892);
#506=LINE('',#4036,#893);
#507=LINE('',#4038,#894);
#508=LINE('',#4040,#895);
#509=LINE('',#4042,#896);
#510=LINE('',#4043,#897);
#511=LINE('',#4045,#898);
#512=LINE('',#4047,#899);
#513=LINE('',#4049,#900);
#514=LINE('',#4050,#901);
#515=LINE('',#4054,#902);
#516=LINE('',#4055,#903);
#517=LINE('',#4056,#904);
#518=LINE('',#4060,#905);
#519=LINE('',#4061,#906);
#520=LINE('',#4062,#907);
#521=LINE('',#4066,#908);
#522=LINE('',#4068,#909);
#523=LINE('',#4070,#910);
#524=LINE('',#4071,#911);
#525=LINE('',#4075,#912);
#526=LINE('',#4077,#913);
#527=LINE('',#4079,#914);
#528=LINE('',#4080,#915);
#529=LINE('',#4084,#916);
#530=LINE('',#4086,#917);
#531=LINE('',#4088,#918);
#532=LINE('',#4089,#919);
#533=LINE('',#4091,#920);
#534=LINE('',#4092,#921);
#535=LINE('',#4095,#922);
#536=LINE('',#4097,#923);
#537=LINE('',#4099,#924);
#538=LINE('',#4100,#925);
#539=LINE('',#4102,#926);
#540=LINE('',#4103,#927);
#541=LINE('',#4109,#928);
#542=LINE('',#4111,#929);
#543=LINE('',#4113,#930);
#544=LINE('',#4115,#931);
#545=LINE('',#4117,#932);
#546=LINE('',#4118,#933);
#547=LINE('',#4124,#934);
#548=LINE('',#4126,#935);
#549=LINE('',#4132,#936);
#550=LINE('',#4135,#937);
#551=LINE('',#4138,#938);
#552=LINE('',#4139,#939);
#553=LINE('',#4147,#940);
#554=LINE('',#4149,#941);
#555=LINE('',#4156,#942);
#556=LINE('',#4159,#943);
#557=LINE('',#4169,#944);
#558=LINE('',#4170,#945);
#559=LINE('',#4172,#946);
#560=LINE('',#4174,#947);
#561=LINE('',#4175,#948);
#562=LINE('',#4177,#949);
#563=LINE('',#4178,#950);
#564=LINE('',#4181,#951);
#565=LINE('',#4182,#952);
#566=LINE('',#4185,#953);
#567=LINE('',#4187,#954);
#568=LINE('',#4189,#955);
#569=LINE('',#4190,#956);
#570=LINE('',#4193,#957);
#571=LINE('',#4195,#958);
#572=LINE('',#4197,#959);
#573=LINE('',#4198,#960);
#574=LINE('',#4201,#961);
#575=LINE('',#4203,#962);
#576=LINE('',#4205,#963);
#577=LINE('',#4206,#964);
#578=LINE('',#4209,#965);
#579=LINE('',#4211,#966);
#580=LINE('',#4213,#967);
#581=LINE('',#4214,#968);
#582=LINE('',#4217,#969);
#583=LINE('',#4219,#970);
#584=LINE('',#4221,#971);
#585=LINE('',#4222,#972);
#586=LINE('',#4225,#973);
#587=LINE('',#4227,#974);
#588=LINE('',#4229,#975);
#589=LINE('',#4230,#976);
#590=LINE('',#4237,#977);
#591=LINE('',#4239,#978);
#592=LINE('',#4241,#979);
#593=LINE('',#4242,#980);
#594=LINE('',#4245,#981);
#595=LINE('',#4247,#982);
#596=LINE('',#4249,#983);
#597=LINE('',#4250,#984);
#598=LINE('',#4255,#985);
#599=LINE('',#4257,#986);
#600=LINE('',#4259,#987);
#601=LINE('',#4260,#988);
#602=LINE('',#4263,#989);
#603=LINE('',#4265,#990);
#604=LINE('',#4267,#991);
#605=LINE('',#4268,#992);
#606=LINE('',#4273,#993);
#607=LINE('',#4275,#994);
#608=LINE('',#4277,#995);
#609=LINE('',#4278,#996);
#610=LINE('',#4281,#997);
#611=LINE('',#4283,#998);
#612=LINE('',#4285,#999);
#613=LINE('',#4286,#1000);
#614=LINE('',#4289,#1001);
#615=LINE('',#4291,#1002);
#616=LINE('',#4293,#1003);
#617=LINE('',#4294,#1004);
#618=LINE('',#4296,#1005);
#619=LINE('',#4298,#1006);
#620=LINE('',#4302,#1007);
#621=LINE('',#4306,#1008);
#622=LINE('',#4310,#1009);
#623=LINE('',#4312,#1010);
#624=LINE('',#4314,#1011);
#625=LINE('',#4315,#1012);
#626=LINE('',#4318,#1013);
#627=LINE('',#4320,#1014);
#628=LINE('',#4321,#1015);
#629=LINE('',#4324,#1016);
#630=LINE('',#4326,#1017);
#631=LINE('',#4327,#1018);
#632=LINE('',#4329,#1019);
#633=LINE('',#4330,#1020);
#634=LINE('',#4334,#1021);
#635=LINE('',#4336,#1022);
#636=LINE('',#4338,#1023);
#637=LINE('',#4339,#1024);
#638=LINE('',#4343,#1025);
#639=LINE('',#4344,#1026);
#640=LINE('',#4345,#1027);
#641=LINE('',#4348,#1028);
#642=LINE('',#4349,#1029);
#643=LINE('',#4352,#1030);
#644=LINE('',#4353,#1031);
#645=LINE('',#4355,#1032);
#646=LINE('',#4358,#1033);
#647=LINE('',#4360,#1034);
#648=LINE('',#4361,#1035);
#649=LINE('',#4363,#1036);
#650=LINE('',#4364,#1037);
#651=LINE('',#4367,#1038);
#652=LINE('',#4368,#1039);
#653=LINE('',#4372,#1040);
#654=LINE('',#4373,#1041);
#655=LINE('',#4374,#1042);
#656=LINE('',#4377,#1043);
#657=LINE('',#4378,#1044);
#658=LINE('',#4381,#1045);
#659=LINE('',#4382,#1046);
#660=LINE('',#4384,#1047);
#661=LINE('',#4386,#1048);
#662=LINE('',#4387,#1049);
#663=LINE('',#4389,#1050);
#664=LINE('',#4392,#1051);
#665=LINE('',#4394,#1052);
#666=LINE('',#4395,#1053);
#667=LINE('',#4398,#1054);
#668=LINE('',#4399,#1055);
#669=LINE('',#4402,#1056);
#670=LINE('',#4403,#1057);
#671=LINE('',#4405,#1058);
#672=LINE('',#4408,#1059);
#673=LINE('',#4410,#1060);
#674=LINE('',#4411,#1061);
#675=LINE('',#4414,#1062);
#676=LINE('',#4415,#1063);
#677=LINE('',#4419,#1064);
#678=LINE('',#4420,#1065);
#679=LINE('',#4421,#1066);
#680=LINE('',#4424,#1067);
#681=LINE('',#4425,#1068);
#682=LINE('',#4428,#1069);
#683=LINE('',#4429,#1070);
#684=LINE('',#4431,#1071);
#685=LINE('',#4434,#1072);
#686=LINE('',#4436,#1073);
#687=LINE('',#4437,#1074);
#688=LINE('',#4440,#1075);
#689=LINE('',#4441,#1076);
#690=LINE('',#4444,#1077);
#691=LINE('',#4446,#1078);
#692=LINE('',#4447,#1079);
#693=LINE('',#4450,#1080);
#694=LINE('',#4451,#1081);
#695=LINE('',#4454,#1082);
#696=LINE('',#4455,#1083);
#697=LINE('',#4457,#1084);
#698=LINE('',#4460,#1085);
#699=LINE('',#4462,#1086);
#700=LINE('',#4463,#1087);
#701=LINE('',#4466,#1088);
#702=LINE('',#4467,#1089);
#703=LINE('',#4470,#1090);
#704=LINE('',#4472,#1091);
#705=LINE('',#4473,#1092);
#706=LINE('',#4475,#1093);
#707=LINE('',#4476,#1094);
#708=LINE('',#4478,#1095);
#709=LINE('',#4479,#1096);
#710=LINE('',#4480,#1097);
#711=LINE('',#4482,#1098);
#712=LINE('',#4484,#1099);
#713=LINE('',#4486,#1100);
#714=LINE('',#4488,#1101);
#715=LINE('',#4490,#1102);
#716=LINE('',#4492,#1103);
#717=LINE('',#4493,#1104);
#718=LINE('',#4496,#1105);
#719=LINE('',#4498,#1106);
#720=LINE('',#4500,#1107);
#721=LINE('',#4501,#1108);
#722=LINE('',#4504,#1109);
#723=LINE('',#4506,#1110);
#724=LINE('',#4508,#1111);
#725=LINE('',#4509,#1112);
#726=LINE('',#4512,#1113);
#727=LINE('',#4514,#1114);
#728=LINE('',#4516,#1115);
#729=LINE('',#4517,#1116);
#730=LINE('',#4519,#1117);
#731=LINE('',#4520,#1118);
#732=LINE('',#4523,#1119);
#733=LINE('',#4525,#1120);
#734=LINE('',#4527,#1121);
#735=LINE('',#4528,#1122);
#736=LINE('',#4530,#1123);
#737=LINE('',#4531,#1124);
#738=LINE('',#4534,#1125);
#739=LINE('',#4536,#1126);
#740=LINE('',#4538,#1127);
#741=LINE('',#4539,#1128);
#742=LINE('',#4542,#1129);
#743=LINE('',#4544,#1130);
#744=LINE('',#4546,#1131);
#745=LINE('',#4547,#1132);
#746=LINE('',#4549,#1133);
#747=LINE('',#4550,#1134);
#748=LINE('',#4553,#1135);
#749=LINE('',#4555,#1136);
#750=LINE('',#4557,#1137);
#751=LINE('',#4558,#1138);
#752=LINE('',#4561,#1139);
#753=LINE('',#4563,#1140);
#754=LINE('',#4565,#1141);
#755=LINE('',#4566,#1142);
#756=LINE('',#4568,#1143);
#757=LINE('',#4569,#1144);
#758=LINE('',#4571,#1145);
#759=LINE('',#4573,#1146);
#760=LINE('',#4574,#1147);
#761=LINE('',#4576,#1148);
#762=LINE('',#4578,#1149);
#763=LINE('',#4580,#1150);
#764=LINE('',#4581,#1151);
#765=LINE('',#4583,#1152);
#766=LINE('',#4585,#1153);
#767=LINE('',#4586,#1154);
#768=LINE('',#4588,#1155);
#769=LINE('',#4590,#1156);
#770=LINE('',#4592,#1157);
#771=LINE('',#4593,#1158);
#772=LINE('',#4595,#1159);
#773=LINE('',#4597,#1160);
#774=LINE('',#4599,#1161);
#775=LINE('',#4601,#1162);
#776=LINE('',#4602,#1163);
#777=LINE('',#4604,#1164);
#778=LINE('',#4606,#1165);
#779=LINE('',#4607,#1166);
#780=LINE('',#4609,#1167);
#781=LINE('',#4611,#1168);
#782=LINE('',#4612,#1169);
#783=LINE('',#4614,#1170);
#784=LINE('',#4616,#1171);
#785=LINE('',#4618,#1172);
#786=LINE('',#4621,#1173);
#787=LINE('',#4625,#1174);
#788=LINE('',#4628,#1175);
#789=LINE('',#4632,#1176);
#790=LINE('',#4637,#1177);
#791=LINE('',#4640,#1178);
#792=LINE('',#4643,#1179);
#793=LINE('',#4647,#1180);
#794=LINE('',#4649,#1181);
#795=LINE('',#4651,#1182);
#796=LINE('',#4652,#1183);
#797=LINE('',#4653,#1184);
#798=LINE('',#4655,#1185);
#799=LINE('',#4657,#1186);
#800=LINE('',#4660,#1187);
#801=LINE('',#4661,#1188);
#802=LINE('',#4663,#1189);
#803=LINE('',#4666,#1190);
#804=LINE('',#4670,#1191);
#805=LINE('',#4671,#1192);
#806=LINE('',#4673,#1193);
#807=LINE('',#4680,#1194);
#808=LINE('',#4683,#1195);
#809=LINE('',#4686,#1196);
#810=LINE('',#4687,#1197);
#811=LINE('',#4689,#1198);
#812=VECTOR('',#3148,10.);
#813=VECTOR('',#3149,10.);
#814=VECTOR('',#3150,10.);
#815=VECTOR('',#3151,10.);
#816=VECTOR('',#3154,10.);
#817=VECTOR('',#3155,10.);
#818=VECTOR('',#3156,10.);
#819=VECTOR('',#3159,10.);
#820=VECTOR('',#3160,10.);
#821=VECTOR('',#3161,10.);
#822=VECTOR('',#3164,10.);
#823=VECTOR('',#3165,10.);
#824=VECTOR('',#3166,10.);
#825=VECTOR('',#3169,10.);
#826=VECTOR('',#3170,10.);
#827=VECTOR('',#3171,10.);
#828=VECTOR('',#3174,10.);
#829=VECTOR('',#3175,10.);
#830=VECTOR('',#3176,10.);
#831=VECTOR('',#3177,10.);
#832=VECTOR('',#3180,10.);
#833=VECTOR('',#3181,10.);
#834=VECTOR('',#3182,10.);
#835=VECTOR('',#3183,10.);
#836=VECTOR('',#3186,10.);
#837=VECTOR('',#3187,10.);
#838=VECTOR('',#3188,10.);
#839=VECTOR('',#3189,10.);
#840=VECTOR('',#3192,10.);
#841=VECTOR('',#3193,10.);
#842=VECTOR('',#3196,10.);
#843=VECTOR('',#3197,10.);
#844=VECTOR('',#3198,10.);
#845=VECTOR('',#3201,10.);
#846=VECTOR('',#3202,10.);
#847=VECTOR('',#3203,10.);
#848=VECTOR('',#3206,10.);
#849=VECTOR('',#3207,10.);
#850=VECTOR('',#3208,10.);
#851=VECTOR('',#3209,10.);
#852=VECTOR('',#3212,10.);
#853=VECTOR('',#3213,10.);
#854=VECTOR('',#3214,10.);
#855=VECTOR('',#3215,10.);
#856=VECTOR('',#3216,10.);
#857=VECTOR('',#3217,10.);
#858=VECTOR('',#3218,10.);
#859=VECTOR('',#3219,10.);
#860=VECTOR('',#3220,10.);
#861=VECTOR('',#3221,10.);
#862=VECTOR('',#3222,10.);
#863=VECTOR('',#3223,10.);
#864=VECTOR('',#3224,10.);
#865=VECTOR('',#3225,10.);
#866=VECTOR('',#3226,10.);
#867=VECTOR('',#3229,10.);
#868=VECTOR('',#3230,10.);
#869=VECTOR('',#3231,10.);
#870=VECTOR('',#3234,10.);
#871=VECTOR('',#3235,10.);
#872=VECTOR('',#3238,10.);
#873=VECTOR('',#3241,10.);
#874=VECTOR('',#3242,10.);
#875=VECTOR('',#3243,10.);
#876=VECTOR('',#3244,10.);
#877=VECTOR('',#3245,10.);
#878=VECTOR('',#3246,10.);
#879=VECTOR('',#3247,10.);
#880=VECTOR('',#3248,10.);
#881=VECTOR('',#3251,10.);
#882=VECTOR('',#3254,10.);
#883=VECTOR('',#3255,10.);
#884=VECTOR('',#3256,10.);
#885=VECTOR('',#3257,10.);
#886=VECTOR('',#3258,10.);
#887=VECTOR('',#3259,10.);
#888=VECTOR('',#3260,10.);
#889=VECTOR('',#3261,10.);
#890=VECTOR('',#3262,10.);
#891=VECTOR('',#3263,10.);
#892=VECTOR('',#3264,10.);
#893=VECTOR('',#3267,10.);
#894=VECTOR('',#3268,10.);
#895=VECTOR('',#3269,10.);
#896=VECTOR('',#3270,10.);
#897=VECTOR('',#3271,10.);
#898=VECTOR('',#3272,10.);
#899=VECTOR('',#3273,10.);
#900=VECTOR('',#3274,10.);
#901=VECTOR('',#3275,10.);
#902=VECTOR('',#3278,10.);
#903=VECTOR('',#3279,10.);
#904=VECTOR('',#3280,10.);
#905=VECTOR('',#3283,10.);
#906=VECTOR('',#3284,10.);
#907=VECTOR('',#3285,10.);
#908=VECTOR('',#3288,10.);
#909=VECTOR('',#3289,10.);
#910=VECTOR('',#3290,10.);
#911=VECTOR('',#3291,10.);
#912=VECTOR('',#3294,10.);
#913=VECTOR('',#3295,10.);
#914=VECTOR('',#3296,10.);
#915=VECTOR('',#3297,10.);
#916=VECTOR('',#3300,10.);
#917=VECTOR('',#3301,10.);
#918=VECTOR('',#3302,10.);
#919=VECTOR('',#3303,10.);
#920=VECTOR('',#3306,10.);
#921=VECTOR('',#3307,10.);
#922=VECTOR('',#3310,10.);
#923=VECTOR('',#3311,10.);
#924=VECTOR('',#3312,10.);
#925=VECTOR('',#3313,10.);
#926=VECTOR('',#3314,10.);
#927=VECTOR('',#3315,10.);
#928=VECTOR('',#3322,10.);
#929=VECTOR('',#3325,10.);
#930=VECTOR('',#3328,10.);
#931=VECTOR('',#3329,10.);
#932=VECTOR('',#3330,10.);
#933=VECTOR('',#3331,10.);
#934=VECTOR('',#3338,10.);
#935=VECTOR('',#3341,10.);
#936=VECTOR('',#3346,10.);
#937=VECTOR('',#3349,10.);
#938=VECTOR('',#3352,10.);
#939=VECTOR('',#3353,10.);
#940=VECTOR('',#3362,10.);
#941=VECTOR('',#3365,10.);
#942=VECTOR('',#3372,10.);
#943=VECTOR('',#3377,10.);
#944=VECTOR('',#3392,10.);
#945=VECTOR('',#3393,10.);
#946=VECTOR('',#3394,10.);
#947=VECTOR('',#3395,10.);
#948=VECTOR('',#3396,10.);
#949=VECTOR('',#3399,10.);
#950=VECTOR('',#3400,10.);
#951=VECTOR('',#3403,10.);
#952=VECTOR('',#3404,10.);
#953=VECTOR('',#3405,10.);
#954=VECTOR('',#3406,10.);
#955=VECTOR('',#3407,10.);
#956=VECTOR('',#3408,10.);
#957=VECTOR('',#3409,10.);
#958=VECTOR('',#3410,10.);
#959=VECTOR('',#3411,10.);
#960=VECTOR('',#3412,10.);
#961=VECTOR('',#3413,10.);
#962=VECTOR('',#3414,10.);
#963=VECTOR('',#3415,10.);
#964=VECTOR('',#3416,10.);
#965=VECTOR('',#3417,10.);
#966=VECTOR('',#3418,10.);
#967=VECTOR('',#3419,10.);
#968=VECTOR('',#3420,10.);
#969=VECTOR('',#3421,10.);
#970=VECTOR('',#3422,10.);
#971=VECTOR('',#3423,10.);
#972=VECTOR('',#3424,10.);
#973=VECTOR('',#3425,10.);
#974=VECTOR('',#3426,10.);
#975=VECTOR('',#3427,10.);
#976=VECTOR('',#3428,10.);
#977=VECTOR('',#3433,10.);
#978=VECTOR('',#3434,10.);
#979=VECTOR('',#3435,10.);
#980=VECTOR('',#3436,10.);
#981=VECTOR('',#3437,10.);
#982=VECTOR('',#3438,10.);
#983=VECTOR('',#3439,10.);
#984=VECTOR('',#3440,10.);
#985=VECTOR('',#3443,10.);
#986=VECTOR('',#3444,10.);
#987=VECTOR('',#3445,10.);
#988=VECTOR('',#3446,10.);
#989=VECTOR('',#3447,10.);
#990=VECTOR('',#3448,10.);
#991=VECTOR('',#3449,10.);
#992=VECTOR('',#3450,10.);
#993=VECTOR('',#3453,10.);
#994=VECTOR('',#3454,10.);
#995=VECTOR('',#3455,10.);
#996=VECTOR('',#3456,10.);
#997=VECTOR('',#3457,10.);
#998=VECTOR('',#3458,10.);
#999=VECTOR('',#3459,10.);
#1000=VECTOR('',#3460,10.);
#1001=VECTOR('',#3461,10.);
#1002=VECTOR('',#3462,10.);
#1003=VECTOR('',#3463,10.);
#1004=VECTOR('',#3464,10.);
#1005=VECTOR('',#3467,1.);
#1006=VECTOR('',#3470,1.);
#1007=VECTOR('',#3475,1.);
#1008=VECTOR('',#3480,1.);
#1009=VECTOR('',#3483,10.);
#1010=VECTOR('',#3484,10.);
#1011=VECTOR('',#3485,10.);
#1012=VECTOR('',#3486,10.);
#1013=VECTOR('',#3489,10.);
#1014=VECTOR('',#3490,10.);
#1015=VECTOR('',#3491,10.);
#1016=VECTOR('',#3494,10.);
#1017=VECTOR('',#3495,10.);
#1018=VECTOR('',#3496,10.);
#1019=VECTOR('',#3499,10.);
#1020=VECTOR('',#3500,10.);
#1021=VECTOR('',#3503,10.);
#1022=VECTOR('',#3504,10.);
#1023=VECTOR('',#3505,10.);
#1024=VECTOR('',#3506,10.);
#1025=VECTOR('',#3509,10.);
#1026=VECTOR('',#3510,10.);
#1027=VECTOR('',#3511,10.);
#1028=VECTOR('',#3514,10.);
#1029=VECTOR('',#3515,10.);
#1030=VECTOR('',#3518,10.);
#1031=VECTOR('',#3519,10.);
#1032=VECTOR('',#3522,10.);
#1033=VECTOR('',#3525,10.);
#1034=VECTOR('',#3526,10.);
#1035=VECTOR('',#3527,10.);
#1036=VECTOR('',#3528,10.);
#1037=VECTOR('',#3529,10.);
#1038=VECTOR('',#3532,10.);
#1039=VECTOR('',#3533,10.);
#1040=VECTOR('',#3536,10.);
#1041=VECTOR('',#3537,10.);
#1042=VECTOR('',#3538,10.);
#1043=VECTOR('',#3541,10.);
#1044=VECTOR('',#3542,10.);
#1045=VECTOR('',#3545,10.);
#1046=VECTOR('',#3546,10.);
#1047=VECTOR('',#3549,10.);
#1048=VECTOR('',#3552,10.);
#1049=VECTOR('',#3553,10.);
#1050=VECTOR('',#3556,10.);
#1051=VECTOR('',#3559,10.);
#1052=VECTOR('',#3560,10.);
#1053=VECTOR('',#3561,10.);
#1054=VECTOR('',#3564,10.);
#1055=VECTOR('',#3565,10.);
#1056=VECTOR('',#3568,10.);
#1057=VECTOR('',#3569,10.);
#1058=VECTOR('',#3572,10.);
#1059=VECTOR('',#3575,10.);
#1060=VECTOR('',#3576,10.);
#1061=VECTOR('',#3577,10.);
#1062=VECTOR('',#3580,10.);
#1063=VECTOR('',#3581,10.);
#1064=VECTOR('',#3584,10.);
#1065=VECTOR('',#3585,10.);
#1066=VECTOR('',#3586,10.);
#1067=VECTOR('',#3589,10.);
#1068=VECTOR('',#3590,10.);
#1069=VECTOR('',#3593,10.);
#1070=VECTOR('',#3594,10.);
#1071=VECTOR('',#3597,10.);
#1072=VECTOR('',#3600,10.);
#1073=VECTOR('',#3601,10.);
#1074=VECTOR('',#3602,10.);
#1075=VECTOR('',#3605,10.);
#1076=VECTOR('',#3606,10.);
#1077=VECTOR('',#3609,10.);
#1078=VECTOR('',#3610,10.);
#1079=VECTOR('',#3611,10.);
#1080=VECTOR('',#3614,10.);
#1081=VECTOR('',#3615,10.);
#1082=VECTOR('',#3618,10.);
#1083=VECTOR('',#3619,10.);
#1084=VECTOR('',#3622,10.);
#1085=VECTOR('',#3625,10.);
#1086=VECTOR('',#3626,10.);
#1087=VECTOR('',#3627,10.);
#1088=VECTOR('',#3630,10.);
#1089=VECTOR('',#3631,10.);
#1090=VECTOR('',#3634,10.);
#1091=VECTOR('',#3635,10.);
#1092=VECTOR('',#3636,10.);
#1093=VECTOR('',#3637,10.);
#1094=VECTOR('',#3638,10.);
#1095=VECTOR('',#3639,10.);
#1096=VECTOR('',#3640,10.);
#1097=VECTOR('',#3641,10.);
#1098=VECTOR('',#3642,10.);
#1099=VECTOR('',#3643,10.);
#1100=VECTOR('',#3644,10.);
#1101=VECTOR('',#3645,10.);
#1102=VECTOR('',#3646,10.);
#1103=VECTOR('',#3647,10.);
#1104=VECTOR('',#3648,10.);
#1105=VECTOR('',#3649,10.);
#1106=VECTOR('',#3650,10.);
#1107=VECTOR('',#3651,10.);
#1108=VECTOR('',#3652,10.);
#1109=VECTOR('',#3653,10.);
#1110=VECTOR('',#3654,10.);
#1111=VECTOR('',#3655,10.);
#1112=VECTOR('',#3656,10.);
#1113=VECTOR('',#3657,10.);
#1114=VECTOR('',#3658,10.);
#1115=VECTOR('',#3659,10.);
#1116=VECTOR('',#3660,10.);
#1117=VECTOR('',#3661,10.);
#1118=VECTOR('',#3662,10.);
#1119=VECTOR('',#3663,10.);
#1120=VECTOR('',#3664,10.);
#1121=VECTOR('',#3665,10.);
#1122=VECTOR('',#3666,10.);
#1123=VECTOR('',#3667,10.);
#1124=VECTOR('',#3668,10.);
#1125=VECTOR('',#3669,10.);
#1126=VECTOR('',#3670,10.);
#1127=VECTOR('',#3671,10.);
#1128=VECTOR('',#3672,10.);
#1129=VECTOR('',#3673,10.);
#1130=VECTOR('',#3674,10.);
#1131=VECTOR('',#3675,10.);
#1132=VECTOR('',#3676,10.);
#1133=VECTOR('',#3677,10.);
#1134=VECTOR('',#3678,10.);
#1135=VECTOR('',#3679,10.);
#1136=VECTOR('',#3680,10.);
#1137=VECTOR('',#3681,10.);
#1138=VECTOR('',#3682,10.);
#1139=VECTOR('',#3683,10.);
#1140=VECTOR('',#3684,10.);
#1141=VECTOR('',#3685,10.);
#1142=VECTOR('',#3686,10.);
#1143=VECTOR('',#3689,10.);
#1144=VECTOR('',#3690,10.);
#1145=VECTOR('',#3693,10.);
#1146=VECTOR('',#3696,10.);
#1147=VECTOR('',#3697,10.);
#1148=VECTOR('',#3700,10.);
#1149=VECTOR('',#3703,10.);
#1150=VECTOR('',#3706,10.);
#1151=VECTOR('',#3707,10.);
#1152=VECTOR('',#3710,10.);
#1153=VECTOR('',#3713,10.);
#1154=VECTOR('',#3714,10.);
#1155=VECTOR('',#3717,10.);
#1156=VECTOR('',#3720,10.);
#1157=VECTOR('',#3723,10.);
#1158=VECTOR('',#3724,10.);
#1159=VECTOR('',#3727,10.);
#1160=VECTOR('',#3730,10.);
#1161=VECTOR('',#3733,10.);
#1162=VECTOR('',#3736,10.);
#1163=VECTOR('',#3737,10.);
#1164=VECTOR('',#3740,10.);
#1165=VECTOR('',#3743,10.);
#1166=VECTOR('',#3744,10.);
#1167=VECTOR('',#3747,10.);
#1168=VECTOR('',#3750,10.);
#1169=VECTOR('',#3751,10.);
#1170=VECTOR('',#3754,10.);
#1171=VECTOR('',#3757,10.);
#1172=VECTOR('',#3760,10.);
#1173=VECTOR('',#3765,10.);
#1174=VECTOR('',#3772,10.);
#1175=VECTOR('',#3777,10.);
#1176=VECTOR('',#3784,10.);
#1177=VECTOR('',#3793,10.);
#1178=VECTOR('',#3798,10.);
#1179=VECTOR('',#3803,10.);
#1180=VECTOR('',#3810,10.);
#1181=VECTOR('',#3813,10.);
#1182=VECTOR('',#3816,10.);
#1183=VECTOR('',#3817,10.);
#1184=VECTOR('',#3818,10.);
#1185=VECTOR('',#3821,10.);
#1186=VECTOR('',#3824,10.);
#1187=VECTOR('',#3827,10.);
#1188=VECTOR('',#3828,10.);
#1189=VECTOR('',#3831,2.11);
#1190=VECTOR('',#3834,2.11);
#1191=VECTOR('',#3839,10.);
#1192=VECTOR('',#3840,10.);
#1193=VECTOR('',#3843,10.);
#1194=VECTOR('',#3854,2.11);
#1195=VECTOR('',#3859,2.11);
#1196=VECTOR('',#3862,10.);
#1197=VECTOR('',#3863,10.);
#1198=VECTOR('',#3866,10.);
#1199=VERTEX_POINT('',#3871);
#1200=VERTEX_POINT('',#3872);
#1201=VERTEX_POINT('',#3874);
#1202=VERTEX_POINT('',#3876);
#1203=VERTEX_POINT('',#3880);
#1204=VERTEX_POINT('',#3882);
#1205=VERTEX_POINT('',#3886);
#1206=VERTEX_POINT('',#3888);
#1207=VERTEX_POINT('',#3892);
#1208=VERTEX_POINT('',#3894);
#1209=VERTEX_POINT('',#3898);
#1210=VERTEX_POINT('',#3900);
#1211=VERTEX_POINT('',#3904);
#1212=VERTEX_POINT('',#3905);
#1213=VERTEX_POINT('',#3907);
#1214=VERTEX_POINT('',#3909);
#1215=VERTEX_POINT('',#3913);
#1216=VERTEX_POINT('',#3914);
#1217=VERTEX_POINT('',#3916);
#1218=VERTEX_POINT('',#3918);
#1219=VERTEX_POINT('',#3922);
#1220=VERTEX_POINT('',#3923);
#1221=VERTEX_POINT('',#3925);
#1222=VERTEX_POINT('',#3927);
#1223=VERTEX_POINT('',#3934);
#1224=VERTEX_POINT('',#3936);
#1225=VERTEX_POINT('',#3940);
#1226=VERTEX_POINT('',#3942);
#1227=VERTEX_POINT('',#3946);
#1228=VERTEX_POINT('',#3947);
#1229=VERTEX_POINT('',#3949);
#1230=VERTEX_POINT('',#3951);
#1231=VERTEX_POINT('',#3955);
#1232=VERTEX_POINT('',#3957);
#1233=VERTEX_POINT('',#3959);
#1234=VERTEX_POINT('',#3961);
#1235=VERTEX_POINT('',#3963);
#1236=VERTEX_POINT('',#3965);
#1237=VERTEX_POINT('',#3967);
#1238=VERTEX_POINT('',#3969);
#1239=VERTEX_POINT('',#3971);
#1240=VERTEX_POINT('',#3973);
#1241=VERTEX_POINT('',#3975);
#1242=VERTEX_POINT('',#3977);
#1243=VERTEX_POINT('',#3979);
#1244=VERTEX_POINT('',#3981);
#1245=VERTEX_POINT('',#3985);
#1246=VERTEX_POINT('',#3987);
#1247=VERTEX_POINT('',#3991);
#1248=VERTEX_POINT('',#3997);
#1249=VERTEX_POINT('',#3999);
#1250=VERTEX_POINT('',#4001);
#1251=VERTEX_POINT('',#4003);
#1252=VERTEX_POINT('',#4005);
#1253=VERTEX_POINT('',#4007);
#1254=VERTEX_POINT('',#4009);
#1255=VERTEX_POINT('',#4015);
#1256=VERTEX_POINT('',#4017);
#1257=VERTEX_POINT('',#4019);
#1258=VERTEX_POINT('',#4021);
#1259=VERTEX_POINT('',#4023);
#1260=VERTEX_POINT('',#4026);
#1261=VERTEX_POINT('',#4029);
#1262=VERTEX_POINT('',#4031);
#1263=VERTEX_POINT('',#4035);
#1264=VERTEX_POINT('',#4037);
#1265=VERTEX_POINT('',#4039);
#1266=VERTEX_POINT('',#4041);
#1267=VERTEX_POINT('',#4044);
#1268=VERTEX_POINT('',#4046);
#1269=VERTEX_POINT('',#4048);
#1270=VERTEX_POINT('',#4052);
#1271=VERTEX_POINT('',#4053);
#1272=VERTEX_POINT('',#4058);
#1273=VERTEX_POINT('',#4059);
#1274=VERTEX_POINT('',#4064);
#1275=VERTEX_POINT('',#4065);
#1276=VERTEX_POINT('',#4067);
#1277=VERTEX_POINT('',#4069);
#1278=VERTEX_POINT('',#4073);
#1279=VERTEX_POINT('',#4074);
#1280=VERTEX_POINT('',#4076);
#1281=VERTEX_POINT('',#4078);
#1282=VERTEX_POINT('',#4082);
#1283=VERTEX_POINT('',#4083);
#1284=VERTEX_POINT('',#4085);
#1285=VERTEX_POINT('',#4087);
#1286=VERTEX_POINT('',#4094);
#1287=VERTEX_POINT('',#4096);
#1288=VERTEX_POINT('',#4098);
#1289=VERTEX_POINT('',#4101);
#1290=VERTEX_POINT('',#4104);
#1291=VERTEX_POINT('',#4106);
#1292=VERTEX_POINT('',#4114);
#1293=VERTEX_POINT('',#4116);
#1294=VERTEX_POINT('',#4119);
#1295=VERTEX_POINT('',#4121);
#1296=VERTEX_POINT('',#4128);
#1297=VERTEX_POINT('',#4129);
#1298=VERTEX_POINT('',#4131);
#1299=VERTEX_POINT('',#4133);
#1300=VERTEX_POINT('',#4137);
#1301=VERTEX_POINT('',#4140);
#1302=VERTEX_POINT('',#4143);
#1303=VERTEX_POINT('',#4145);
#1304=VERTEX_POINT('',#4150);
#1305=VERTEX_POINT('',#4153);
#1306=VERTEX_POINT('',#4155);
#1307=VERTEX_POINT('',#4160);
#1308=VERTEX_POINT('',#4166);
#1309=VERTEX_POINT('',#4171);
#1310=VERTEX_POINT('',#4173);
#1311=VERTEX_POINT('',#4180);
#1312=VERTEX_POINT('',#4183);
#1313=VERTEX_POINT('',#4184);
#1314=VERTEX_POINT('',#4186);
#1315=VERTEX_POINT('',#4188);
#1316=VERTEX_POINT('',#4191);
#1317=VERTEX_POINT('',#4192);
#1318=VERTEX_POINT('',#4194);
#1319=VERTEX_POINT('',#4196);
#1320=VERTEX_POINT('',#4199);
#1321=VERTEX_POINT('',#4200);
#1322=VERTEX_POINT('',#4202);
#1323=VERTEX_POINT('',#4204);
#1324=VERTEX_POINT('',#4207);
#1325=VERTEX_POINT('',#4208);
#1326=VERTEX_POINT('',#4210);
#1327=VERTEX_POINT('',#4212);
#1328=VERTEX_POINT('',#4215);
#1329=VERTEX_POINT('',#4216);
#1330=VERTEX_POINT('',#4218);
#1331=VERTEX_POINT('',#4220);
#1332=VERTEX_POINT('',#4223);
#1333=VERTEX_POINT('',#4224);
#1334=VERTEX_POINT('',#4226);
#1335=VERTEX_POINT('',#4228);
#1336=VERTEX_POINT('',#4231);
#1337=VERTEX_POINT('',#4233);
#1338=VERTEX_POINT('',#4235);
#1339=VERTEX_POINT('',#4236);
#1340=VERTEX_POINT('',#4238);
#1341=VERTEX_POINT('',#4240);
#1342=VERTEX_POINT('',#4243);
#1343=VERTEX_POINT('',#4244);
#1344=VERTEX_POINT('',#4246);
#1345=VERTEX_POINT('',#4248);
#1346=VERTEX_POINT('',#4251);
#1347=VERTEX_POINT('',#4253);
#1348=VERTEX_POINT('',#4254);
#1349=VERTEX_POINT('',#4256);
#1350=VERTEX_POINT('',#4258);
#1351=VERTEX_POINT('',#4261);
#1352=VERTEX_POINT('',#4262);
#1353=VERTEX_POINT('',#4264);
#1354=VERTEX_POINT('',#4266);
#1355=VERTEX_POINT('',#4269);
#1356=VERTEX_POINT('',#4271);
#1357=VERTEX_POINT('',#4272);
#1358=VERTEX_POINT('',#4274);
#1359=VERTEX_POINT('',#4276);
#1360=VERTEX_POINT('',#4279);
#1361=VERTEX_POINT('',#4280);
#1362=VERTEX_POINT('',#4282);
#1363=VERTEX_POINT('',#4284);
#1364=VERTEX_POINT('',#4287);
#1365=VERTEX_POINT('',#4288);
#1366=VERTEX_POINT('',#4290);
#1367=VERTEX_POINT('',#4292);
#1368=VERTEX_POINT('',#4300);
#1369=VERTEX_POINT('',#4304);
#1370=VERTEX_POINT('',#4308);
#1371=VERTEX_POINT('',#4309);
#1372=VERTEX_POINT('',#4311);
#1373=VERTEX_POINT('',#4313);
#1374=VERTEX_POINT('',#4317);
#1375=VERTEX_POINT('',#4319);
#1376=VERTEX_POINT('',#4323);
#1377=VERTEX_POINT('',#4325);
#1378=VERTEX_POINT('',#4332);
#1379=VERTEX_POINT('',#4333);
#1380=VERTEX_POINT('',#4335);
#1381=VERTEX_POINT('',#4337);
#1382=VERTEX_POINT('',#4341);
#1383=VERTEX_POINT('',#4342);
#1384=VERTEX_POINT('',#4347);
#1385=VERTEX_POINT('',#4351);
#1386=VERTEX_POINT('',#4357);
#1387=VERTEX_POINT('',#4359);
#1388=VERTEX_POINT('',#4362);
#1389=VERTEX_POINT('',#4366);
#1390=VERTEX_POINT('',#4370);
#1391=VERTEX_POINT('',#4371);
#1392=VERTEX_POINT('',#4376);
#1393=VERTEX_POINT('',#4380);
#1394=VERTEX_POINT('',#4391);
#1395=VERTEX_POINT('',#4393);
#1396=VERTEX_POINT('',#4397);
#1397=VERTEX_POINT('',#4401);
#1398=VERTEX_POINT('',#4407);
#1399=VERTEX_POINT('',#4409);
#1400=VERTEX_POINT('',#4413);
#1401=VERTEX_POINT('',#4417);
#1402=VERTEX_POINT('',#4418);
#1403=VERTEX_POINT('',#4423);
#1404=VERTEX_POINT('',#4427);
#1405=VERTEX_POINT('',#4433);
#1406=VERTEX_POINT('',#4435);
#1407=VERTEX_POINT('',#4439);
#1408=VERTEX_POINT('',#4443);
#1409=VERTEX_POINT('',#4445);
#1410=VERTEX_POINT('',#4449);
#1411=VERTEX_POINT('',#4453);
#1412=VERTEX_POINT('',#4459);
#1413=VERTEX_POINT('',#4461);
#1414=VERTEX_POINT('',#4465);
#1415=VERTEX_POINT('',#4469);
#1416=VERTEX_POINT('',#4471);
#1417=VERTEX_POINT('',#4474);
#1418=VERTEX_POINT('',#4477);
#1419=VERTEX_POINT('',#4481);
#1420=VERTEX_POINT('',#4483);
#1421=VERTEX_POINT('',#4485);
#1422=VERTEX_POINT('',#4487);
#1423=VERTEX_POINT('',#4489);
#1424=VERTEX_POINT('',#4491);
#1425=VERTEX_POINT('',#4494);
#1426=VERTEX_POINT('',#4495);
#1427=VERTEX_POINT('',#4497);
#1428=VERTEX_POINT('',#4499);
#1429=VERTEX_POINT('',#4502);
#1430=VERTEX_POINT('',#4503);
#1431=VERTEX_POINT('',#4505);
#1432=VERTEX_POINT('',#4507);
#1433=VERTEX_POINT('',#4510);
#1434=VERTEX_POINT('',#4511);
#1435=VERTEX_POINT('',#4513);
#1436=VERTEX_POINT('',#4515);
#1437=VERTEX_POINT('',#4518);
#1438=VERTEX_POINT('',#4521);
#1439=VERTEX_POINT('',#4522);
#1440=VERTEX_POINT('',#4524);
#1441=VERTEX_POINT('',#4526);
#1442=VERTEX_POINT('',#4529);
#1443=VERTEX_POINT('',#4532);
#1444=VERTEX_POINT('',#4533);
#1445=VERTEX_POINT('',#4535);
#1446=VERTEX_POINT('',#4537);
#1447=VERTEX_POINT('',#4540);
#1448=VERTEX_POINT('',#4541);
#1449=VERTEX_POINT('',#4543);
#1450=VERTEX_POINT('',#4545);
#1451=VERTEX_POINT('',#4548);
#1452=VERTEX_POINT('',#4551);
#1453=VERTEX_POINT('',#4552);
#1454=VERTEX_POINT('',#4554);
#1455=VERTEX_POINT('',#4556);
#1456=VERTEX_POINT('',#4559);
#1457=VERTEX_POINT('',#4560);
#1458=VERTEX_POINT('',#4562);
#1459=VERTEX_POINT('',#4564);
#1460=VERTEX_POINT('',#4659);
#1461=VERTEX_POINT('',#4665);
#1462=VERTEX_POINT('',#4669);
#1463=VERTEX_POINT('',#4679);
#1464=VERTEX_POINT('',#4685);
#1465=EDGE_CURVE('',#1199,#1200,#425,.T.);
#1466=EDGE_CURVE('',#1199,#1201,#426,.T.);
#1467=EDGE_CURVE('',#1202,#1201,#427,.T.);
#1468=EDGE_CURVE('',#1200,#1202,#428,.T.);
#1469=EDGE_CURVE('',#1201,#1203,#429,.T.);
#1470=EDGE_CURVE('',#1203,#1204,#430,.T.);
#1471=EDGE_CURVE('',#1204,#1202,#431,.T.);
#1472=EDGE_CURVE('',#1200,#1205,#432,.T.);
#1473=EDGE_CURVE('',#1205,#1206,#433,.T.);
#1474=EDGE_CURVE('',#1206,#1199,#434,.T.);
#1475=EDGE_CURVE('',#1205,#1207,#435,.T.);
#1476=EDGE_CURVE('',#1208,#1207,#436,.T.);
#1477=EDGE_CURVE('',#1206,#1208,#437,.T.);
#1478=EDGE_CURVE('',#1207,#1209,#438,.T.);
#1479=EDGE_CURVE('',#1209,#1210,#439,.T.);
#1480=EDGE_CURVE('',#1210,#1208,#440,.T.);
#1481=EDGE_CURVE('',#1211,#1212,#441,.T.);
#1482=EDGE_CURVE('',#1212,#1213,#442,.T.);
#1483=EDGE_CURVE('',#1213,#1214,#443,.T.);
#1484=EDGE_CURVE('',#1214,#1211,#444,.T.);
#1485=EDGE_CURVE('',#1215,#1216,#445,.T.);
#1486=EDGE_CURVE('',#1216,#1217,#446,.T.);
#1487=EDGE_CURVE('',#1217,#1218,#447,.T.);
#1488=EDGE_CURVE('',#1218,#1215,#448,.T.);
#1489=EDGE_CURVE('',#1219,#1220,#449,.T.);
#1490=EDGE_CURVE('',#1220,#1221,#450,.T.);
#1491=EDGE_CURVE('',#1221,#1222,#451,.T.);
#1492=EDGE_CURVE('',#1222,#1219,#452,.T.);
#1493=EDGE_CURVE('',#1218,#1219,#453,.T.);
#1494=EDGE_CURVE('',#1222,#1215,#454,.T.);
#1495=EDGE_CURVE('',#1223,#1222,#455,.T.);
#1496=EDGE_CURVE('',#1224,#1223,#456,.T.);
#1497=EDGE_CURVE('',#1215,#1224,#457,.T.);
#1498=EDGE_CURVE('',#1221,#1225,#458,.T.);
#1499=EDGE_CURVE('',#1226,#1225,#459,.T.);
#1500=EDGE_CURVE('',#1223,#1226,#460,.T.);
#1501=EDGE_CURVE('',#1227,#1228,#461,.T.);
#1502=EDGE_CURVE('',#1229,#1228,#462,.T.);
#1503=EDGE_CURVE('',#1229,#1230,#463,.F.);
#1504=EDGE_CURVE('',#1230,#1227,#464,.T.);
#1505=EDGE_CURVE('',#1230,#1231,#465,.T.);
#1506=EDGE_CURVE('',#1232,#1231,#466,.T.);
#1507=EDGE_CURVE('',#1233,#1232,#467,.T.);
#1508=EDGE_CURVE('',#1234,#1233,#468,.T.);
#1509=EDGE_CURVE('',#1235,#1234,#469,.T.);
#1510=EDGE_CURVE('',#1235,#1236,#470,.T.);
#1511=EDGE_CURVE('',#1236,#1237,#471,.T.);
#1512=EDGE_CURVE('',#1238,#1237,#472,.T.);
#1513=EDGE_CURVE('',#1238,#1239,#473,.T.);
#1514=EDGE_CURVE('',#1239,#1240,#474,.T.);
#1515=EDGE_CURVE('',#1240,#1241,#475,.T.);
#1516=EDGE_CURVE('',#1242,#1241,#476,.T.);
#1517=EDGE_CURVE('',#1243,#1242,#477,.T.);
#1518=EDGE_CURVE('',#1243,#1244,#478,.T.);
#1519=EDGE_CURVE('',#1227,#1244,#479,.T.);
#1520=EDGE_CURVE('',#1245,#1232,#480,.T.);
#1521=EDGE_CURVE('',#1231,#1246,#481,.F.);
#1522=EDGE_CURVE('',#1245,#1246,#482,.T.);
#1523=EDGE_CURVE('',#1245,#1247,#483,.T.);
#1524=EDGE_CURVE('',#1247,#1233,#484,.T.);
#1525=EDGE_CURVE('',#1246,#1229,#485,.T.);
#1526=EDGE_CURVE('',#1248,#1228,#486,.T.);
#1527=EDGE_CURVE('',#1249,#1248,#487,.T.);
#1528=EDGE_CURVE('',#1250,#1249,#488,.T.);
#1529=EDGE_CURVE('',#1250,#1251,#489,.T.);
#1530=EDGE_CURVE('',#1251,#1252,#490,.F.);
#1531=EDGE_CURVE('',#1253,#1252,#491,.T.);
#1532=EDGE_CURVE('',#1254,#1253,#492,.T.);
#1533=EDGE_CURVE('',#1254,#1247,#493,.T.);
#1534=EDGE_CURVE('',#1244,#1248,#494,.T.);
#1535=EDGE_CURVE('',#1217,#1255,#495,.T.);
#1536=EDGE_CURVE('',#1255,#1256,#496,.T.);
#1537=EDGE_CURVE('',#1256,#1257,#497,.T.);
#1538=EDGE_CURVE('',#1258,#1257,#498,.T.);
#1539=EDGE_CURVE('',#1259,#1258,#499,.T.);
#1540=EDGE_CURVE('',#1259,#1203,#500,.T.);
#1541=EDGE_CURVE('',#1260,#1210,#501,.T.);
#1542=EDGE_CURVE('',#1242,#1260,#502,.T.);
#1543=EDGE_CURVE('',#1241,#1261,#503,.T.);
#1544=EDGE_CURVE('',#1262,#1261,#504,.T.);
#1545=EDGE_CURVE('',#1262,#1220,#505,.T.);
#1546=EDGE_CURVE('',#1224,#1263,#506,.T.);
#1547=EDGE_CURVE('',#1226,#1264,#507,.F.);
#1548=EDGE_CURVE('',#1265,#1264,#508,.T.);
#1549=EDGE_CURVE('',#1266,#1265,#509,.T.);
#1550=EDGE_CURVE('',#1266,#1209,#510,.T.);
#1551=EDGE_CURVE('',#1267,#1204,#511,.T.);
#1552=EDGE_CURVE('',#1268,#1267,#512,.T.);
#1553=EDGE_CURVE('',#1268,#1269,#513,.T.);
#1554=EDGE_CURVE('',#1269,#1263,#514,.F.);
#1555=EDGE_CURVE('',#1270,#1271,#515,.T.);
#1556=EDGE_CURVE('',#1270,#1214,#516,.T.);
#1557=EDGE_CURVE('',#1271,#1213,#517,.T.);
#1558=EDGE_CURVE('',#1272,#1273,#518,.T.);
#1559=EDGE_CURVE('',#1272,#1212,#519,.T.);
#1560=EDGE_CURVE('',#1273,#1211,#520,.T.);
#1561=EDGE_CURVE('',#1274,#1275,#521,.T.);
#1562=EDGE_CURVE('',#1276,#1274,#522,.T.);
#1563=EDGE_CURVE('',#1277,#1276,#523,.T.);
#1564=EDGE_CURVE('',#1275,#1277,#524,.T.);
#1565=EDGE_CURVE('',#1278,#1279,#525,.T.);
#1566=EDGE_CURVE('',#1278,#1280,#526,.T.);
#1567=EDGE_CURVE('',#1281,#1280,#527,.T.);
#1568=EDGE_CURVE('',#1279,#1281,#528,.T.);
#1569=EDGE_CURVE('',#1282,#1283,#529,.T.);
#1570=EDGE_CURVE('',#1282,#1284,#530,.T.);
#1571=EDGE_CURVE('',#1285,#1284,#531,.T.);
#1572=EDGE_CURVE('',#1283,#1285,#532,.T.);
#1573=EDGE_CURVE('',#1280,#1285,#533,.T.);
#1574=EDGE_CURVE('',#1284,#1281,#534,.T.);
#1575=EDGE_CURVE('',#1273,#1286,#535,.T.);
#1576=EDGE_CURVE('',#1287,#1286,#536,.T.);
#1577=EDGE_CURVE('',#1288,#1287,#537,.T.);
#1578=EDGE_CURVE('',#1288,#1278,#538,.T.);
#1579=EDGE_CURVE('',#1279,#1289,#539,.T.);
#1580=EDGE_CURVE('',#1289,#1272,#540,.T.);
#1581=EDGE_CURVE('',#1290,#1290,#70,.T.);
#1582=EDGE_CURVE('',#1291,#1291,#71,.T.);
#1583=EDGE_CURVE('',#1249,#1243,#541,.T.);
#1584=EDGE_CURVE('',#1234,#1254,#542,.T.);
#1585=EDGE_CURVE('',#1271,#1235,#543,.T.);
#1586=EDGE_CURVE('',#1253,#1292,#544,.T.);
#1587=EDGE_CURVE('',#1292,#1293,#545,.T.);
#1588=EDGE_CURVE('',#1293,#1270,#546,.T.);
#1589=EDGE_CURVE('',#1294,#1294,#72,.T.);
#1590=EDGE_CURVE('',#1295,#1295,#73,.T.);
#1591=EDGE_CURVE('',#1260,#1266,#547,.T.);
#1592=EDGE_CURVE('',#1267,#1259,#548,.T.);
#1593=EDGE_CURVE('',#1296,#1297,#74,.T.);
#1594=EDGE_CURVE('',#1296,#1298,#549,.T.);
#1595=EDGE_CURVE('',#1298,#1299,#75,.T.);
#1596=EDGE_CURVE('',#1297,#1299,#550,.T.);
#1597=EDGE_CURVE('',#1300,#1298,#551,.T.);
#1598=EDGE_CURVE('',#1299,#1300,#552,.T.);
#1599=EDGE_CURVE('',#1301,#1301,#76,.T.);
#1600=EDGE_CURVE('',#1238,#1302,#77,.T.);
#1601=EDGE_CURVE('',#1237,#1303,#78,.T.);
#1602=EDGE_CURVE('',#1302,#1303,#553,.T.);
#1603=EDGE_CURVE('',#1303,#1236,#554,.T.);
#1604=EDGE_CURVE('',#1304,#1304,#79,.T.);
#1605=EDGE_CURVE('',#1305,#1255,#80,.T.);
#1606=EDGE_CURVE('',#1305,#1306,#555,.T.);
#1607=EDGE_CURVE('',#1306,#1256,#81,.T.);
#1608=EDGE_CURVE('',#1257,#1306,#556,.T.);
#1609=EDGE_CURVE('',#1307,#1307,#82,.T.);
#1610=EDGE_CURVE('',#1262,#1239,#83,.T.);
#1611=EDGE_CURVE('',#1261,#1240,#84,.T.);
#1612=EDGE_CURVE('',#1308,#1308,#85,.T.);
#1613=EDGE_CURVE('',#1289,#1300,#557,.T.);
#1614=EDGE_CURVE('',#1296,#1302,#558,.T.);
#1615=EDGE_CURVE('',#1277,#1309,#559,.T.);
#1616=EDGE_CURVE('',#1310,#1309,#560,.T.);
#1617=EDGE_CURVE('',#1275,#1310,#561,.T.);
#1618=EDGE_CURVE('',#1258,#1282,#562,.T.);
#1619=EDGE_CURVE('',#1305,#1297,#563,.T.);
#1620=EDGE_CURVE('',#1311,#1216,#564,.T.);
#1621=EDGE_CURVE('',#1225,#1311,#565,.T.);
#1622=EDGE_CURVE('',#1312,#1313,#566,.T.);
#1623=EDGE_CURVE('',#1314,#1312,#567,.T.);
#1624=EDGE_CURVE('',#1315,#1314,#568,.T.);
#1625=EDGE_CURVE('',#1313,#1315,#569,.T.);
#1626=EDGE_CURVE('',#1316,#1317,#570,.T.);
#1627=EDGE_CURVE('',#1318,#1316,#571,.T.);
#1628=EDGE_CURVE('',#1319,#1318,#572,.T.);
#1629=EDGE_CURVE('',#1317,#1319,#573,.T.);
#1630=EDGE_CURVE('',#1320,#1321,#574,.T.);
#1631=EDGE_CURVE('',#1322,#1320,#575,.T.);
#1632=EDGE_CURVE('',#1323,#1322,#576,.T.);
#1633=EDGE_CURVE('',#1321,#1323,#577,.T.);
#1634=EDGE_CURVE('',#1324,#1325,#578,.T.);
#1635=EDGE_CURVE('',#1326,#1324,#579,.T.);
#1636=EDGE_CURVE('',#1327,#1326,#580,.T.);
#1637=EDGE_CURVE('',#1325,#1327,#581,.T.);
#1638=EDGE_CURVE('',#1328,#1329,#582,.T.);
#1639=EDGE_CURVE('',#1330,#1328,#583,.T.);
#1640=EDGE_CURVE('',#1331,#1330,#584,.T.);
#1641=EDGE_CURVE('',#1329,#1331,#585,.T.);
#1642=EDGE_CURVE('',#1332,#1333,#586,.T.);
#1643=EDGE_CURVE('',#1334,#1332,#587,.T.);
#1644=EDGE_CURVE('',#1335,#1334,#588,.T.);
#1645=EDGE_CURVE('',#1333,#1335,#589,.T.);
#1646=EDGE_CURVE('',#1336,#1336,#86,.T.);
#1647=EDGE_CURVE('',#1337,#1337,#87,.T.);
#1648=EDGE_CURVE('',#1338,#1339,#590,.T.);
#1649=EDGE_CURVE('',#1340,#1338,#591,.T.);
#1650=EDGE_CURVE('',#1341,#1340,#592,.T.);
#1651=EDGE_CURVE('',#1339,#1341,#593,.T.);
#1652=EDGE_CURVE('',#1342,#1343,#594,.T.);
#1653=EDGE_CURVE('',#1344,#1342,#595,.T.);
#1654=EDGE_CURVE('',#1345,#1344,#596,.T.);
#1655=EDGE_CURVE('',#1343,#1345,#597,.T.);
#1656=EDGE_CURVE('',#1346,#1346,#88,.T.);
#1657=EDGE_CURVE('',#1347,#1348,#598,.T.);
#1658=EDGE_CURVE('',#1349,#1347,#599,.T.);
#1659=EDGE_CURVE('',#1350,#1349,#600,.T.);
#1660=EDGE_CURVE('',#1348,#1350,#601,.T.);
#1661=EDGE_CURVE('',#1351,#1352,#602,.T.);
#1662=EDGE_CURVE('',#1353,#1351,#603,.T.);
#1663=EDGE_CURVE('',#1354,#1353,#604,.T.);
#1664=EDGE_CURVE('',#1352,#1354,#605,.T.);
#1665=EDGE_CURVE('',#1355,#1355,#89,.T.);
#1666=EDGE_CURVE('',#1356,#1357,#606,.T.);
#1667=EDGE_CURVE('',#1358,#1356,#607,.T.);
#1668=EDGE_CURVE('',#1359,#1358,#608,.T.);
#1669=EDGE_CURVE('',#1357,#1359,#609,.T.);
#1670=EDGE_CURVE('',#1360,#1361,#610,.T.);
#1671=EDGE_CURVE('',#1362,#1360,#611,.T.);
#1672=EDGE_CURVE('',#1363,#1362,#612,.T.);
#1673=EDGE_CURVE('',#1361,#1363,#613,.T.);
#1674=EDGE_CURVE('',#1364,#1365,#614,.T.);
#1675=EDGE_CURVE('',#1366,#1364,#615,.T.);
#1676=EDGE_CURVE('',#1367,#1366,#616,.T.);
#1677=EDGE_CURVE('',#1365,#1367,#617,.T.);
#1678=EDGE_CURVE('',#1294,#1304,#618,.T.);
#1679=EDGE_CURVE('',#1290,#1301,#619,.T.);
#1680=EDGE_CURVE('',#1368,#1368,#90,.T.);
#1681=EDGE_CURVE('',#1368,#1308,#620,.T.);
#1682=EDGE_CURVE('',#1369,#1369,#91,.T.);
#1683=EDGE_CURVE('',#1369,#1307,#621,.T.);
#1684=EDGE_CURVE('',#1370,#1371,#622,.T.);
#1685=EDGE_CURVE('',#1372,#1370,#623,.T.);
#1686=EDGE_CURVE('',#1373,#1372,#624,.T.);
#1687=EDGE_CURVE('',#1373,#1371,#625,.T.);
#1688=EDGE_CURVE('',#1374,#1370,#626,.T.);
#1689=EDGE_CURVE('',#1375,#1374,#627,.T.);
#1690=EDGE_CURVE('',#1372,#1375,#628,.T.);
#1691=EDGE_CURVE('',#1376,#1374,#629,.T.);
#1692=EDGE_CURVE('',#1377,#1376,#630,.T.);
#1693=EDGE_CURVE('',#1375,#1377,#631,.T.);
#1694=EDGE_CURVE('',#1371,#1376,#632,.T.);
#1695=EDGE_CURVE('',#1377,#1373,#633,.T.);
#1696=EDGE_CURVE('',#1378,#1379,#634,.T.);
#1697=EDGE_CURVE('',#1379,#1380,#635,.T.);
#1698=EDGE_CURVE('',#1380,#1381,#636,.T.);
#1699=EDGE_CURVE('',#1381,#1378,#637,.T.);
#1700=EDGE_CURVE('',#1382,#1383,#638,.T.);
#1701=EDGE_CURVE('',#1383,#1364,#639,.T.);
#1702=EDGE_CURVE('',#1365,#1382,#640,.T.);
#1703=EDGE_CURVE('',#1383,#1384,#641,.T.);
#1704=EDGE_CURVE('',#1366,#1384,#642,.T.);
#1705=EDGE_CURVE('',#1385,#1382,#643,.T.);
#1706=EDGE_CURVE('',#1367,#1385,#644,.T.);
#1707=EDGE_CURVE('',#1384,#1385,#645,.T.);
#1708=EDGE_CURVE('',#1386,#1383,#646,.T.);
#1709=EDGE_CURVE('',#1386,#1387,#647,.F.);
#1710=EDGE_CURVE('',#1292,#1387,#648,.T.);
#1711=EDGE_CURVE('',#1252,#1388,#649,.F.);
#1712=EDGE_CURVE('',#1388,#1384,#650,.T.);
#1713=EDGE_CURVE('',#1389,#1382,#651,.T.);
#1714=EDGE_CURVE('',#1389,#1386,#652,.T.);
#1715=EDGE_CURVE('',#1390,#1391,#653,.T.);
#1716=EDGE_CURVE('',#1391,#1312,#654,.T.);
#1717=EDGE_CURVE('',#1313,#1390,#655,.T.);
#1718=EDGE_CURVE('',#1315,#1392,#656,.T.);
#1719=EDGE_CURVE('',#1392,#1390,#657,.T.);
#1720=EDGE_CURVE('',#1393,#1392,#658,.T.);
#1721=EDGE_CURVE('',#1314,#1393,#659,.T.);
#1722=EDGE_CURVE('',#1391,#1393,#660,.T.);
#1723=EDGE_CURVE('',#1391,#1381,#661,.T.);
#1724=EDGE_CURVE('',#1380,#1393,#662,.T.);
#1725=EDGE_CURVE('',#1378,#1390,#663,.T.);
#1726=EDGE_CURVE('',#1361,#1394,#664,.T.);
#1727=EDGE_CURVE('',#1394,#1395,#665,.T.);
#1728=EDGE_CURVE('',#1395,#1360,#666,.T.);
#1729=EDGE_CURVE('',#1396,#1394,#667,.T.);
#1730=EDGE_CURVE('',#1363,#1396,#668,.T.);
#1731=EDGE_CURVE('',#1397,#1396,#669,.T.);
#1732=EDGE_CURVE('',#1362,#1397,#670,.T.);
#1733=EDGE_CURVE('',#1395,#1397,#671,.T.);
#1734=EDGE_CURVE('',#1398,#1395,#672,.T.);
#1735=EDGE_CURVE('',#1398,#1399,#673,.T.);
#1736=EDGE_CURVE('',#1399,#1397,#674,.T.);
#1737=EDGE_CURVE('',#1400,#1394,#675,.T.);
#1738=EDGE_CURVE('',#1400,#1398,#676,.T.);
#1739=EDGE_CURVE('',#1401,#1402,#677,.T.);
#1740=EDGE_CURVE('',#1402,#1316,#678,.T.);
#1741=EDGE_CURVE('',#1317,#1401,#679,.T.);
#1742=EDGE_CURVE('',#1319,#1403,#680,.T.);
#1743=EDGE_CURVE('',#1403,#1401,#681,.T.);
#1744=EDGE_CURVE('',#1404,#1403,#682,.T.);
#1745=EDGE_CURVE('',#1318,#1404,#683,.T.);
#1746=EDGE_CURVE('',#1402,#1404,#684,.T.);
#1747=EDGE_CURVE('',#1405,#1402,#685,.T.);
#1748=EDGE_CURVE('',#1405,#1406,#686,.T.);
#1749=EDGE_CURVE('',#1406,#1404,#687,.T.);
#1750=EDGE_CURVE('',#1407,#1401,#688,.T.);
#1751=EDGE_CURVE('',#1407,#1405,#689,.T.);
#1752=EDGE_CURVE('',#1357,#1408,#690,.T.);
#1753=EDGE_CURVE('',#1408,#1409,#691,.T.);
#1754=EDGE_CURVE('',#1409,#1356,#692,.T.);
#1755=EDGE_CURVE('',#1410,#1408,#693,.T.);
#1756=EDGE_CURVE('',#1359,#1410,#694,.T.);
#1757=EDGE_CURVE('',#1411,#1410,#695,.T.);
#1758=EDGE_CURVE('',#1358,#1411,#696,.T.);
#1759=EDGE_CURVE('',#1409,#1411,#697,.T.);
#1760=EDGE_CURVE('',#1412,#1409,#698,.T.);
#1761=EDGE_CURVE('',#1412,#1413,#699,.T.);
#1762=EDGE_CURVE('',#1413,#1411,#700,.T.);
#1763=EDGE_CURVE('',#1414,#1408,#701,.T.);
#1764=EDGE_CURVE('',#1414,#1412,#702,.T.);
#1765=EDGE_CURVE('',#1415,#1309,#703,.F.);
#1766=EDGE_CURVE('',#1416,#1415,#704,.F.);
#1767=EDGE_CURVE('',#1387,#1416,#705,.F.);
#1768=EDGE_CURVE('',#1417,#1389,#706,.T.);
#1769=EDGE_CURVE('',#1388,#1417,#707,.T.);
#1770=EDGE_CURVE('',#1418,#1251,#708,.F.);
#1771=EDGE_CURVE('',#1264,#1418,#709,.F.);
#1772=EDGE_CURVE('',#1226,#1263,#710,.T.);
#1773=EDGE_CURVE('',#1419,#1269,#711,.F.);
#1774=EDGE_CURVE('',#1420,#1419,#712,.F.);
#1775=EDGE_CURVE('',#1421,#1420,#713,.F.);
#1776=EDGE_CURVE('',#1422,#1421,#714,.F.);
#1777=EDGE_CURVE('',#1423,#1422,#715,.F.);
#1778=EDGE_CURVE('',#1424,#1423,#716,.F.);
#1779=EDGE_CURVE('',#1310,#1424,#717,.F.);
#1780=EDGE_CURVE('',#1425,#1426,#718,.T.);
#1781=EDGE_CURVE('',#1427,#1425,#719,.T.);
#1782=EDGE_CURVE('',#1428,#1427,#720,.T.);
#1783=EDGE_CURVE('',#1426,#1428,#721,.T.);
#1784=EDGE_CURVE('',#1429,#1430,#722,.T.);
#1785=EDGE_CURVE('',#1431,#1429,#723,.T.);
#1786=EDGE_CURVE('',#1432,#1431,#724,.T.);
#1787=EDGE_CURVE('',#1430,#1432,#725,.T.);
#1788=EDGE_CURVE('',#1433,#1434,#726,.T.);
#1789=EDGE_CURVE('',#1435,#1433,#727,.T.);
#1790=EDGE_CURVE('',#1436,#1435,#728,.T.);
#1791=EDGE_CURVE('',#1434,#1436,#729,.T.);
#1792=EDGE_CURVE('',#1437,#1414,#730,.T.);
#1793=EDGE_CURVE('',#1413,#1437,#731,.T.);
#1794=EDGE_CURVE('',#1438,#1439,#732,.T.);
#1795=EDGE_CURVE('',#1440,#1438,#733,.T.);
#1796=EDGE_CURVE('',#1441,#1440,#734,.T.);
#1797=EDGE_CURVE('',#1439,#1441,#735,.T.);
#1798=EDGE_CURVE('',#1442,#1400,#736,.T.);
#1799=EDGE_CURVE('',#1399,#1442,#737,.T.);
#1800=EDGE_CURVE('',#1443,#1444,#738,.T.);
#1801=EDGE_CURVE('',#1445,#1443,#739,.T.);
#1802=EDGE_CURVE('',#1446,#1445,#740,.T.);
#1803=EDGE_CURVE('',#1444,#1446,#741,.T.);
#1804=EDGE_CURVE('',#1447,#1448,#742,.T.);
#1805=EDGE_CURVE('',#1449,#1447,#743,.T.);
#1806=EDGE_CURVE('',#1450,#1449,#744,.T.);
#1807=EDGE_CURVE('',#1448,#1450,#745,.T.);
#1808=EDGE_CURVE('',#1451,#1407,#746,.T.);
#1809=EDGE_CURVE('',#1406,#1451,#747,.T.);
#1810=EDGE_CURVE('',#1452,#1453,#748,.T.);
#1811=EDGE_CURVE('',#1454,#1452,#749,.T.);
#1812=EDGE_CURVE('',#1455,#1454,#750,.T.);
#1813=EDGE_CURVE('',#1453,#1455,#751,.T.);
#1814=EDGE_CURVE('',#1456,#1457,#752,.T.);
#1815=EDGE_CURVE('',#1458,#1456,#753,.T.);
#1816=EDGE_CURVE('',#1459,#1458,#754,.T.);
#1817=EDGE_CURVE('',#1457,#1459,#755,.T.);
#1818=EDGE_CURVE('',#1457,#1353,#756,.T.);
#1819=EDGE_CURVE('',#1459,#1354,#757,.T.);
#1820=EDGE_CURVE('',#1456,#1351,#758,.T.);
#1821=EDGE_CURVE('',#1453,#1349,#759,.T.);
#1822=EDGE_CURVE('',#1455,#1350,#760,.T.);
#1823=EDGE_CURVE('',#1452,#1347,#761,.T.);
#1824=EDGE_CURVE('',#1451,#1403,#762,.T.);
#1825=EDGE_CURVE('',#1448,#1344,#763,.T.);
#1826=EDGE_CURVE('',#1450,#1345,#764,.T.);
#1827=EDGE_CURVE('',#1447,#1342,#765,.T.);
#1828=EDGE_CURVE('',#1444,#1340,#766,.T.);
#1829=EDGE_CURVE('',#1446,#1341,#767,.T.);
#1830=EDGE_CURVE('',#1443,#1338,#768,.T.);
#1831=EDGE_CURVE('',#1442,#1396,#769,.T.);
#1832=EDGE_CURVE('',#1439,#1334,#770,.T.);
#1833=EDGE_CURVE('',#1441,#1335,#771,.T.);
#1834=EDGE_CURVE('',#1438,#1332,#772,.T.);
#1835=EDGE_CURVE('',#1417,#1385,#773,.T.);
#1836=EDGE_CURVE('',#1437,#1410,#774,.T.);
#1837=EDGE_CURVE('',#1434,#1330,#775,.T.);
#1838=EDGE_CURVE('',#1436,#1331,#776,.T.);
#1839=EDGE_CURVE('',#1433,#1328,#777,.T.);
#1840=EDGE_CURVE('',#1430,#1326,#778,.T.);
#1841=EDGE_CURVE('',#1432,#1327,#779,.T.);
#1842=EDGE_CURVE('',#1429,#1324,#780,.T.);
#1843=EDGE_CURVE('',#1426,#1322,#781,.T.);
#1844=EDGE_CURVE('',#1428,#1323,#782,.T.);
#1845=EDGE_CURVE('',#1425,#1320,#783,.T.);
#1846=EDGE_CURVE('',#1379,#1392,#784,.T.);
#1847=EDGE_CURVE('',#1458,#1352,#785,.T.);
#1848=EDGE_CURVE('',#1454,#1348,#786,.T.);
#1849=EDGE_CURVE('',#1449,#1343,#787,.T.);
#1850=EDGE_CURVE('',#1445,#1339,#788,.T.);
#1851=EDGE_CURVE('',#1440,#1333,#789,.T.);
#1852=EDGE_CURVE('',#1435,#1329,#790,.T.);
#1853=EDGE_CURVE('',#1431,#1325,#791,.T.);
#1854=EDGE_CURVE('',#1427,#1321,#792,.T.);
#1855=EDGE_CURVE('',#1263,#1311,#793,.T.);
#1856=EDGE_CURVE('',#1274,#1424,#794,.T.);
#1857=EDGE_CURVE('',#1286,#1423,#795,.T.);
#1858=EDGE_CURVE('',#1293,#1416,#796,.T.);
#1859=EDGE_CURVE('',#1276,#1415,#797,.T.);
#1860=EDGE_CURVE('',#1287,#1422,#798,.T.);
#1861=EDGE_CURVE('',#1288,#1421,#799,.T.);
#1862=EDGE_CURVE('',#1460,#1420,#800,.T.);
#1863=EDGE_CURVE('',#1283,#1460,#801,.T.);
#1864=EDGE_CURVE('',#1337,#1291,#802,.T.);
#1865=EDGE_CURVE('',#1336,#1461,#803,.T.);
#1866=EDGE_CURVE('',#1461,#1461,#92,.T.);
#1867=EDGE_CURVE('',#1462,#1419,#804,.T.);
#1868=EDGE_CURVE('',#1460,#1462,#805,.T.);
#1869=EDGE_CURVE('',#1462,#1268,#806,.T.);
#1870=EDGE_CURVE('',#1355,#1463,#807,.T.);
#1871=EDGE_CURVE('',#1463,#1463,#93,.T.);
#1872=EDGE_CURVE('',#1346,#1295,#808,.T.);
#1873=EDGE_CURVE('',#1464,#1418,#809,.T.);
#1874=EDGE_CURVE('',#1464,#1265,#810,.T.);
#1875=EDGE_CURVE('',#1250,#1464,#811,.T.);
#1876=ORIENTED_EDGE('',*,*,#1465,.F.);
#1877=ORIENTED_EDGE('',*,*,#1466,.T.);
#1878=ORIENTED_EDGE('',*,*,#1467,.F.);
#1879=ORIENTED_EDGE('',*,*,#1468,.F.);
#1880=ORIENTED_EDGE('',*,*,#1467,.T.);
#1881=ORIENTED_EDGE('',*,*,#1469,.T.);
#1882=ORIENTED_EDGE('',*,*,#1470,.T.);
#1883=ORIENTED_EDGE('',*,*,#1471,.T.);
#1884=ORIENTED_EDGE('',*,*,#1465,.T.);
#1885=ORIENTED_EDGE('',*,*,#1472,.T.);
#1886=ORIENTED_EDGE('',*,*,#1473,.T.);
#1887=ORIENTED_EDGE('',*,*,#1474,.T.);
#1888=ORIENTED_EDGE('',*,*,#1473,.F.);
#1889=ORIENTED_EDGE('',*,*,#1475,.T.);
#1890=ORIENTED_EDGE('',*,*,#1476,.F.);
#1891=ORIENTED_EDGE('',*,*,#1477,.F.);
#1892=ORIENTED_EDGE('',*,*,#1476,.T.);
#1893=ORIENTED_EDGE('',*,*,#1478,.T.);
#1894=ORIENTED_EDGE('',*,*,#1479,.T.);
#1895=ORIENTED_EDGE('',*,*,#1480,.T.);
#1896=ORIENTED_EDGE('',*,*,#1481,.T.);
#1897=ORIENTED_EDGE('',*,*,#1482,.T.);
#1898=ORIENTED_EDGE('',*,*,#1483,.T.);
#1899=ORIENTED_EDGE('',*,*,#1484,.T.);
#1900=ORIENTED_EDGE('',*,*,#1485,.T.);
#1901=ORIENTED_EDGE('',*,*,#1486,.T.);
#1902=ORIENTED_EDGE('',*,*,#1487,.T.);
#1903=ORIENTED_EDGE('',*,*,#1488,.T.);
#1904=ORIENTED_EDGE('',*,*,#1489,.T.);
#1905=ORIENTED_EDGE('',*,*,#1490,.T.);
#1906=ORIENTED_EDGE('',*,*,#1491,.T.);
#1907=ORIENTED_EDGE('',*,*,#1492,.T.);
#1908=ORIENTED_EDGE('',*,*,#1493,.T.);
#1909=ORIENTED_EDGE('',*,*,#1492,.F.);
#1910=ORIENTED_EDGE('',*,*,#1494,.T.);
#1911=ORIENTED_EDGE('',*,*,#1488,.F.);
#1912=ORIENTED_EDGE('',*,*,#1494,.F.);
#1913=ORIENTED_EDGE('',*,*,#1495,.F.);
#1914=ORIENTED_EDGE('',*,*,#1496,.F.);
#1915=ORIENTED_EDGE('',*,*,#1497,.F.);
#1916=ORIENTED_EDGE('',*,*,#1491,.F.);
#1917=ORIENTED_EDGE('',*,*,#1498,.T.);
#1918=ORIENTED_EDGE('',*,*,#1499,.F.);
#1919=ORIENTED_EDGE('',*,*,#1500,.F.);
#1920=ORIENTED_EDGE('',*,*,#1495,.T.);
#1921=ORIENTED_EDGE('',*,*,#1501,.T.);
#1922=ORIENTED_EDGE('',*,*,#1502,.F.);
#1923=ORIENTED_EDGE('',*,*,#1503,.T.);
#1924=ORIENTED_EDGE('',*,*,#1504,.T.);
#1925=ORIENTED_EDGE('',*,*,#1504,.F.);
#1926=ORIENTED_EDGE('',*,*,#1505,.T.);
#1927=ORIENTED_EDGE('',*,*,#1506,.F.);
#1928=ORIENTED_EDGE('',*,*,#1507,.F.);
#1929=ORIENTED_EDGE('',*,*,#1508,.F.);
#1930=ORIENTED_EDGE('',*,*,#1509,.F.);
#1931=ORIENTED_EDGE('',*,*,#1510,.T.);
#1932=ORIENTED_EDGE('',*,*,#1511,.T.);
#1933=ORIENTED_EDGE('',*,*,#1512,.F.);
#1934=ORIENTED_EDGE('',*,*,#1513,.T.);
#1935=ORIENTED_EDGE('',*,*,#1514,.T.);
#1936=ORIENTED_EDGE('',*,*,#1515,.T.);
#1937=ORIENTED_EDGE('',*,*,#1516,.F.);
#1938=ORIENTED_EDGE('',*,*,#1517,.F.);
#1939=ORIENTED_EDGE('',*,*,#1518,.T.);
#1940=ORIENTED_EDGE('',*,*,#1519,.F.);
#1941=ORIENTED_EDGE('',*,*,#1520,.T.);
#1942=ORIENTED_EDGE('',*,*,#1506,.T.);
#1943=ORIENTED_EDGE('',*,*,#1521,.T.);
#1944=ORIENTED_EDGE('',*,*,#1522,.F.);
#1945=ORIENTED_EDGE('',*,*,#1520,.F.);
#1946=ORIENTED_EDGE('',*,*,#1523,.T.);
#1947=ORIENTED_EDGE('',*,*,#1524,.T.);
#1948=ORIENTED_EDGE('',*,*,#1507,.T.);
#1949=ORIENTED_EDGE('',*,*,#1525,.F.);
#1950=ORIENTED_EDGE('',*,*,#1521,.F.);
#1951=ORIENTED_EDGE('',*,*,#1505,.F.);
#1952=ORIENTED_EDGE('',*,*,#1503,.F.);
#1953=ORIENTED_EDGE('',*,*,#1522,.T.);
#1954=ORIENTED_EDGE('',*,*,#1525,.T.);
#1955=ORIENTED_EDGE('',*,*,#1502,.T.);
#1956=ORIENTED_EDGE('',*,*,#1526,.F.);
#1957=ORIENTED_EDGE('',*,*,#1527,.F.);
#1958=ORIENTED_EDGE('',*,*,#1528,.F.);
#1959=ORIENTED_EDGE('',*,*,#1529,.T.);
#1960=ORIENTED_EDGE('',*,*,#1530,.T.);
#1961=ORIENTED_EDGE('',*,*,#1531,.F.);
#1962=ORIENTED_EDGE('',*,*,#1532,.F.);
#1963=ORIENTED_EDGE('',*,*,#1533,.T.);
#1964=ORIENTED_EDGE('',*,*,#1523,.F.);
#1965=ORIENTED_EDGE('',*,*,#1501,.F.);
#1966=ORIENTED_EDGE('',*,*,#1519,.T.);
#1967=ORIENTED_EDGE('',*,*,#1534,.T.);
#1968=ORIENTED_EDGE('',*,*,#1526,.T.);
#1969=ORIENTED_EDGE('',*,*,#1487,.F.);
#1970=ORIENTED_EDGE('',*,*,#1535,.T.);
#1971=ORIENTED_EDGE('',*,*,#1536,.T.);
#1972=ORIENTED_EDGE('',*,*,#1537,.T.);
#1973=ORIENTED_EDGE('',*,*,#1538,.F.);
#1974=ORIENTED_EDGE('',*,*,#1539,.F.);
#1975=ORIENTED_EDGE('',*,*,#1540,.T.);
#1976=ORIENTED_EDGE('',*,*,#1469,.F.);
#1977=ORIENTED_EDGE('',*,*,#1466,.F.);
#1978=ORIENTED_EDGE('',*,*,#1474,.F.);
#1979=ORIENTED_EDGE('',*,*,#1477,.T.);
#1980=ORIENTED_EDGE('',*,*,#1480,.F.);
#1981=ORIENTED_EDGE('',*,*,#1541,.F.);
#1982=ORIENTED_EDGE('',*,*,#1542,.F.);
#1983=ORIENTED_EDGE('',*,*,#1516,.T.);
#1984=ORIENTED_EDGE('',*,*,#1543,.T.);
#1985=ORIENTED_EDGE('',*,*,#1544,.F.);
#1986=ORIENTED_EDGE('',*,*,#1545,.T.);
#1987=ORIENTED_EDGE('',*,*,#1489,.F.);
#1988=ORIENTED_EDGE('',*,*,#1493,.F.);
#1989=ORIENTED_EDGE('',*,*,#1546,.F.);
#1990=ORIENTED_EDGE('',*,*,#1496,.T.);
#1991=ORIENTED_EDGE('',*,*,#1500,.T.);
#1992=ORIENTED_EDGE('',*,*,#1547,.T.);
#1993=ORIENTED_EDGE('',*,*,#1548,.F.);
#1994=ORIENTED_EDGE('',*,*,#1549,.F.);
#1995=ORIENTED_EDGE('',*,*,#1550,.T.);
#1996=ORIENTED_EDGE('',*,*,#1478,.F.);
#1997=ORIENTED_EDGE('',*,*,#1475,.F.);
#1998=ORIENTED_EDGE('',*,*,#1472,.F.);
#1999=ORIENTED_EDGE('',*,*,#1468,.T.);
#2000=ORIENTED_EDGE('',*,*,#1471,.F.);
#2001=ORIENTED_EDGE('',*,*,#1551,.F.);
#2002=ORIENTED_EDGE('',*,*,#1552,.F.);
#2003=ORIENTED_EDGE('',*,*,#1553,.T.);
#2004=ORIENTED_EDGE('',*,*,#1554,.T.);
#2005=ORIENTED_EDGE('',*,*,#1555,.F.);
#2006=ORIENTED_EDGE('',*,*,#1556,.T.);
#2007=ORIENTED_EDGE('',*,*,#1483,.F.);
#2008=ORIENTED_EDGE('',*,*,#1557,.F.);
#2009=ORIENTED_EDGE('',*,*,#1558,.F.);
#2010=ORIENTED_EDGE('',*,*,#1559,.T.);
#2011=ORIENTED_EDGE('',*,*,#1481,.F.);
#2012=ORIENTED_EDGE('',*,*,#1560,.F.);
#2013=ORIENTED_EDGE('',*,*,#1561,.F.);
#2014=ORIENTED_EDGE('',*,*,#1562,.F.);
#2015=ORIENTED_EDGE('',*,*,#1563,.F.);
#2016=ORIENTED_EDGE('',*,*,#1564,.F.);
#2017=ORIENTED_EDGE('',*,*,#1565,.F.);
#2018=ORIENTED_EDGE('',*,*,#1566,.T.);
#2019=ORIENTED_EDGE('',*,*,#1567,.F.);
#2020=ORIENTED_EDGE('',*,*,#1568,.F.);
#2021=ORIENTED_EDGE('',*,*,#1569,.F.);
#2022=ORIENTED_EDGE('',*,*,#1570,.T.);
#2023=ORIENTED_EDGE('',*,*,#1571,.F.);
#2024=ORIENTED_EDGE('',*,*,#1572,.F.);
#2025=ORIENTED_EDGE('',*,*,#1573,.T.);
#2026=ORIENTED_EDGE('',*,*,#1571,.T.);
#2027=ORIENTED_EDGE('',*,*,#1574,.T.);
#2028=ORIENTED_EDGE('',*,*,#1567,.T.);
#2029=ORIENTED_EDGE('',*,*,#1575,.T.);
#2030=ORIENTED_EDGE('',*,*,#1576,.F.);
#2031=ORIENTED_EDGE('',*,*,#1577,.F.);
#2032=ORIENTED_EDGE('',*,*,#1578,.T.);
#2033=ORIENTED_EDGE('',*,*,#1565,.T.);
#2034=ORIENTED_EDGE('',*,*,#1579,.T.);
#2035=ORIENTED_EDGE('',*,*,#1580,.T.);
#2036=ORIENTED_EDGE('',*,*,#1558,.T.);
#2037=ORIENTED_EDGE('',*,*,#1581,.T.);
#2038=ORIENTED_EDGE('',*,*,#1582,.F.);
#2039=ORIENTED_EDGE('',*,*,#1583,.F.);
#2040=ORIENTED_EDGE('',*,*,#1527,.T.);
#2041=ORIENTED_EDGE('',*,*,#1534,.F.);
#2042=ORIENTED_EDGE('',*,*,#1518,.F.);
#2043=ORIENTED_EDGE('',*,*,#1584,.F.);
#2044=ORIENTED_EDGE('',*,*,#1508,.T.);
#2045=ORIENTED_EDGE('',*,*,#1524,.F.);
#2046=ORIENTED_EDGE('',*,*,#1533,.F.);
#2047=ORIENTED_EDGE('',*,*,#1555,.T.);
#2048=ORIENTED_EDGE('',*,*,#1585,.T.);
#2049=ORIENTED_EDGE('',*,*,#1509,.T.);
#2050=ORIENTED_EDGE('',*,*,#1584,.T.);
#2051=ORIENTED_EDGE('',*,*,#1532,.T.);
#2052=ORIENTED_EDGE('',*,*,#1586,.T.);
#2053=ORIENTED_EDGE('',*,*,#1587,.T.);
#2054=ORIENTED_EDGE('',*,*,#1588,.T.);
#2055=ORIENTED_EDGE('',*,*,#1589,.T.);
#2056=ORIENTED_EDGE('',*,*,#1590,.F.);
#2057=ORIENTED_EDGE('',*,*,#1591,.F.);
#2058=ORIENTED_EDGE('',*,*,#1541,.T.);
#2059=ORIENTED_EDGE('',*,*,#1479,.F.);
#2060=ORIENTED_EDGE('',*,*,#1550,.F.);
#2061=ORIENTED_EDGE('',*,*,#1592,.F.);
#2062=ORIENTED_EDGE('',*,*,#1551,.T.);
#2063=ORIENTED_EDGE('',*,*,#1470,.F.);
#2064=ORIENTED_EDGE('',*,*,#1540,.F.);
#2065=ORIENTED_EDGE('',*,*,#1593,.F.);
#2066=ORIENTED_EDGE('',*,*,#1594,.T.);
#2067=ORIENTED_EDGE('',*,*,#1595,.T.);
#2068=ORIENTED_EDGE('',*,*,#1596,.F.);
#2069=ORIENTED_EDGE('',*,*,#1595,.F.);
#2070=ORIENTED_EDGE('',*,*,#1597,.F.);
#2071=ORIENTED_EDGE('',*,*,#1598,.F.);
#2072=ORIENTED_EDGE('',*,*,#1599,.F.);
#2073=ORIENTED_EDGE('',*,*,#1600,.F.);
#2074=ORIENTED_EDGE('',*,*,#1512,.T.);
#2075=ORIENTED_EDGE('',*,*,#1601,.T.);
#2076=ORIENTED_EDGE('',*,*,#1602,.F.);
#2077=ORIENTED_EDGE('',*,*,#1601,.F.);
#2078=ORIENTED_EDGE('',*,*,#1511,.F.);
#2079=ORIENTED_EDGE('',*,*,#1603,.F.);
#2080=ORIENTED_EDGE('',*,*,#1604,.F.);
#2081=ORIENTED_EDGE('',*,*,#1605,.F.);
#2082=ORIENTED_EDGE('',*,*,#1606,.T.);
#2083=ORIENTED_EDGE('',*,*,#1607,.T.);
#2084=ORIENTED_EDGE('',*,*,#1536,.F.);
#2085=ORIENTED_EDGE('',*,*,#1537,.F.);
#2086=ORIENTED_EDGE('',*,*,#1607,.F.);
#2087=ORIENTED_EDGE('',*,*,#1608,.F.);
#2088=ORIENTED_EDGE('',*,*,#1609,.F.);
#2089=ORIENTED_EDGE('',*,*,#1610,.F.);
#2090=ORIENTED_EDGE('',*,*,#1544,.T.);
#2091=ORIENTED_EDGE('',*,*,#1611,.T.);
#2092=ORIENTED_EDGE('',*,*,#1514,.F.);
#2093=ORIENTED_EDGE('',*,*,#1611,.F.);
#2094=ORIENTED_EDGE('',*,*,#1543,.F.);
#2095=ORIENTED_EDGE('',*,*,#1515,.F.);
#2096=ORIENTED_EDGE('',*,*,#1612,.F.);
#2097=ORIENTED_EDGE('',*,*,#1580,.F.);
#2098=ORIENTED_EDGE('',*,*,#1613,.T.);
#2099=ORIENTED_EDGE('',*,*,#1597,.T.);
#2100=ORIENTED_EDGE('',*,*,#1594,.F.);
#2101=ORIENTED_EDGE('',*,*,#1614,.T.);
#2102=ORIENTED_EDGE('',*,*,#1602,.T.);
#2103=ORIENTED_EDGE('',*,*,#1603,.T.);
#2104=ORIENTED_EDGE('',*,*,#1510,.F.);
#2105=ORIENTED_EDGE('',*,*,#1585,.F.);
#2106=ORIENTED_EDGE('',*,*,#1557,.T.);
#2107=ORIENTED_EDGE('',*,*,#1482,.F.);
#2108=ORIENTED_EDGE('',*,*,#1559,.F.);
#2109=ORIENTED_EDGE('',*,*,#1564,.T.);
#2110=ORIENTED_EDGE('',*,*,#1615,.T.);
#2111=ORIENTED_EDGE('',*,*,#1616,.F.);
#2112=ORIENTED_EDGE('',*,*,#1617,.F.);
#2113=ORIENTED_EDGE('',*,*,#1596,.T.);
#2114=ORIENTED_EDGE('',*,*,#1598,.T.);
#2115=ORIENTED_EDGE('',*,*,#1613,.F.);
#2116=ORIENTED_EDGE('',*,*,#1579,.F.);
#2117=ORIENTED_EDGE('',*,*,#1568,.T.);
#2118=ORIENTED_EDGE('',*,*,#1574,.F.);
#2119=ORIENTED_EDGE('',*,*,#1570,.F.);
#2120=ORIENTED_EDGE('',*,*,#1618,.F.);
#2121=ORIENTED_EDGE('',*,*,#1538,.T.);
#2122=ORIENTED_EDGE('',*,*,#1608,.T.);
#2123=ORIENTED_EDGE('',*,*,#1606,.F.);
#2124=ORIENTED_EDGE('',*,*,#1619,.T.);
#2125=ORIENTED_EDGE('',*,*,#1486,.F.);
#2126=ORIENTED_EDGE('',*,*,#1620,.F.);
#2127=ORIENTED_EDGE('',*,*,#1621,.F.);
#2128=ORIENTED_EDGE('',*,*,#1498,.F.);
#2129=ORIENTED_EDGE('',*,*,#1490,.F.);
#2130=ORIENTED_EDGE('',*,*,#1545,.F.);
#2131=ORIENTED_EDGE('',*,*,#1610,.T.);
#2132=ORIENTED_EDGE('',*,*,#1513,.F.);
#2133=ORIENTED_EDGE('',*,*,#1600,.T.);
#2134=ORIENTED_EDGE('',*,*,#1614,.F.);
#2135=ORIENTED_EDGE('',*,*,#1593,.T.);
#2136=ORIENTED_EDGE('',*,*,#1619,.F.);
#2137=ORIENTED_EDGE('',*,*,#1605,.T.);
#2138=ORIENTED_EDGE('',*,*,#1535,.F.);
#2139=ORIENTED_EDGE('',*,*,#1622,.F.);
#2140=ORIENTED_EDGE('',*,*,#1623,.F.);
#2141=ORIENTED_EDGE('',*,*,#1624,.F.);
#2142=ORIENTED_EDGE('',*,*,#1625,.F.);
#2143=ORIENTED_EDGE('',*,*,#1626,.F.);
#2144=ORIENTED_EDGE('',*,*,#1627,.F.);
#2145=ORIENTED_EDGE('',*,*,#1628,.F.);
#2146=ORIENTED_EDGE('',*,*,#1629,.F.);
#2147=ORIENTED_EDGE('',*,*,#1630,.F.);
#2148=ORIENTED_EDGE('',*,*,#1631,.F.);
#2149=ORIENTED_EDGE('',*,*,#1632,.F.);
#2150=ORIENTED_EDGE('',*,*,#1633,.F.);
#2151=ORIENTED_EDGE('',*,*,#1634,.F.);
#2152=ORIENTED_EDGE('',*,*,#1635,.F.);
#2153=ORIENTED_EDGE('',*,*,#1636,.F.);
#2154=ORIENTED_EDGE('',*,*,#1637,.F.);
#2155=ORIENTED_EDGE('',*,*,#1638,.F.);
#2156=ORIENTED_EDGE('',*,*,#1639,.F.);
#2157=ORIENTED_EDGE('',*,*,#1640,.F.);
#2158=ORIENTED_EDGE('',*,*,#1641,.F.);
#2159=ORIENTED_EDGE('',*,*,#1642,.F.);
#2160=ORIENTED_EDGE('',*,*,#1643,.F.);
#2161=ORIENTED_EDGE('',*,*,#1644,.F.);
#2162=ORIENTED_EDGE('',*,*,#1645,.F.);
#2163=ORIENTED_EDGE('',*,*,#1646,.F.);
#2164=ORIENTED_EDGE('',*,*,#1647,.F.);
#2165=ORIENTED_EDGE('',*,*,#1648,.F.);
#2166=ORIENTED_EDGE('',*,*,#1649,.F.);
#2167=ORIENTED_EDGE('',*,*,#1650,.F.);
#2168=ORIENTED_EDGE('',*,*,#1651,.F.);
#2169=ORIENTED_EDGE('',*,*,#1652,.F.);
#2170=ORIENTED_EDGE('',*,*,#1653,.F.);
#2171=ORIENTED_EDGE('',*,*,#1654,.F.);
#2172=ORIENTED_EDGE('',*,*,#1655,.F.);
#2173=ORIENTED_EDGE('',*,*,#1656,.F.);
#2174=ORIENTED_EDGE('',*,*,#1657,.F.);
#2175=ORIENTED_EDGE('',*,*,#1658,.F.);
#2176=ORIENTED_EDGE('',*,*,#1659,.F.);
#2177=ORIENTED_EDGE('',*,*,#1660,.F.);
#2178=ORIENTED_EDGE('',*,*,#1661,.F.);
#2179=ORIENTED_EDGE('',*,*,#1662,.F.);
#2180=ORIENTED_EDGE('',*,*,#1663,.F.);
#2181=ORIENTED_EDGE('',*,*,#1664,.F.);
#2182=ORIENTED_EDGE('',*,*,#1665,.F.);
#2183=ORIENTED_EDGE('',*,*,#1666,.F.);
#2184=ORIENTED_EDGE('',*,*,#1667,.F.);
#2185=ORIENTED_EDGE('',*,*,#1668,.F.);
#2186=ORIENTED_EDGE('',*,*,#1669,.F.);
#2187=ORIENTED_EDGE('',*,*,#1670,.F.);
#2188=ORIENTED_EDGE('',*,*,#1671,.F.);
#2189=ORIENTED_EDGE('',*,*,#1672,.F.);
#2190=ORIENTED_EDGE('',*,*,#1673,.F.);
#2191=ORIENTED_EDGE('',*,*,#1674,.F.);
#2192=ORIENTED_EDGE('',*,*,#1675,.F.);
#2193=ORIENTED_EDGE('',*,*,#1676,.F.);
#2194=ORIENTED_EDGE('',*,*,#1677,.F.);
#2195=ORIENTED_EDGE('',*,*,#1589,.F.);
#2196=ORIENTED_EDGE('',*,*,#1678,.T.);
#2197=ORIENTED_EDGE('',*,*,#1604,.T.);
#2198=ORIENTED_EDGE('',*,*,#1678,.F.);
#2199=ORIENTED_EDGE('',*,*,#1581,.F.);
#2200=ORIENTED_EDGE('',*,*,#1679,.T.);
#2201=ORIENTED_EDGE('',*,*,#1599,.T.);
#2202=ORIENTED_EDGE('',*,*,#1679,.F.);
#2203=ORIENTED_EDGE('',*,*,#1680,.F.);
#2204=ORIENTED_EDGE('',*,*,#1681,.T.);
#2205=ORIENTED_EDGE('',*,*,#1612,.T.);
#2206=ORIENTED_EDGE('',*,*,#1681,.F.);
#2207=ORIENTED_EDGE('',*,*,#1682,.F.);
#2208=ORIENTED_EDGE('',*,*,#1683,.T.);
#2209=ORIENTED_EDGE('',*,*,#1609,.T.);
#2210=ORIENTED_EDGE('',*,*,#1683,.F.);
#2211=ORIENTED_EDGE('',*,*,#1684,.F.);
#2212=ORIENTED_EDGE('',*,*,#1685,.F.);
#2213=ORIENTED_EDGE('',*,*,#1686,.F.);
#2214=ORIENTED_EDGE('',*,*,#1687,.T.);
#2215=ORIENTED_EDGE('',*,*,#1688,.F.);
#2216=ORIENTED_EDGE('',*,*,#1689,.F.);
#2217=ORIENTED_EDGE('',*,*,#1690,.F.);
#2218=ORIENTED_EDGE('',*,*,#1685,.T.);
#2219=ORIENTED_EDGE('',*,*,#1691,.F.);
#2220=ORIENTED_EDGE('',*,*,#1692,.F.);
#2221=ORIENTED_EDGE('',*,*,#1693,.F.);
#2222=ORIENTED_EDGE('',*,*,#1689,.T.);
#2223=ORIENTED_EDGE('',*,*,#1694,.F.);
#2224=ORIENTED_EDGE('',*,*,#1687,.F.);
#2225=ORIENTED_EDGE('',*,*,#1695,.F.);
#2226=ORIENTED_EDGE('',*,*,#1692,.T.);
#2227=ORIENTED_EDGE('',*,*,#1688,.T.);
#2228=ORIENTED_EDGE('',*,*,#1684,.T.);
#2229=ORIENTED_EDGE('',*,*,#1694,.T.);
#2230=ORIENTED_EDGE('',*,*,#1691,.T.);
#2231=ORIENTED_EDGE('',*,*,#1696,.T.);
#2232=ORIENTED_EDGE('',*,*,#1697,.T.);
#2233=ORIENTED_EDGE('',*,*,#1698,.T.);
#2234=ORIENTED_EDGE('',*,*,#1699,.T.);
#2235=ORIENTED_EDGE('',*,*,#1700,.T.);
#2236=ORIENTED_EDGE('',*,*,#1701,.T.);
#2237=ORIENTED_EDGE('',*,*,#1674,.T.);
#2238=ORIENTED_EDGE('',*,*,#1702,.T.);
#2239=ORIENTED_EDGE('',*,*,#1675,.T.);
#2240=ORIENTED_EDGE('',*,*,#1701,.F.);
#2241=ORIENTED_EDGE('',*,*,#1703,.T.);
#2242=ORIENTED_EDGE('',*,*,#1704,.F.);
#2243=ORIENTED_EDGE('',*,*,#1705,.T.);
#2244=ORIENTED_EDGE('',*,*,#1702,.F.);
#2245=ORIENTED_EDGE('',*,*,#1677,.T.);
#2246=ORIENTED_EDGE('',*,*,#1706,.T.);
#2247=ORIENTED_EDGE('',*,*,#1707,.T.);
#2248=ORIENTED_EDGE('',*,*,#1706,.F.);
#2249=ORIENTED_EDGE('',*,*,#1676,.T.);
#2250=ORIENTED_EDGE('',*,*,#1704,.T.);
#2251=ORIENTED_EDGE('',*,*,#1703,.F.);
#2252=ORIENTED_EDGE('',*,*,#1708,.F.);
#2253=ORIENTED_EDGE('',*,*,#1709,.T.);
#2254=ORIENTED_EDGE('',*,*,#1710,.F.);
#2255=ORIENTED_EDGE('',*,*,#1586,.F.);
#2256=ORIENTED_EDGE('',*,*,#1531,.T.);
#2257=ORIENTED_EDGE('',*,*,#1711,.T.);
#2258=ORIENTED_EDGE('',*,*,#1712,.T.);
#2259=ORIENTED_EDGE('',*,*,#1700,.F.);
#2260=ORIENTED_EDGE('',*,*,#1713,.F.);
#2261=ORIENTED_EDGE('',*,*,#1714,.T.);
#2262=ORIENTED_EDGE('',*,*,#1708,.T.);
#2263=ORIENTED_EDGE('',*,*,#1715,.T.);
#2264=ORIENTED_EDGE('',*,*,#1716,.T.);
#2265=ORIENTED_EDGE('',*,*,#1622,.T.);
#2266=ORIENTED_EDGE('',*,*,#1717,.T.);
#2267=ORIENTED_EDGE('',*,*,#1625,.T.);
#2268=ORIENTED_EDGE('',*,*,#1718,.T.);
#2269=ORIENTED_EDGE('',*,*,#1719,.T.);
#2270=ORIENTED_EDGE('',*,*,#1717,.F.);
#2271=ORIENTED_EDGE('',*,*,#1720,.T.);
#2272=ORIENTED_EDGE('',*,*,#1718,.F.);
#2273=ORIENTED_EDGE('',*,*,#1624,.T.);
#2274=ORIENTED_EDGE('',*,*,#1721,.T.);
#2275=ORIENTED_EDGE('',*,*,#1722,.T.);
#2276=ORIENTED_EDGE('',*,*,#1721,.F.);
#2277=ORIENTED_EDGE('',*,*,#1623,.T.);
#2278=ORIENTED_EDGE('',*,*,#1716,.F.);
#2279=ORIENTED_EDGE('',*,*,#1722,.F.);
#2280=ORIENTED_EDGE('',*,*,#1723,.T.);
#2281=ORIENTED_EDGE('',*,*,#1698,.F.);
#2282=ORIENTED_EDGE('',*,*,#1724,.T.);
#2283=ORIENTED_EDGE('',*,*,#1715,.F.);
#2284=ORIENTED_EDGE('',*,*,#1725,.F.);
#2285=ORIENTED_EDGE('',*,*,#1699,.F.);
#2286=ORIENTED_EDGE('',*,*,#1723,.F.);
#2287=ORIENTED_EDGE('',*,*,#1670,.T.);
#2288=ORIENTED_EDGE('',*,*,#1726,.T.);
#2289=ORIENTED_EDGE('',*,*,#1727,.T.);
#2290=ORIENTED_EDGE('',*,*,#1728,.T.);
#2291=ORIENTED_EDGE('',*,*,#1729,.T.);
#2292=ORIENTED_EDGE('',*,*,#1726,.F.);
#2293=ORIENTED_EDGE('',*,*,#1673,.T.);
#2294=ORIENTED_EDGE('',*,*,#1730,.T.);
#2295=ORIENTED_EDGE('',*,*,#1731,.T.);
#2296=ORIENTED_EDGE('',*,*,#1730,.F.);
#2297=ORIENTED_EDGE('',*,*,#1672,.T.);
#2298=ORIENTED_EDGE('',*,*,#1732,.T.);
#2299=ORIENTED_EDGE('',*,*,#1733,.T.);
#2300=ORIENTED_EDGE('',*,*,#1732,.F.);
#2301=ORIENTED_EDGE('',*,*,#1671,.T.);
#2302=ORIENTED_EDGE('',*,*,#1728,.F.);
#2303=ORIENTED_EDGE('',*,*,#1733,.F.);
#2304=ORIENTED_EDGE('',*,*,#1734,.F.);
#2305=ORIENTED_EDGE('',*,*,#1735,.T.);
#2306=ORIENTED_EDGE('',*,*,#1736,.T.);
#2307=ORIENTED_EDGE('',*,*,#1727,.F.);
#2308=ORIENTED_EDGE('',*,*,#1737,.F.);
#2309=ORIENTED_EDGE('',*,*,#1738,.T.);
#2310=ORIENTED_EDGE('',*,*,#1734,.T.);
#2311=ORIENTED_EDGE('',*,*,#1739,.T.);
#2312=ORIENTED_EDGE('',*,*,#1740,.T.);
#2313=ORIENTED_EDGE('',*,*,#1626,.T.);
#2314=ORIENTED_EDGE('',*,*,#1741,.T.);
#2315=ORIENTED_EDGE('',*,*,#1629,.T.);
#2316=ORIENTED_EDGE('',*,*,#1742,.T.);
#2317=ORIENTED_EDGE('',*,*,#1743,.T.);
#2318=ORIENTED_EDGE('',*,*,#1741,.F.);
#2319=ORIENTED_EDGE('',*,*,#1744,.T.);
#2320=ORIENTED_EDGE('',*,*,#1742,.F.);
#2321=ORIENTED_EDGE('',*,*,#1628,.T.);
#2322=ORIENTED_EDGE('',*,*,#1745,.T.);
#2323=ORIENTED_EDGE('',*,*,#1746,.T.);
#2324=ORIENTED_EDGE('',*,*,#1745,.F.);
#2325=ORIENTED_EDGE('',*,*,#1627,.T.);
#2326=ORIENTED_EDGE('',*,*,#1740,.F.);
#2327=ORIENTED_EDGE('',*,*,#1746,.F.);
#2328=ORIENTED_EDGE('',*,*,#1747,.F.);
#2329=ORIENTED_EDGE('',*,*,#1748,.T.);
#2330=ORIENTED_EDGE('',*,*,#1749,.T.);
#2331=ORIENTED_EDGE('',*,*,#1739,.F.);
#2332=ORIENTED_EDGE('',*,*,#1750,.F.);
#2333=ORIENTED_EDGE('',*,*,#1751,.T.);
#2334=ORIENTED_EDGE('',*,*,#1747,.T.);
#2335=ORIENTED_EDGE('',*,*,#1666,.T.);
#2336=ORIENTED_EDGE('',*,*,#1752,.T.);
#2337=ORIENTED_EDGE('',*,*,#1753,.T.);
#2338=ORIENTED_EDGE('',*,*,#1754,.T.);
#2339=ORIENTED_EDGE('',*,*,#1755,.T.);
#2340=ORIENTED_EDGE('',*,*,#1752,.F.);
#2341=ORIENTED_EDGE('',*,*,#1669,.T.);
#2342=ORIENTED_EDGE('',*,*,#1756,.T.);
#2343=ORIENTED_EDGE('',*,*,#1757,.T.);
#2344=ORIENTED_EDGE('',*,*,#1756,.F.);
#2345=ORIENTED_EDGE('',*,*,#1668,.T.);
#2346=ORIENTED_EDGE('',*,*,#1758,.T.);
#2347=ORIENTED_EDGE('',*,*,#1759,.T.);
#2348=ORIENTED_EDGE('',*,*,#1758,.F.);
#2349=ORIENTED_EDGE('',*,*,#1667,.T.);
#2350=ORIENTED_EDGE('',*,*,#1754,.F.);
#2351=ORIENTED_EDGE('',*,*,#1759,.F.);
#2352=ORIENTED_EDGE('',*,*,#1760,.F.);
#2353=ORIENTED_EDGE('',*,*,#1761,.T.);
#2354=ORIENTED_EDGE('',*,*,#1762,.T.);
#2355=ORIENTED_EDGE('',*,*,#1753,.F.);
#2356=ORIENTED_EDGE('',*,*,#1763,.F.);
#2357=ORIENTED_EDGE('',*,*,#1764,.T.);
#2358=ORIENTED_EDGE('',*,*,#1760,.T.);
#2359=ORIENTED_EDGE('',*,*,#1765,.F.);
#2360=ORIENTED_EDGE('',*,*,#1766,.F.);
#2361=ORIENTED_EDGE('',*,*,#1767,.F.);
#2362=ORIENTED_EDGE('',*,*,#1709,.F.);
#2363=ORIENTED_EDGE('',*,*,#1714,.F.);
#2364=ORIENTED_EDGE('',*,*,#1768,.F.);
#2365=ORIENTED_EDGE('',*,*,#1769,.F.);
#2366=ORIENTED_EDGE('',*,*,#1711,.F.);
#2367=ORIENTED_EDGE('',*,*,#1530,.F.);
#2368=ORIENTED_EDGE('',*,*,#1770,.F.);
#2369=ORIENTED_EDGE('',*,*,#1771,.F.);
#2370=ORIENTED_EDGE('',*,*,#1547,.F.);
#2371=ORIENTED_EDGE('',*,*,#1772,.T.);
#2372=ORIENTED_EDGE('',*,*,#1554,.F.);
#2373=ORIENTED_EDGE('',*,*,#1773,.F.);
#2374=ORIENTED_EDGE('',*,*,#1774,.F.);
#2375=ORIENTED_EDGE('',*,*,#1775,.F.);
#2376=ORIENTED_EDGE('',*,*,#1776,.F.);
#2377=ORIENTED_EDGE('',*,*,#1777,.F.);
#2378=ORIENTED_EDGE('',*,*,#1778,.F.);
#2379=ORIENTED_EDGE('',*,*,#1779,.F.);
#2380=ORIENTED_EDGE('',*,*,#1616,.T.);
#2381=ORIENTED_EDGE('',*,*,#1780,.F.);
#2382=ORIENTED_EDGE('',*,*,#1781,.F.);
#2383=ORIENTED_EDGE('',*,*,#1782,.F.);
#2384=ORIENTED_EDGE('',*,*,#1783,.F.);
#2385=ORIENTED_EDGE('',*,*,#1784,.F.);
#2386=ORIENTED_EDGE('',*,*,#1785,.F.);
#2387=ORIENTED_EDGE('',*,*,#1786,.F.);
#2388=ORIENTED_EDGE('',*,*,#1787,.F.);
#2389=ORIENTED_EDGE('',*,*,#1788,.F.);
#2390=ORIENTED_EDGE('',*,*,#1789,.F.);
#2391=ORIENTED_EDGE('',*,*,#1790,.F.);
#2392=ORIENTED_EDGE('',*,*,#1791,.F.);
#2393=ORIENTED_EDGE('',*,*,#1761,.F.);
#2394=ORIENTED_EDGE('',*,*,#1764,.F.);
#2395=ORIENTED_EDGE('',*,*,#1792,.F.);
#2396=ORIENTED_EDGE('',*,*,#1793,.F.);
#2397=ORIENTED_EDGE('',*,*,#1794,.F.);
#2398=ORIENTED_EDGE('',*,*,#1795,.F.);
#2399=ORIENTED_EDGE('',*,*,#1796,.F.);
#2400=ORIENTED_EDGE('',*,*,#1797,.F.);
#2401=ORIENTED_EDGE('',*,*,#1735,.F.);
#2402=ORIENTED_EDGE('',*,*,#1738,.F.);
#2403=ORIENTED_EDGE('',*,*,#1798,.F.);
#2404=ORIENTED_EDGE('',*,*,#1799,.F.);
#2405=ORIENTED_EDGE('',*,*,#1800,.F.);
#2406=ORIENTED_EDGE('',*,*,#1801,.F.);
#2407=ORIENTED_EDGE('',*,*,#1802,.F.);
#2408=ORIENTED_EDGE('',*,*,#1803,.F.);
#2409=ORIENTED_EDGE('',*,*,#1804,.F.);
#2410=ORIENTED_EDGE('',*,*,#1805,.F.);
#2411=ORIENTED_EDGE('',*,*,#1806,.F.);
#2412=ORIENTED_EDGE('',*,*,#1807,.F.);
#2413=ORIENTED_EDGE('',*,*,#1748,.F.);
#2414=ORIENTED_EDGE('',*,*,#1751,.F.);
#2415=ORIENTED_EDGE('',*,*,#1808,.F.);
#2416=ORIENTED_EDGE('',*,*,#1809,.F.);
#2417=ORIENTED_EDGE('',*,*,#1810,.F.);
#2418=ORIENTED_EDGE('',*,*,#1811,.F.);
#2419=ORIENTED_EDGE('',*,*,#1812,.F.);
#2420=ORIENTED_EDGE('',*,*,#1813,.F.);
#2421=ORIENTED_EDGE('',*,*,#1814,.F.);
#2422=ORIENTED_EDGE('',*,*,#1815,.F.);
#2423=ORIENTED_EDGE('',*,*,#1816,.F.);
#2424=ORIENTED_EDGE('',*,*,#1817,.F.);
#2425=ORIENTED_EDGE('',*,*,#1686,.T.);
#2426=ORIENTED_EDGE('',*,*,#1690,.T.);
#2427=ORIENTED_EDGE('',*,*,#1693,.T.);
#2428=ORIENTED_EDGE('',*,*,#1695,.T.);
#2429=ORIENTED_EDGE('',*,*,#1663,.T.);
#2430=ORIENTED_EDGE('',*,*,#1818,.F.);
#2431=ORIENTED_EDGE('',*,*,#1817,.T.);
#2432=ORIENTED_EDGE('',*,*,#1819,.T.);
#2433=ORIENTED_EDGE('',*,*,#1662,.T.);
#2434=ORIENTED_EDGE('',*,*,#1820,.F.);
#2435=ORIENTED_EDGE('',*,*,#1814,.T.);
#2436=ORIENTED_EDGE('',*,*,#1818,.T.);
#2437=ORIENTED_EDGE('',*,*,#1659,.T.);
#2438=ORIENTED_EDGE('',*,*,#1821,.F.);
#2439=ORIENTED_EDGE('',*,*,#1813,.T.);
#2440=ORIENTED_EDGE('',*,*,#1822,.T.);
#2441=ORIENTED_EDGE('',*,*,#1658,.T.);
#2442=ORIENTED_EDGE('',*,*,#1823,.F.);
#2443=ORIENTED_EDGE('',*,*,#1810,.T.);
#2444=ORIENTED_EDGE('',*,*,#1821,.T.);
#2445=ORIENTED_EDGE('',*,*,#1744,.F.);
#2446=ORIENTED_EDGE('',*,*,#1749,.F.);
#2447=ORIENTED_EDGE('',*,*,#1809,.T.);
#2448=ORIENTED_EDGE('',*,*,#1824,.T.);
#2449=ORIENTED_EDGE('',*,*,#1654,.T.);
#2450=ORIENTED_EDGE('',*,*,#1825,.F.);
#2451=ORIENTED_EDGE('',*,*,#1807,.T.);
#2452=ORIENTED_EDGE('',*,*,#1826,.T.);
#2453=ORIENTED_EDGE('',*,*,#1653,.T.);
#2454=ORIENTED_EDGE('',*,*,#1827,.F.);
#2455=ORIENTED_EDGE('',*,*,#1804,.T.);
#2456=ORIENTED_EDGE('',*,*,#1825,.T.);
#2457=ORIENTED_EDGE('',*,*,#1650,.T.);
#2458=ORIENTED_EDGE('',*,*,#1828,.F.);
#2459=ORIENTED_EDGE('',*,*,#1803,.T.);
#2460=ORIENTED_EDGE('',*,*,#1829,.T.);
#2461=ORIENTED_EDGE('',*,*,#1649,.T.);
#2462=ORIENTED_EDGE('',*,*,#1830,.F.);
#2463=ORIENTED_EDGE('',*,*,#1800,.T.);
#2464=ORIENTED_EDGE('',*,*,#1828,.T.);
#2465=ORIENTED_EDGE('',*,*,#1731,.F.);
#2466=ORIENTED_EDGE('',*,*,#1736,.F.);
#2467=ORIENTED_EDGE('',*,*,#1799,.T.);
#2468=ORIENTED_EDGE('',*,*,#1831,.T.);
#2469=ORIENTED_EDGE('',*,*,#1644,.T.);
#2470=ORIENTED_EDGE('',*,*,#1832,.F.);
#2471=ORIENTED_EDGE('',*,*,#1797,.T.);
#2472=ORIENTED_EDGE('',*,*,#1833,.T.);
#2473=ORIENTED_EDGE('',*,*,#1643,.T.);
#2474=ORIENTED_EDGE('',*,*,#1834,.F.);
#2475=ORIENTED_EDGE('',*,*,#1794,.T.);
#2476=ORIENTED_EDGE('',*,*,#1832,.T.);
#2477=ORIENTED_EDGE('',*,*,#1707,.F.);
#2478=ORIENTED_EDGE('',*,*,#1712,.F.);
#2479=ORIENTED_EDGE('',*,*,#1769,.T.);
#2480=ORIENTED_EDGE('',*,*,#1835,.T.);
#2481=ORIENTED_EDGE('',*,*,#1757,.F.);
#2482=ORIENTED_EDGE('',*,*,#1762,.F.);
#2483=ORIENTED_EDGE('',*,*,#1793,.T.);
#2484=ORIENTED_EDGE('',*,*,#1836,.T.);
#2485=ORIENTED_EDGE('',*,*,#1640,.T.);
#2486=ORIENTED_EDGE('',*,*,#1837,.F.);
#2487=ORIENTED_EDGE('',*,*,#1791,.T.);
#2488=ORIENTED_EDGE('',*,*,#1838,.T.);
#2489=ORIENTED_EDGE('',*,*,#1639,.T.);
#2490=ORIENTED_EDGE('',*,*,#1839,.F.);
#2491=ORIENTED_EDGE('',*,*,#1788,.T.);
#2492=ORIENTED_EDGE('',*,*,#1837,.T.);
#2493=ORIENTED_EDGE('',*,*,#1636,.T.);
#2494=ORIENTED_EDGE('',*,*,#1840,.F.);
#2495=ORIENTED_EDGE('',*,*,#1787,.T.);
#2496=ORIENTED_EDGE('',*,*,#1841,.T.);
#2497=ORIENTED_EDGE('',*,*,#1635,.T.);
#2498=ORIENTED_EDGE('',*,*,#1842,.F.);
#2499=ORIENTED_EDGE('',*,*,#1784,.T.);
#2500=ORIENTED_EDGE('',*,*,#1840,.T.);
#2501=ORIENTED_EDGE('',*,*,#1632,.T.);
#2502=ORIENTED_EDGE('',*,*,#1843,.F.);
#2503=ORIENTED_EDGE('',*,*,#1783,.T.);
#2504=ORIENTED_EDGE('',*,*,#1844,.T.);
#2505=ORIENTED_EDGE('',*,*,#1631,.T.);
#2506=ORIENTED_EDGE('',*,*,#1845,.F.);
#2507=ORIENTED_EDGE('',*,*,#1780,.T.);
#2508=ORIENTED_EDGE('',*,*,#1843,.T.);
#2509=ORIENTED_EDGE('',*,*,#1720,.F.);
#2510=ORIENTED_EDGE('',*,*,#1724,.F.);
#2511=ORIENTED_EDGE('',*,*,#1697,.F.);
#2512=ORIENTED_EDGE('',*,*,#1846,.T.);
#2513=ORIENTED_EDGE('',*,*,#1661,.T.);
#2514=ORIENTED_EDGE('',*,*,#1847,.F.);
#2515=ORIENTED_EDGE('',*,*,#1815,.T.);
#2516=ORIENTED_EDGE('',*,*,#1820,.T.);
#2517=ORIENTED_EDGE('',*,*,#1664,.T.);
#2518=ORIENTED_EDGE('',*,*,#1819,.F.);
#2519=ORIENTED_EDGE('',*,*,#1816,.T.);
#2520=ORIENTED_EDGE('',*,*,#1847,.T.);
#2521=ORIENTED_EDGE('',*,*,#1657,.T.);
#2522=ORIENTED_EDGE('',*,*,#1848,.F.);
#2523=ORIENTED_EDGE('',*,*,#1811,.T.);
#2524=ORIENTED_EDGE('',*,*,#1823,.T.);
#2525=ORIENTED_EDGE('',*,*,#1660,.T.);
#2526=ORIENTED_EDGE('',*,*,#1822,.F.);
#2527=ORIENTED_EDGE('',*,*,#1812,.T.);
#2528=ORIENTED_EDGE('',*,*,#1848,.T.);
#2529=ORIENTED_EDGE('',*,*,#1743,.F.);
#2530=ORIENTED_EDGE('',*,*,#1824,.F.);
#2531=ORIENTED_EDGE('',*,*,#1808,.T.);
#2532=ORIENTED_EDGE('',*,*,#1750,.T.);
#2533=ORIENTED_EDGE('',*,*,#1652,.T.);
#2534=ORIENTED_EDGE('',*,*,#1849,.F.);
#2535=ORIENTED_EDGE('',*,*,#1805,.T.);
#2536=ORIENTED_EDGE('',*,*,#1827,.T.);
#2537=ORIENTED_EDGE('',*,*,#1655,.T.);
#2538=ORIENTED_EDGE('',*,*,#1826,.F.);
#2539=ORIENTED_EDGE('',*,*,#1806,.T.);
#2540=ORIENTED_EDGE('',*,*,#1849,.T.);
#2541=ORIENTED_EDGE('',*,*,#1648,.T.);
#2542=ORIENTED_EDGE('',*,*,#1850,.F.);
#2543=ORIENTED_EDGE('',*,*,#1801,.T.);
#2544=ORIENTED_EDGE('',*,*,#1830,.T.);
#2545=ORIENTED_EDGE('',*,*,#1651,.T.);
#2546=ORIENTED_EDGE('',*,*,#1829,.F.);
#2547=ORIENTED_EDGE('',*,*,#1802,.T.);
#2548=ORIENTED_EDGE('',*,*,#1850,.T.);
#2549=ORIENTED_EDGE('',*,*,#1729,.F.);
#2550=ORIENTED_EDGE('',*,*,#1831,.F.);
#2551=ORIENTED_EDGE('',*,*,#1798,.T.);
#2552=ORIENTED_EDGE('',*,*,#1737,.T.);
#2553=ORIENTED_EDGE('',*,*,#1642,.T.);
#2554=ORIENTED_EDGE('',*,*,#1851,.F.);
#2555=ORIENTED_EDGE('',*,*,#1795,.T.);
#2556=ORIENTED_EDGE('',*,*,#1834,.T.);
#2557=ORIENTED_EDGE('',*,*,#1645,.T.);
#2558=ORIENTED_EDGE('',*,*,#1833,.F.);
#2559=ORIENTED_EDGE('',*,*,#1796,.T.);
#2560=ORIENTED_EDGE('',*,*,#1851,.T.);
#2561=ORIENTED_EDGE('',*,*,#1705,.F.);
#2562=ORIENTED_EDGE('',*,*,#1835,.F.);
#2563=ORIENTED_EDGE('',*,*,#1768,.T.);
#2564=ORIENTED_EDGE('',*,*,#1713,.T.);
#2565=ORIENTED_EDGE('',*,*,#1755,.F.);
#2566=ORIENTED_EDGE('',*,*,#1836,.F.);
#2567=ORIENTED_EDGE('',*,*,#1792,.T.);
#2568=ORIENTED_EDGE('',*,*,#1763,.T.);
#2569=ORIENTED_EDGE('',*,*,#1638,.T.);
#2570=ORIENTED_EDGE('',*,*,#1852,.F.);
#2571=ORIENTED_EDGE('',*,*,#1789,.T.);
#2572=ORIENTED_EDGE('',*,*,#1839,.T.);
#2573=ORIENTED_EDGE('',*,*,#1641,.T.);
#2574=ORIENTED_EDGE('',*,*,#1838,.F.);
#2575=ORIENTED_EDGE('',*,*,#1790,.T.);
#2576=ORIENTED_EDGE('',*,*,#1852,.T.);
#2577=ORIENTED_EDGE('',*,*,#1634,.T.);
#2578=ORIENTED_EDGE('',*,*,#1853,.F.);
#2579=ORIENTED_EDGE('',*,*,#1785,.T.);
#2580=ORIENTED_EDGE('',*,*,#1842,.T.);
#2581=ORIENTED_EDGE('',*,*,#1637,.T.);
#2582=ORIENTED_EDGE('',*,*,#1841,.F.);
#2583=ORIENTED_EDGE('',*,*,#1786,.T.);
#2584=ORIENTED_EDGE('',*,*,#1853,.T.);
#2585=ORIENTED_EDGE('',*,*,#1630,.T.);
#2586=ORIENTED_EDGE('',*,*,#1854,.F.);
#2587=ORIENTED_EDGE('',*,*,#1781,.T.);
#2588=ORIENTED_EDGE('',*,*,#1845,.T.);
#2589=ORIENTED_EDGE('',*,*,#1633,.T.);
#2590=ORIENTED_EDGE('',*,*,#1844,.F.);
#2591=ORIENTED_EDGE('',*,*,#1782,.T.);
#2592=ORIENTED_EDGE('',*,*,#1854,.T.);
#2593=ORIENTED_EDGE('',*,*,#1719,.F.);
#2594=ORIENTED_EDGE('',*,*,#1846,.F.);
#2595=ORIENTED_EDGE('',*,*,#1696,.F.);
#2596=ORIENTED_EDGE('',*,*,#1725,.T.);
#2597=ORIENTED_EDGE('',*,*,#1621,.T.);
#2598=ORIENTED_EDGE('',*,*,#1855,.F.);
#2599=ORIENTED_EDGE('',*,*,#1772,.F.);
#2600=ORIENTED_EDGE('',*,*,#1499,.T.);
#2601=ORIENTED_EDGE('',*,*,#1779,.T.);
#2602=ORIENTED_EDGE('',*,*,#1856,.F.);
#2603=ORIENTED_EDGE('',*,*,#1561,.T.);
#2604=ORIENTED_EDGE('',*,*,#1617,.T.);
#2605=ORIENTED_EDGE('',*,*,#1778,.T.);
#2606=ORIENTED_EDGE('',*,*,#1857,.F.);
#2607=ORIENTED_EDGE('',*,*,#1575,.F.);
#2608=ORIENTED_EDGE('',*,*,#1560,.T.);
#2609=ORIENTED_EDGE('',*,*,#1484,.F.);
#2610=ORIENTED_EDGE('',*,*,#1556,.F.);
#2611=ORIENTED_EDGE('',*,*,#1588,.F.);
#2612=ORIENTED_EDGE('',*,*,#1858,.T.);
#2613=ORIENTED_EDGE('',*,*,#1766,.T.);
#2614=ORIENTED_EDGE('',*,*,#1859,.F.);
#2615=ORIENTED_EDGE('',*,*,#1562,.T.);
#2616=ORIENTED_EDGE('',*,*,#1856,.T.);
#2617=ORIENTED_EDGE('',*,*,#1777,.T.);
#2618=ORIENTED_EDGE('',*,*,#1860,.F.);
#2619=ORIENTED_EDGE('',*,*,#1576,.T.);
#2620=ORIENTED_EDGE('',*,*,#1857,.T.);
#2621=ORIENTED_EDGE('',*,*,#1776,.T.);
#2622=ORIENTED_EDGE('',*,*,#1861,.F.);
#2623=ORIENTED_EDGE('',*,*,#1577,.T.);
#2624=ORIENTED_EDGE('',*,*,#1860,.T.);
#2625=ORIENTED_EDGE('',*,*,#1775,.T.);
#2626=ORIENTED_EDGE('',*,*,#1862,.F.);
#2627=ORIENTED_EDGE('',*,*,#1863,.F.);
#2628=ORIENTED_EDGE('',*,*,#1572,.T.);
#2629=ORIENTED_EDGE('',*,*,#1573,.F.);
#2630=ORIENTED_EDGE('',*,*,#1566,.F.);
#2631=ORIENTED_EDGE('',*,*,#1578,.F.);
#2632=ORIENTED_EDGE('',*,*,#1861,.T.);
#2633=ORIENTED_EDGE('',*,*,#1647,.T.);
#2634=ORIENTED_EDGE('',*,*,#1864,.T.);
#2635=ORIENTED_EDGE('',*,*,#1582,.T.);
#2636=ORIENTED_EDGE('',*,*,#1864,.F.);
#2637=ORIENTED_EDGE('',*,*,#1646,.T.);
#2638=ORIENTED_EDGE('',*,*,#1865,.T.);
#2639=ORIENTED_EDGE('',*,*,#1866,.T.);
#2640=ORIENTED_EDGE('',*,*,#1865,.F.);
#2641=ORIENTED_EDGE('',*,*,#1774,.T.);
#2642=ORIENTED_EDGE('',*,*,#1867,.F.);
#2643=ORIENTED_EDGE('',*,*,#1868,.F.);
#2644=ORIENTED_EDGE('',*,*,#1862,.T.);
#2645=ORIENTED_EDGE('',*,*,#1773,.T.);
#2646=ORIENTED_EDGE('',*,*,#1553,.F.);
#2647=ORIENTED_EDGE('',*,*,#1869,.F.);
#2648=ORIENTED_EDGE('',*,*,#1867,.T.);
#2649=ORIENTED_EDGE('',*,*,#1485,.F.);
#2650=ORIENTED_EDGE('',*,*,#1497,.T.);
#2651=ORIENTED_EDGE('',*,*,#1546,.T.);
#2652=ORIENTED_EDGE('',*,*,#1855,.T.);
#2653=ORIENTED_EDGE('',*,*,#1620,.T.);
#2654=ORIENTED_EDGE('',*,*,#1863,.T.);
#2655=ORIENTED_EDGE('',*,*,#1868,.T.);
#2656=ORIENTED_EDGE('',*,*,#1869,.T.);
#2657=ORIENTED_EDGE('',*,*,#1552,.T.);
#2658=ORIENTED_EDGE('',*,*,#1592,.T.);
#2659=ORIENTED_EDGE('',*,*,#1539,.T.);
#2660=ORIENTED_EDGE('',*,*,#1618,.T.);
#2661=ORIENTED_EDGE('',*,*,#1569,.T.);
#2662=ORIENTED_EDGE('',*,*,#1682,.T.);
#2663=ORIENTED_EDGE('',*,*,#1866,.F.);
#2664=ORIENTED_EDGE('',*,*,#1767,.T.);
#2665=ORIENTED_EDGE('',*,*,#1858,.F.);
#2666=ORIENTED_EDGE('',*,*,#1587,.F.);
#2667=ORIENTED_EDGE('',*,*,#1710,.T.);
#2668=ORIENTED_EDGE('',*,*,#1765,.T.);
#2669=ORIENTED_EDGE('',*,*,#1615,.F.);
#2670=ORIENTED_EDGE('',*,*,#1563,.T.);
#2671=ORIENTED_EDGE('',*,*,#1859,.T.);
#2672=ORIENTED_EDGE('',*,*,#1665,.T.);
#2673=ORIENTED_EDGE('',*,*,#1870,.T.);
#2674=ORIENTED_EDGE('',*,*,#1871,.T.);
#2675=ORIENTED_EDGE('',*,*,#1870,.F.);
#2676=ORIENTED_EDGE('',*,*,#1656,.T.);
#2677=ORIENTED_EDGE('',*,*,#1872,.T.);
#2678=ORIENTED_EDGE('',*,*,#1590,.T.);
#2679=ORIENTED_EDGE('',*,*,#1872,.F.);
#2680=ORIENTED_EDGE('',*,*,#1771,.T.);
#2681=ORIENTED_EDGE('',*,*,#1873,.F.);
#2682=ORIENTED_EDGE('',*,*,#1874,.T.);
#2683=ORIENTED_EDGE('',*,*,#1548,.T.);
#2684=ORIENTED_EDGE('',*,*,#1770,.T.);
#2685=ORIENTED_EDGE('',*,*,#1529,.F.);
#2686=ORIENTED_EDGE('',*,*,#1875,.T.);
#2687=ORIENTED_EDGE('',*,*,#1873,.T.);
#2688=ORIENTED_EDGE('',*,*,#1583,.T.);
#2689=ORIENTED_EDGE('',*,*,#1517,.T.);
#2690=ORIENTED_EDGE('',*,*,#1542,.T.);
#2691=ORIENTED_EDGE('',*,*,#1591,.T.);
#2692=ORIENTED_EDGE('',*,*,#1549,.T.);
#2693=ORIENTED_EDGE('',*,*,#1874,.F.);
#2694=ORIENTED_EDGE('',*,*,#1875,.F.);
#2695=ORIENTED_EDGE('',*,*,#1528,.T.);
#2696=ORIENTED_EDGE('',*,*,#1680,.T.);
#2697=ORIENTED_EDGE('',*,*,#1871,.F.);
#2698=PLANE('',#2976);
#2699=PLANE('',#2977);
#2700=PLANE('',#2978);
#2701=PLANE('',#2979);
#2702=PLANE('',#2980);
#2703=PLANE('',#2981);
#2704=PLANE('',#2982);
#2705=PLANE('',#2983);
#2706=PLANE('',#2984);
#2707=PLANE('',#2985);
#2708=PLANE('',#2986);
#2709=PLANE('',#2987);
#2710=PLANE('',#2988);
#2711=PLANE('',#2989);
#2712=PLANE('',#2990);
#2713=PLANE('',#2991);
#2714=PLANE('',#2992);
#2715=PLANE('',#2993);
#2716=PLANE('',#2994);
#2717=PLANE('',#2995);
#2718=PLANE('',#2996);
#2719=PLANE('',#2997);
#2720=PLANE('',#2998);
#2721=PLANE('',#2999);
#2722=PLANE('',#3000);
#2723=PLANE('',#3001);
#2724=PLANE('',#3002);
#2725=PLANE('',#3005);
#2726=PLANE('',#3006);
#2727=PLANE('',#3007);
#2728=PLANE('',#3010);
#2729=PLANE('',#3011);
#2730=PLANE('',#3015);
#2731=PLANE('',#3020);
#2732=PLANE('',#3025);
#2733=PLANE('',#3030);
#2734=PLANE('',#3032);
#2735=PLANE('',#3033);
#2736=PLANE('',#3034);
#2737=PLANE('',#3045);
#2738=PLANE('',#3046);
#2739=PLANE('',#3047);
#2740=PLANE('',#3048);
#2741=PLANE('',#3049);
#2742=PLANE('',#3050);
#2743=PLANE('',#3051);
#2744=PLANE('',#3052);
#2745=PLANE('',#3053);
#2746=PLANE('',#3054);
#2747=PLANE('',#3055);
#2748=PLANE('',#3056);
#2749=PLANE('',#3057);
#2750=PLANE('',#3058);
#2751=PLANE('',#3059);
#2752=PLANE('',#3060);
#2753=PLANE('',#3061);
#2754=PLANE('',#3062);
#2755=PLANE('',#3063);
#2756=PLANE('',#3064);
#2757=PLANE('',#3065);
#2758=PLANE('',#3066);
#2759=PLANE('',#3067);
#2760=PLANE('',#3068);
#2761=PLANE('',#3069);
#2762=PLANE('',#3070);
#2763=PLANE('',#3071);
#2764=PLANE('',#3072);
#2765=PLANE('',#3073);
#2766=PLANE('',#3074);
#2767=PLANE('',#3075);
#2768=PLANE('',#3076);
#2769=PLANE('',#3077);
#2770=PLANE('',#3078);
#2771=PLANE('',#3079);
#2772=PLANE('',#3080);
#2773=PLANE('',#3081);
#2774=PLANE('',#3082);
#2775=PLANE('',#3083);
#2776=PLANE('',#3084);
#2777=PLANE('',#3085);
#2778=PLANE('',#3086);
#2779=PLANE('',#3087);
#2780=PLANE('',#3088);
#2781=PLANE('',#3089);
#2782=PLANE('',#3090);
#2783=PLANE('',#3091);
#2784=PLANE('',#3092);
#2785=PLANE('',#3093);
#2786=PLANE('',#3094);
#2787=PLANE('',#3095);
#2788=PLANE('',#3096);
#2789=PLANE('',#3097);
#2790=PLANE('',#3098);
#2791=PLANE('',#3099);
#2792=PLANE('',#3100);
#2793=PLANE('',#3101);
#2794=PLANE('',#3102);
#2795=PLANE('',#3103);
#2796=PLANE('',#3104);
#2797=PLANE('',#3105);
#2798=PLANE('',#3106);
#2799=PLANE('',#3107);
#2800=PLANE('',#3108);
#2801=PLANE('',#3109);
#2802=PLANE('',#3110);
#2803=PLANE('',#3111);
#2804=PLANE('',#3112);
#2805=PLANE('',#3113);
#2806=PLANE('',#3114);
#2807=PLANE('',#3115);
#2808=PLANE('',#3116);
#2809=PLANE('',#3117);
#2810=PLANE('',#3118);
#2811=PLANE('',#3119);
#2812=PLANE('',#3120);
#2813=PLANE('',#3121);
#2814=PLANE('',#3122);
#2815=PLANE('',#3123);
#2816=PLANE('',#3124);
#2817=PLANE('',#3125);
#2818=PLANE('',#3126);
#2819=PLANE('',#3127);
#2820=PLANE('',#3128);
#2821=PLANE('',#3132);
#2822=PLANE('',#3133);
#2823=PLANE('',#3134);
#2824=PLANE('',#3135);
#2825=PLANE('',#3136);
#2826=PLANE('',#3137);
#2827=PLANE('',#3141);
#2828=PLANE('',#3142);
#2829=PLANE('',#3143);
#2830=ADVANCED_FACE('',(#94),#2698,.T.);
#2831=ADVANCED_FACE('',(#95),#2699,.T.);
#2832=ADVANCED_FACE('',(#96),#2700,.T.);
#2833=ADVANCED_FACE('',(#97),#2701,.T.);
#2834=ADVANCED_FACE('',(#98),#2702,.T.);
#2835=ADVANCED_FACE('',(#99),#2703,.T.);
#2836=ADVANCED_FACE('',(#100),#2704,.T.);
#2837=ADVANCED_FACE('',(#101),#2705,.T.);
#2838=ADVANCED_FACE('',(#102),#2706,.T.);
#2839=ADVANCED_FACE('',(#103),#2707,.F.);
#2840=ADVANCED_FACE('',(#104),#2708,.T.);
#2841=ADVANCED_FACE('',(#105),#2709,.T.);
#2842=ADVANCED_FACE('',(#106),#2710,.T.);
#2843=ADVANCED_FACE('',(#107),#2711,.T.);
#2844=ADVANCED_FACE('',(#108),#2712,.T.);
#2845=ADVANCED_FACE('',(#109),#2713,.F.);
#2846=ADVANCED_FACE('',(#110),#2714,.T.);
#2847=ADVANCED_FACE('',(#111),#2715,.T.);
#2848=ADVANCED_FACE('',(#112),#2716,.T.);
#2849=ADVANCED_FACE('',(#113),#2717,.T.);
#2850=ADVANCED_FACE('',(#114),#2718,.T.);
#2851=ADVANCED_FACE('',(#115),#2719,.T.);
#2852=ADVANCED_FACE('',(#116),#2720,.F.);
#2853=ADVANCED_FACE('',(#117),#2721,.T.);
#2854=ADVANCED_FACE('',(#118),#2722,.T.);
#2855=ADVANCED_FACE('',(#119),#2723,.T.);
#2856=ADVANCED_FACE('',(#120,#27,#28),#2724,.F.);
#2857=ADVANCED_FACE('',(#121),#2725,.T.);
#2858=ADVANCED_FACE('',(#122),#2726,.T.);
#2859=ADVANCED_FACE('',(#123,#29,#30),#2727,.F.);
#2860=ADVANCED_FACE('',(#124),#2728,.T.);
#2861=ADVANCED_FACE('',(#125),#2729,.T.);
#2862=ADVANCED_FACE('',(#126),#15,.F.);
#2863=ADVANCED_FACE('',(#127,#31),#2730,.T.);
#2864=ADVANCED_FACE('',(#128),#16,.F.);
#2865=ADVANCED_FACE('',(#129,#32),#2731,.T.);
#2866=ADVANCED_FACE('',(#130),#17,.F.);
#2867=ADVANCED_FACE('',(#131,#33),#2732,.T.);
#2868=ADVANCED_FACE('',(#132),#18,.F.);
#2869=ADVANCED_FACE('',(#133,#34),#2733,.T.);
#2870=ADVANCED_FACE('',(#134,#35),#2734,.T.);
#2871=ADVANCED_FACE('',(#135),#2735,.T.);
#2872=ADVANCED_FACE('',(#136,#36,#37,#38,#39,#40,#41,#42,#43,#44,#45,#46,
#47,#48,#49,#50,#51,#52),#2736,.T.);
#2873=ADVANCED_FACE('',(#137),#19,.F.);
#2874=ADVANCED_FACE('',(#138),#20,.F.);
#2875=ADVANCED_FACE('',(#139),#21,.F.);
#2876=ADVANCED_FACE('',(#140),#22,.F.);
#2877=ADVANCED_FACE('',(#141),#2737,.T.);
#2878=ADVANCED_FACE('',(#142),#2738,.T.);
#2879=ADVANCED_FACE('',(#143),#2739,.T.);
#2880=ADVANCED_FACE('',(#144),#2740,.T.);
#2881=ADVANCED_FACE('',(#145,#53),#2741,.F.);
#2882=ADVANCED_FACE('',(#146),#2742,.T.);
#2883=ADVANCED_FACE('',(#147),#2743,.T.);
#2884=ADVANCED_FACE('',(#148),#2744,.T.);
#2885=ADVANCED_FACE('',(#149),#2745,.T.);
#2886=ADVANCED_FACE('',(#150),#2746,.T.);
#2887=ADVANCED_FACE('',(#151),#2747,.T.);
#2888=ADVANCED_FACE('',(#152),#2748,.T.);
#2889=ADVANCED_FACE('',(#153),#2749,.T.);
#2890=ADVANCED_FACE('',(#154),#2750,.T.);
#2891=ADVANCED_FACE('',(#155),#2751,.T.);
#2892=ADVANCED_FACE('',(#156),#2752,.T.);
#2893=ADVANCED_FACE('',(#157),#2753,.T.);
#2894=ADVANCED_FACE('',(#158),#2754,.T.);
#2895=ADVANCED_FACE('',(#159),#2755,.T.);
#2896=ADVANCED_FACE('',(#160),#2756,.T.);
#2897=ADVANCED_FACE('',(#161),#2757,.T.);
#2898=ADVANCED_FACE('',(#162),#2758,.T.);
#2899=ADVANCED_FACE('',(#163),#2759,.T.);
#2900=ADVANCED_FACE('',(#164),#2760,.T.);
#2901=ADVANCED_FACE('',(#165),#2761,.T.);
#2902=ADVANCED_FACE('',(#166),#2762,.T.);
#2903=ADVANCED_FACE('',(#167),#2763,.T.);
#2904=ADVANCED_FACE('',(#168),#2764,.T.);
#2905=ADVANCED_FACE('',(#169),#2765,.T.);
#2906=ADVANCED_FACE('',(#170),#2766,.T.);
#2907=ADVANCED_FACE('',(#171),#2767,.T.);
#2908=ADVANCED_FACE('',(#172),#2768,.T.);
#2909=ADVANCED_FACE('',(#173),#2769,.T.);
#2910=ADVANCED_FACE('',(#174),#2770,.T.);
#2911=ADVANCED_FACE('',(#175),#2771,.T.);
#2912=ADVANCED_FACE('',(#176,#54,#55,#56,#57,#58,#59,#60,#61,#62,#63,#64,
#65),#2772,.F.);
#2913=ADVANCED_FACE('',(#177),#2773,.T.);
#2914=ADVANCED_FACE('',(#178),#2774,.T.);
#2915=ADVANCED_FACE('',(#179),#2775,.T.);
#2916=ADVANCED_FACE('',(#180),#2776,.T.);
#2917=ADVANCED_FACE('',(#181),#2777,.T.);
#2918=ADVANCED_FACE('',(#182),#2778,.T.);
#2919=ADVANCED_FACE('',(#183),#2779,.T.);
#2920=ADVANCED_FACE('',(#184),#2780,.T.);
#2921=ADVANCED_FACE('',(#185),#2781,.T.);
#2922=ADVANCED_FACE('',(#186),#2782,.T.);
#2923=ADVANCED_FACE('',(#187),#2783,.T.);
#2924=ADVANCED_FACE('',(#188),#2784,.T.);
#2925=ADVANCED_FACE('',(#189),#2785,.T.);
#2926=ADVANCED_FACE('',(#190),#2786,.T.);
#2927=ADVANCED_FACE('',(#191),#2787,.T.);
#2928=ADVANCED_FACE('',(#192),#2788,.T.);
#2929=ADVANCED_FACE('',(#193),#2789,.T.);
#2930=ADVANCED_FACE('',(#194),#2790,.T.);
#2931=ADVANCED_FACE('',(#195),#2791,.T.);
#2932=ADVANCED_FACE('',(#196),#2792,.T.);
#2933=ADVANCED_FACE('',(#197),#2793,.T.);
#2934=ADVANCED_FACE('',(#198),#2794,.T.);
#2935=ADVANCED_FACE('',(#199),#2795,.T.);
#2936=ADVANCED_FACE('',(#200),#2796,.T.);
#2937=ADVANCED_FACE('',(#201),#2797,.T.);
#2938=ADVANCED_FACE('',(#202),#2798,.T.);
#2939=ADVANCED_FACE('',(#203),#2799,.T.);
#2940=ADVANCED_FACE('',(#204),#2800,.T.);
#2941=ADVANCED_FACE('',(#205),#2801,.T.);
#2942=ADVANCED_FACE('',(#206),#2802,.T.);
#2943=ADVANCED_FACE('',(#207),#2803,.T.);
#2944=ADVANCED_FACE('',(#208),#2804,.T.);
#2945=ADVANCED_FACE('',(#209),#2805,.T.);
#2946=ADVANCED_FACE('',(#210),#2806,.T.);
#2947=ADVANCED_FACE('',(#211),#2807,.T.);
#2948=ADVANCED_FACE('',(#212),#2808,.T.);
#2949=ADVANCED_FACE('',(#213),#2809,.T.);
#2950=ADVANCED_FACE('',(#214),#2810,.T.);
#2951=ADVANCED_FACE('',(#215),#2811,.T.);
#2952=ADVANCED_FACE('',(#216),#2812,.T.);
#2953=ADVANCED_FACE('',(#217),#2813,.T.);
#2954=ADVANCED_FACE('',(#218),#2814,.T.);
#2955=ADVANCED_FACE('',(#219),#2815,.T.);
#2956=ADVANCED_FACE('',(#220),#2816,.T.);
#2957=ADVANCED_FACE('',(#221),#2817,.T.);
#2958=ADVANCED_FACE('',(#222),#2818,.T.);
#2959=ADVANCED_FACE('',(#223),#2819,.T.);
#2960=ADVANCED_FACE('',(#224),#2820,.T.);
#2961=ADVANCED_FACE('',(#225),#23,.F.);
#2962=ADVANCED_FACE('',(#226),#24,.F.);
#2963=ADVANCED_FACE('',(#227),#2821,.T.);
#2964=ADVANCED_FACE('',(#228),#2822,.T.);
#2965=ADVANCED_FACE('',(#229),#2823,.T.);
#2966=ADVANCED_FACE('',(#230,#66,#67),#2824,.F.);
#2967=ADVANCED_FACE('',(#231),#2825,.T.);
#2968=ADVANCED_FACE('',(#232),#2826,.T.);
#2969=ADVANCED_FACE('',(#233),#25,.F.);
#2970=ADVANCED_FACE('',(#234),#26,.F.);
#2971=ADVANCED_FACE('',(#235),#2827,.T.);
#2972=ADVANCED_FACE('',(#236),#2828,.T.);
#2973=ADVANCED_FACE('',(#237,#68,#69),#2829,.F.);
#2974=CLOSED_SHELL('',(#2830,#2831,#2832,#2833,#2834,#2835,#2836,#2837,
#2838,#2839,#2840,#2841,#2842,#2843,#2844,#2845,#2846,#2847,#2848,#2849,
#2850,#2851,#2852,#2853,#2854,#2855,#2856,#2857,#2858,#2859,#2860,#2861,
#2862,#2863,#2864,#2865,#2866,#2867,#2868,#2869,#2870,#2871,#2872,#2873,
#2874,#2875,#2876,#2877,#2878,#2879,#2880,#2881,#2882,#2883,#2884,#2885,
#2886,#2887,#2888,#2889,#2890,#2891,#2892,#2893,#2894,#2895,#2896,#2897,
#2898,#2899,#2900,#2901,#2902,#2903,#2904,#2905,#2906,#2907,#2908,#2909,
#2910,#2911,#2912,#2913,#2914,#2915,#2916,#2917,#2918,#2919,#2920,#2921,
#2922,#2923,#2924,#2925,#2926,#2927,#2928,#2929,#2930,#2931,#2932,#2933,
#2934,#2935,#2936,#2937,#2938,#2939,#2940,#2941,#2942,#2943,#2944,#2945,
#2946,#2947,#2948,#2949,#2950,#2951,#2952,#2953,#2954,#2955,#2956,#2957,
#2958,#2959,#2960,#2961,#2962,#2963,#2964,#2965,#2966,#2967,#2968,#2969,
#2970,#2971,#2972,#2973));
#2975=AXIS2_PLACEMENT_3D('',#3869,#3144,#3145);
#2976=AXIS2_PLACEMENT_3D('',#3870,#3146,#3147);
#2977=AXIS2_PLACEMENT_3D('',#3879,#3152,#3153);
#2978=AXIS2_PLACEMENT_3D('',#3885,#3157,#3158);
#2979=AXIS2_PLACEMENT_3D('',#3891,#3162,#3163);
#2980=AXIS2_PLACEMENT_3D('',#3897,#3167,#3168);
#2981=AXIS2_PLACEMENT_3D('',#3903,#3172,#3173);
#2982=AXIS2_PLACEMENT_3D('',#3912,#3178,#3179);
#2983=AXIS2_PLACEMENT_3D('',#3921,#3184,#3185);
#2984=AXIS2_PLACEMENT_3D('',#3930,#3190,#3191);
#2985=AXIS2_PLACEMENT_3D('',#3933,#3194,#3195);
#2986=AXIS2_PLACEMENT_3D('',#3939,#3199,#3200);
#2987=AXIS2_PLACEMENT_3D('',#3945,#3204,#3205);
#2988=AXIS2_PLACEMENT_3D('',#3954,#3210,#3211);
#2989=AXIS2_PLACEMENT_3D('',#3984,#3227,#3228);
#2990=AXIS2_PLACEMENT_3D('',#3990,#3232,#3233);
#2991=AXIS2_PLACEMENT_3D('',#3994,#3236,#3237);
#2992=AXIS2_PLACEMENT_3D('',#3996,#3239,#3240);
#2993=AXIS2_PLACEMENT_3D('',#4012,#3249,#3250);
#2994=AXIS2_PLACEMENT_3D('',#4014,#3252,#3253);
#2995=AXIS2_PLACEMENT_3D('',#4034,#3265,#3266);
#2996=AXIS2_PLACEMENT_3D('',#4051,#3276,#3277);
#2997=AXIS2_PLACEMENT_3D('',#4057,#3281,#3282);
#2998=AXIS2_PLACEMENT_3D('',#4063,#3286,#3287);
#2999=AXIS2_PLACEMENT_3D('',#4072,#3292,#3293);
#3000=AXIS2_PLACEMENT_3D('',#4081,#3298,#3299);
#3001=AXIS2_PLACEMENT_3D('',#4090,#3304,#3305);
#3002=AXIS2_PLACEMENT_3D('',#4093,#3308,#3309);
#3003=AXIS2_PLACEMENT_3D('',#4105,#3316,#3317);
#3004=AXIS2_PLACEMENT_3D('',#4107,#3318,#3319);
#3005=AXIS2_PLACEMENT_3D('',#4108,#3320,#3321);
#3006=AXIS2_PLACEMENT_3D('',#4110,#3323,#3324);
#3007=AXIS2_PLACEMENT_3D('',#4112,#3326,#3327);
#3008=AXIS2_PLACEMENT_3D('',#4120,#3332,#3333);
#3009=AXIS2_PLACEMENT_3D('',#4122,#3334,#3335);
#3010=AXIS2_PLACEMENT_3D('',#4123,#3336,#3337);
#3011=AXIS2_PLACEMENT_3D('',#4125,#3339,#3340);
#3012=AXIS2_PLACEMENT_3D('',#4127,#3342,#3343);
#3013=AXIS2_PLACEMENT_3D('',#4130,#3344,#3345);
#3014=AXIS2_PLACEMENT_3D('',#4134,#3347,#3348);
#3015=AXIS2_PLACEMENT_3D('',#4136,#3350,#3351);
#3016=AXIS2_PLACEMENT_3D('',#4141,#3354,#3355);
#3017=AXIS2_PLACEMENT_3D('',#4142,#3356,#3357);
#3018=AXIS2_PLACEMENT_3D('',#4144,#3358,#3359);
#3019=AXIS2_PLACEMENT_3D('',#4146,#3360,#3361);
#3020=AXIS2_PLACEMENT_3D('',#4148,#3363,#3364);
#3021=AXIS2_PLACEMENT_3D('',#4151,#3366,#3367);
#3022=AXIS2_PLACEMENT_3D('',#4152,#3368,#3369);
#3023=AXIS2_PLACEMENT_3D('',#4154,#3370,#3371);
#3024=AXIS2_PLACEMENT_3D('',#4157,#3373,#3374);
#3025=AXIS2_PLACEMENT_3D('',#4158,#3375,#3376);
#3026=AXIS2_PLACEMENT_3D('',#4161,#3378,#3379);
#3027=AXIS2_PLACEMENT_3D('',#4162,#3380,#3381);
#3028=AXIS2_PLACEMENT_3D('',#4163,#3382,#3383);
#3029=AXIS2_PLACEMENT_3D('',#4164,#3384,#3385);
#3030=AXIS2_PLACEMENT_3D('',#4165,#3386,#3387);
#3031=AXIS2_PLACEMENT_3D('',#4167,#3388,#3389);
#3032=AXIS2_PLACEMENT_3D('',#4168,#3390,#3391);
#3033=AXIS2_PLACEMENT_3D('',#4176,#3397,#3398);
#3034=AXIS2_PLACEMENT_3D('',#4179,#3401,#3402);
#3035=AXIS2_PLACEMENT_3D('',#4232,#3429,#3430);
#3036=AXIS2_PLACEMENT_3D('',#4234,#3431,#3432);
#3037=AXIS2_PLACEMENT_3D('',#4252,#3441,#3442);
#3038=AXIS2_PLACEMENT_3D('',#4270,#3451,#3452);
#3039=AXIS2_PLACEMENT_3D('',#4295,#3465,#3466);
#3040=AXIS2_PLACEMENT_3D('',#4297,#3468,#3469);
#3041=AXIS2_PLACEMENT_3D('',#4299,#3471,#3472);
#3042=AXIS2_PLACEMENT_3D('',#4301,#3473,#3474);
#3043=AXIS2_PLACEMENT_3D('',#4303,#3476,#3477);
#3044=AXIS2_PLACEMENT_3D('',#4305,#3478,#3479);
#3045=AXIS2_PLACEMENT_3D('',#4307,#3481,#3482);
#3046=AXIS2_PLACEMENT_3D('',#4316,#3487,#3488);
#3047=AXIS2_PLACEMENT_3D('',#4322,#3492,#3493);
#3048=AXIS2_PLACEMENT_3D('',#4328,#3497,#3498);
#3049=AXIS2_PLACEMENT_3D('',#4331,#3501,#3502);
#3050=AXIS2_PLACEMENT_3D('',#4340,#3507,#3508);
#3051=AXIS2_PLACEMENT_3D('',#4346,#3512,#3513);
#3052=AXIS2_PLACEMENT_3D('',#4350,#3516,#3517);
#3053=AXIS2_PLACEMENT_3D('',#4354,#3520,#3521);
#3054=AXIS2_PLACEMENT_3D('',#4356,#3523,#3524);
#3055=AXIS2_PLACEMENT_3D('',#4365,#3530,#3531);
#3056=AXIS2_PLACEMENT_3D('',#4369,#3534,#3535);
#3057=AXIS2_PLACEMENT_3D('',#4375,#3539,#3540);
#3058=AXIS2_PLACEMENT_3D('',#4379,#3543,#3544);
#3059=AXIS2_PLACEMENT_3D('',#4383,#3547,#3548);
#3060=AXIS2_PLACEMENT_3D('',#4385,#3550,#3551);
#3061=AXIS2_PLACEMENT_3D('',#4388,#3554,#3555);
#3062=AXIS2_PLACEMENT_3D('',#4390,#3557,#3558);
#3063=AXIS2_PLACEMENT_3D('',#4396,#3562,#3563);
#3064=AXIS2_PLACEMENT_3D('',#4400,#3566,#3567);
#3065=AXIS2_PLACEMENT_3D('',#4404,#3570,#3571);
#3066=AXIS2_PLACEMENT_3D('',#4406,#3573,#3574);
#3067=AXIS2_PLACEMENT_3D('',#4412,#3578,#3579);
#3068=AXIS2_PLACEMENT_3D('',#4416,#3582,#3583);
#3069=AXIS2_PLACEMENT_3D('',#4422,#3587,#3588);
#3070=AXIS2_PLACEMENT_3D('',#4426,#3591,#3592);
#3071=AXIS2_PLACEMENT_3D('',#4430,#3595,#3596);
#3072=AXIS2_PLACEMENT_3D('',#4432,#3598,#3599);
#3073=AXIS2_PLACEMENT_3D('',#4438,#3603,#3604);
#3074=AXIS2_PLACEMENT_3D('',#4442,#3607,#3608);
#3075=AXIS2_PLACEMENT_3D('',#4448,#3612,#3613);
#3076=AXIS2_PLACEMENT_3D('',#4452,#3616,#3617);
#3077=AXIS2_PLACEMENT_3D('',#4456,#3620,#3621);
#3078=AXIS2_PLACEMENT_3D('',#4458,#3623,#3624);
#3079=AXIS2_PLACEMENT_3D('',#4464,#3628,#3629);
#3080=AXIS2_PLACEMENT_3D('',#4468,#3632,#3633);
#3081=AXIS2_PLACEMENT_3D('',#4567,#3687,#3688);
#3082=AXIS2_PLACEMENT_3D('',#4570,#3691,#3692);
#3083=AXIS2_PLACEMENT_3D('',#4572,#3694,#3695);
#3084=AXIS2_PLACEMENT_3D('',#4575,#3698,#3699);
#3085=AXIS2_PLACEMENT_3D('',#4577,#3701,#3702);
#3086=AXIS2_PLACEMENT_3D('',#4579,#3704,#3705);
#3087=AXIS2_PLACEMENT_3D('',#4582,#3708,#3709);
#3088=AXIS2_PLACEMENT_3D('',#4584,#3711,#3712);
#3089=AXIS2_PLACEMENT_3D('',#4587,#3715,#3716);
#3090=AXIS2_PLACEMENT_3D('',#4589,#3718,#3719);
#3091=AXIS2_PLACEMENT_3D('',#4591,#3721,#3722);
#3092=AXIS2_PLACEMENT_3D('',#4594,#3725,#3726);
#3093=AXIS2_PLACEMENT_3D('',#4596,#3728,#3729);
#3094=AXIS2_PLACEMENT_3D('',#4598,#3731,#3732);
#3095=AXIS2_PLACEMENT_3D('',#4600,#3734,#3735);
#3096=AXIS2_PLACEMENT_3D('',#4603,#3738,#3739);
#3097=AXIS2_PLACEMENT_3D('',#4605,#3741,#3742);
#3098=AXIS2_PLACEMENT_3D('',#4608,#3745,#3746);
#3099=AXIS2_PLACEMENT_3D('',#4610,#3748,#3749);
#3100=AXIS2_PLACEMENT_3D('',#4613,#3752,#3753);
#3101=AXIS2_PLACEMENT_3D('',#4615,#3755,#3756);
#3102=AXIS2_PLACEMENT_3D('',#4617,#3758,#3759);
#3103=AXIS2_PLACEMENT_3D('',#4619,#3761,#3762);
#3104=AXIS2_PLACEMENT_3D('',#4620,#3763,#3764);
#3105=AXIS2_PLACEMENT_3D('',#4622,#3766,#3767);
#3106=AXIS2_PLACEMENT_3D('',#4623,#3768,#3769);
#3107=AXIS2_PLACEMENT_3D('',#4624,#3770,#3771);
#3108=AXIS2_PLACEMENT_3D('',#4626,#3773,#3774);
#3109=AXIS2_PLACEMENT_3D('',#4627,#3775,#3776);
#3110=AXIS2_PLACEMENT_3D('',#4629,#3778,#3779);
#3111=AXIS2_PLACEMENT_3D('',#4630,#3780,#3781);
#3112=AXIS2_PLACEMENT_3D('',#4631,#3782,#3783);
#3113=AXIS2_PLACEMENT_3D('',#4633,#3785,#3786);
#3114=AXIS2_PLACEMENT_3D('',#4634,#3787,#3788);
#3115=AXIS2_PLACEMENT_3D('',#4635,#3789,#3790);
#3116=AXIS2_PLACEMENT_3D('',#4636,#3791,#3792);
#3117=AXIS2_PLACEMENT_3D('',#4638,#3794,#3795);
#3118=AXIS2_PLACEMENT_3D('',#4639,#3796,#3797);
#3119=AXIS2_PLACEMENT_3D('',#4641,#3799,#3800);
#3120=AXIS2_PLACEMENT_3D('',#4642,#3801,#3802);
#3121=AXIS2_PLACEMENT_3D('',#4644,#3804,#3805);
#3122=AXIS2_PLACEMENT_3D('',#4645,#3806,#3807);
#3123=AXIS2_PLACEMENT_3D('',#4646,#3808,#3809);
#3124=AXIS2_PLACEMENT_3D('',#4648,#3811,#3812);
#3125=AXIS2_PLACEMENT_3D('',#4650,#3814,#3815);
#3126=AXIS2_PLACEMENT_3D('',#4654,#3819,#3820);
#3127=AXIS2_PLACEMENT_3D('',#4656,#3822,#3823);
#3128=AXIS2_PLACEMENT_3D('',#4658,#3825,#3826);
#3129=AXIS2_PLACEMENT_3D('',#4662,#3829,#3830);
#3130=AXIS2_PLACEMENT_3D('',#4664,#3832,#3833);
#3131=AXIS2_PLACEMENT_3D('',#4667,#3835,#3836);
#3132=AXIS2_PLACEMENT_3D('',#4668,#3837,#3838);
#3133=AXIS2_PLACEMENT_3D('',#4672,#3841,#3842);
#3134=AXIS2_PLACEMENT_3D('',#4674,#3844,#3845);
#3135=AXIS2_PLACEMENT_3D('',#4675,#3846,#3847);
#3136=AXIS2_PLACEMENT_3D('',#4676,#3848,#3849);
#3137=AXIS2_PLACEMENT_3D('',#4677,#3850,#3851);
#3138=AXIS2_PLACEMENT_3D('',#4678,#3852,#3853);
#3139=AXIS2_PLACEMENT_3D('',#4681,#3855,#3856);
#3140=AXIS2_PLACEMENT_3D('',#4682,#3857,#3858);
#3141=AXIS2_PLACEMENT_3D('',#4684,#3860,#3861);
#3142=AXIS2_PLACEMENT_3D('',#4688,#3864,#3865);
#3143=AXIS2_PLACEMENT_3D('',#4690,#3867,#3868);
#3144=DIRECTION('axis',(0.,0.,1.));
#3145=DIRECTION('refdir',(1.,0.,0.));
#3146=DIRECTION('center_axis',(0.,1.,0.));
#3147=DIRECTION('ref_axis',(1.,0.,0.));
#3148=DIRECTION('',(-1.,0.,0.));
#3149=DIRECTION('',(0.,0.,-1.));
#3150=DIRECTION('',(1.,0.,0.));
#3151=DIRECTION('',(0.,0.,-1.));
#3152=DIRECTION('center_axis',(0.,0.,-1.));
#3153=DIRECTION('ref_axis',(-1.,0.,0.));
#3154=DIRECTION('',(0.,-1.,0.));
#3155=DIRECTION('',(-1.,0.,0.));
#3156=DIRECTION('',(0.,1.,0.));
#3157=DIRECTION('center_axis',(0.,0.,-1.));
#3158=DIRECTION('ref_axis',(-1.,0.,0.));
#3159=DIRECTION('',(0.,1.,0.));
#3160=DIRECTION('',(1.,0.,0.));
#3161=DIRECTION('',(0.,-1.,0.));
#3162=DIRECTION('center_axis',(0.,-1.,0.));
#3163=DIRECTION('ref_axis',(-1.,0.,0.));
#3164=DIRECTION('',(0.,0.,-1.));
#3165=DIRECTION('',(-1.,0.,0.));
#3166=DIRECTION('',(0.,0.,-1.));
#3167=DIRECTION('center_axis',(0.,0.,-1.));
#3168=DIRECTION('ref_axis',(-1.,0.,0.));
#3169=DIRECTION('',(0.,1.,0.));
#3170=DIRECTION('',(1.,0.,0.));
#3171=DIRECTION('',(0.,-1.,0.));
#3172=DIRECTION('center_axis',(0.,0.,-1.));
#3173=DIRECTION('ref_axis',(-1.,0.,0.));
#3174=DIRECTION('',(-1.,1.11022302462516E-15,0.));
#3175=DIRECTION('',(0.,1.,0.));
#3176=DIRECTION('',(1.,0.,0.));
#3177=DIRECTION('',(0.,-1.,0.));
#3178=DIRECTION('center_axis',(0.707106781186548,0.707106781186548,0.));
#3179=DIRECTION('ref_axis',(0.,0.,-1.));
#3180=DIRECTION('',(0.,0.,1.));
#3181=DIRECTION('',(0.707106781186547,-0.707106781186547,-3.09086220080137E-8));
#3182=DIRECTION('',(0.,0.,-1.));
#3183=DIRECTION('',(-0.577350269189626,0.577350269189625,0.577350269189626));
#3184=DIRECTION('center_axis',(0.707106781186548,-0.707106781186548,0.));
#3185=DIRECTION('ref_axis',(0.,0.,-1.));
#3186=DIRECTION('',(0.,0.,1.));
#3187=DIRECTION('',(-0.707106781186547,-0.707106781186547,-3.09086111995454E-8));
#3188=DIRECTION('',(0.,0.,-1.));
#3189=DIRECTION('',(0.577350269189626,0.577350269189626,-0.577350269189626));
#3190=DIRECTION('center_axis',(0.707106781186547,0.,0.707106781186548));
#3191=DIRECTION('ref_axis',(0.707106781186548,0.,-0.707106781186547));
#3192=DIRECTION('',(0.,1.,0.));
#3193=DIRECTION('',(0.,-1.,0.));
#3194=DIRECTION('center_axis',(0.,0.,-1.));
#3195=DIRECTION('ref_axis',(-1.,0.,0.));
#3196=DIRECTION('',(1.,0.,0.));
#3197=DIRECTION('',(0.,1.,0.));
#3198=DIRECTION('',(-1.,0.,0.));
#3199=DIRECTION('center_axis',(0.,-1.,0.));
#3200=DIRECTION('ref_axis',(1.,0.,0.));
#3201=DIRECTION('',(-1.,0.,7.64274125334341E-15));
#3202=DIRECTION('',(0.,0.,1.));
#3203=DIRECTION('',(0.,0.,1.));
#3204=DIRECTION('center_axis',(-0.707106781186548,0.707106781186547,0.));
#3205=DIRECTION('ref_axis',(0.,0.,1.));
#3206=DIRECTION('',(-0.707106781186547,-0.707106781186548,0.));
#3207=DIRECTION('',(0.,0.,-1.));
#3208=DIRECTION('',(-0.707106781186547,-0.707106781186548,0.));
#3209=DIRECTION('',(0.,0.,-1.));
#3210=DIRECTION('center_axis',(0.,1.,0.));
#3211=DIRECTION('ref_axis',(-1.,0.,0.));
#3212=DIRECTION('',(-1.,0.,0.));
#3213=DIRECTION('',(0.,0.,1.));
#3214=DIRECTION('',(1.,0.,0.));
#3215=DIRECTION('',(0.,0.,-1.));
#3216=DIRECTION('',(1.,0.,0.));
#3217=DIRECTION('',(0.,0.,1.));
#3218=DIRECTION('',(1.,0.,0.));
#3219=DIRECTION('',(0.,0.,-1.));
#3220=DIRECTION('',(1.,-6.97157315306238E-17,-7.64274125639078E-15));
#3221=DIRECTION('',(0.,0.,-1.));
#3222=DIRECTION('',(1.,0.,0.));
#3223=DIRECTION('',(0.,0.,1.));
#3224=DIRECTION('',(1.,0.,0.));
#3225=DIRECTION('',(0.,0.,-1.));
#3226=DIRECTION('',(1.,0.,0.));
#3227=DIRECTION('center_axis',(0.707106781186548,0.707106781186547,0.));
#3228=DIRECTION('ref_axis',(0.,0.,-1.));
#3229=DIRECTION('',(-0.707106781186547,0.707106781186548,0.));
#3230=DIRECTION('',(-0.707106781186547,0.707106781186548,0.));
#3231=DIRECTION('',(0.,0.,1.));
#3232=DIRECTION('center_axis',(0.,0.,-1.));
#3233=DIRECTION('ref_axis',(-1.,0.,0.));
#3234=DIRECTION('',(-1.,0.,0.));
#3235=DIRECTION('',(0.,1.,0.));
#3236=DIRECTION('center_axis',(0.,0.,1.));
#3237=DIRECTION('ref_axis',(-1.,0.,0.));
#3238=DIRECTION('',(1.,0.,0.));
#3239=DIRECTION('center_axis',(0.,-1.,0.));
#3240=DIRECTION('ref_axis',(1.,0.,0.));
#3241=DIRECTION('',(-1.,0.,0.));
#3242=DIRECTION('',(0.,0.,-1.));
#3243=DIRECTION('',(1.,0.,0.));
#3244=DIRECTION('',(0.,0.,1.));
#3245=DIRECTION('',(0.999999999999999,0.,-4.37113882867399E-8));
#3246=DIRECTION('',(0.,0.,1.));
#3247=DIRECTION('',(1.,0.,0.));
#3248=DIRECTION('',(0.,0.,-1.));
#3249=DIRECTION('center_axis',(0.,0.,-1.));
#3250=DIRECTION('ref_axis',(-1.,0.,0.));
#3251=DIRECTION('',(0.,-1.,0.));
#3252=DIRECTION('center_axis',(1.,0.,0.));
#3253=DIRECTION('ref_axis',(0.,1.,0.));
#3254=DIRECTION('',(0.,-0.999999999999999,-4.37113847952553E-8));
#3255=DIRECTION('',(0.,0.,-1.));
#3256=DIRECTION('',(0.,-1.,0.));
#3257=DIRECTION('',(0.,0.,1.));
#3258=DIRECTION('',(0.,-1.,0.));
#3259=DIRECTION('',(0.,0.,-1.));
#3260=DIRECTION('',(0.,0.,-1.));
#3261=DIRECTION('',(0.,-1.,0.));
#3262=DIRECTION('',(0.,-1.,0.));
#3263=DIRECTION('',(0.,0.,-1.));
#3264=DIRECTION('',(0.,-0.999999999999999,-4.37113847952553E-8));
#3265=DIRECTION('center_axis',(-1.,0.,0.));
#3266=DIRECTION('ref_axis',(0.,-1.,0.));
#3267=DIRECTION('',(0.,0.,1.));
#3268=DIRECTION('',(0.,-1.,1.59528119759475E-15));
#3269=DIRECTION('',(0.,0.,1.));
#3270=DIRECTION('',(0.,-1.,0.));
#3271=DIRECTION('',(0.,0.,-1.));
#3272=DIRECTION('',(0.,0.,-1.));
#3273=DIRECTION('',(0.,-1.,0.));
#3274=DIRECTION('',(0.,0.,1.));
#3275=DIRECTION('',(0.,-1.,1.59528119759475E-15));
#3276=DIRECTION('center_axis',(0.,1.,0.));
#3277=DIRECTION('ref_axis',(1.,0.,0.));
#3278=DIRECTION('',(-1.,0.,0.));
#3279=DIRECTION('',(0.,0.,-1.));
#3280=DIRECTION('',(0.,0.,-1.));
#3281=DIRECTION('center_axis',(-5.55111512312578E-16,-1.,0.));
#3282=DIRECTION('ref_axis',(-1.,5.55111512312578E-16,0.));
#3283=DIRECTION('',(1.,-5.55111512312578E-16,0.));
#3284=DIRECTION('',(0.,0.,-1.));
#3285=DIRECTION('',(0.,0.,-1.));
#3286=DIRECTION('center_axis',(0.,0.,-1.));
#3287=DIRECTION('ref_axis',(1.,0.,0.));
#3288=DIRECTION('',(-1.,0.,0.));
#3289=DIRECTION('',(0.,-1.,0.));
#3290=DIRECTION('',(1.,0.,0.));
#3291=DIRECTION('',(0.,1.,0.));
#3292=DIRECTION('center_axis',(-1.,0.,0.));
#3293=DIRECTION('ref_axis',(0.,1.,0.));
#3294=DIRECTION('',(0.,-1.,0.));
#3295=DIRECTION('',(0.,0.,-1.));
#3296=DIRECTION('',(0.,1.,0.));
#3297=DIRECTION('',(0.,0.,-1.));
#3298=DIRECTION('center_axis',(1.,0.,0.));
#3299=DIRECTION('ref_axis',(0.,-1.,0.));
#3300=DIRECTION('',(0.,1.,0.));
#3301=DIRECTION('',(0.,0.,-1.));
#3302=DIRECTION('',(0.,-1.,0.));
#3303=DIRECTION('',(0.,0.,-1.));
#3304=DIRECTION('center_axis',(0.,0.,-1.));
#3305=DIRECTION('ref_axis',(-1.,0.,0.));
#3306=DIRECTION('',(1.,0.,0.));
#3307=DIRECTION('',(-1.,0.,0.));
#3308=DIRECTION('center_axis',(0.,0.,1.));
#3309=DIRECTION('ref_axis',(-1.,0.,0.));
#3310=DIRECTION('',(0.,1.,0.));
#3311=DIRECTION('',(-1.,0.,0.));
#3312=DIRECTION('',(0.,1.,0.));
#3313=DIRECTION('',(-1.,0.,0.));
#3314=DIRECTION('',(-1.,0.,0.));
#3315=DIRECTION('',(0.,1.,0.));
#3316=DIRECTION('center_axis',(0.,0.,1.));
#3317=DIRECTION('ref_axis',(1.,0.,0.));
#3318=DIRECTION('center_axis',(0.,0.,-1.));
#3319=DIRECTION('ref_axis',(-1.,0.,0.));
#3320=DIRECTION('center_axis',(1.,0.,0.));
#3321=DIRECTION('ref_axis',(0.,-1.,0.));
#3322=DIRECTION('',(0.,1.,0.));
#3323=DIRECTION('center_axis',(-1.,0.,0.));
#3324=DIRECTION('ref_axis',(0.,1.,0.));
#3325=DIRECTION('',(0.,-1.,0.));
#3326=DIRECTION('center_axis',(0.,0.,1.));
#3327=DIRECTION('ref_axis',(-1.,0.,0.));
#3328=DIRECTION('',(0.,1.,0.));
#3329=DIRECTION('',(0.,-1.,0.));
#3330=DIRECTION('',(-1.,-5.55111512312578E-16,0.));
#3331=DIRECTION('',(0.,1.,0.));
#3332=DIRECTION('center_axis',(0.,0.,1.));
#3333=DIRECTION('ref_axis',(1.,0.,0.));
#3334=DIRECTION('center_axis',(0.,0.,-1.));
#3335=DIRECTION('ref_axis',(-1.,0.,0.));
#3336=DIRECTION('center_axis',(0.,1.,0.));
#3337=DIRECTION('ref_axis',(1.,0.,0.));
#3338=DIRECTION('',(-1.,0.,0.));
#3339=DIRECTION('center_axis',(0.,-1.,0.));
#3340=DIRECTION('ref_axis',(-1.,0.,0.));
#3341=DIRECTION('',(1.,0.,0.));
#3342=DIRECTION('center_axis',(0.,0.,-1.));
#3343=DIRECTION('ref_axis',(0.707106781186548,0.707106781186547,0.));
#3344=DIRECTION('center_axis',(-7.6427412533434E-15,4.37113847952553E-8,
-0.999999999999999));
#3345=DIRECTION('ref_axis',(0.,0.999999999999999,4.37113847952553E-8));
#3346=DIRECTION('',(0.,0.,-1.));
#3347=DIRECTION('center_axis',(0.,0.,-1.));
#3348=DIRECTION('ref_axis',(-1.,0.,0.));
#3349=DIRECTION('',(0.,0.,-1.));
#3350=DIRECTION('center_axis',(0.,0.,1.));
#3351=DIRECTION('ref_axis',(-1.,0.,0.));
#3352=DIRECTION('',(0.,1.,0.));
#3353=DIRECTION('',(-1.,0.,0.));
#3354=DIRECTION('center_axis',(0.,0.,1.));
#3355=DIRECTION('ref_axis',(1.,0.,0.));
#3356=DIRECTION('center_axis',(0.,0.,-1.));
#3357=DIRECTION('ref_axis',(0.707106781186547,-0.707106781186548,0.));
#3358=DIRECTION('center_axis',(-7.6427412533434E-15,4.37113847952553E-8,
-0.999999999999999));
#3359=DIRECTION('ref_axis',(0.,0.999999999999999,4.37113847952553E-8));
#3360=DIRECTION('center_axis',(0.,0.,-1.));
#3361=DIRECTION('ref_axis',(-1.,0.,0.));
#3362=DIRECTION('',(0.,0.,-1.));
#3363=DIRECTION('center_axis',(0.,0.,1.));
#3364=DIRECTION('ref_axis',(-1.,0.,0.));
#3365=DIRECTION('',(0.,1.,0.));
#3366=DIRECTION('center_axis',(0.,0.,1.));
#3367=DIRECTION('ref_axis',(1.,0.,0.));
#3368=DIRECTION('center_axis',(0.,0.,-1.));
#3369=DIRECTION('ref_axis',(-1.,0.,0.));
#3370=DIRECTION('center_axis',(-7.6427412533434E-15,4.37113847952553E-8,
-0.999999999999999));
#3371=DIRECTION('ref_axis',(0.,0.999999999999999,4.37113847952553E-8));
#3372=DIRECTION('',(0.,0.,-1.));
#3373=DIRECTION('center_axis',(0.,0.,-1.));
#3374=DIRECTION('ref_axis',(-1.,0.,0.));
#3375=DIRECTION('center_axis',(0.,0.,1.));
#3376=DIRECTION('ref_axis',(-1.,0.,0.));
#3377=DIRECTION('',(-1.,0.,0.));
#3378=DIRECTION('center_axis',(0.,0.,1.));
#3379=DIRECTION('ref_axis',(1.,0.,0.));
#3380=DIRECTION('center_axis',(0.,0.,-1.));
#3381=DIRECTION('ref_axis',(-1.,0.,0.));
#3382=DIRECTION('center_axis',(-7.6427412533434E-15,4.37113847952553E-8,
-0.999999999999999));
#3383=DIRECTION('ref_axis',(0.,0.999999999999999,4.37113847952553E-8));
#3384=DIRECTION('center_axis',(0.,0.,-1.));
#3385=DIRECTION('ref_axis',(-1.,0.,0.));
#3386=DIRECTION('center_axis',(0.,0.,1.));
#3387=DIRECTION('ref_axis',(-1.,0.,0.));
#3388=DIRECTION('center_axis',(0.,0.,1.));
#3389=DIRECTION('ref_axis',(1.,0.,0.));
#3390=DIRECTION('center_axis',(-1.,0.,0.));
#3391=DIRECTION('ref_axis',(0.,-1.,0.));
#3392=DIRECTION('',(0.,0.,1.));
#3393=DIRECTION('',(0.,0.999999999999999,4.37113847952553E-8));
#3394=DIRECTION('',(0.,0.,1.));
#3395=DIRECTION('',(0.,1.,0.));
#3396=DIRECTION('',(0.,0.,1.));
#3397=DIRECTION('center_axis',(0.,-1.,0.));
#3398=DIRECTION('ref_axis',(1.,0.,0.));
#3399=DIRECTION('',(-1.,0.,0.));
#3400=DIRECTION('',(-1.,0.,7.64274125334341E-15));
#3401=DIRECTION('center_axis',(7.6427412533434E-15,-4.37113847952553E-8,
0.999999999999999));
#3402=DIRECTION('ref_axis',(1.,0.,-7.64274125334341E-15));
#3403=DIRECTION('',(1.,0.,-7.64274125334341E-15));
#3404=DIRECTION('',(0.,-0.999999999999999,-4.37113847952553E-8));
#3405=DIRECTION('',(0.,-0.999999999999999,-4.37113847952553E-8));
#3406=DIRECTION('',(-1.,0.,7.64274125334341E-15));
#3407=DIRECTION('',(0.,0.999999999999999,4.37113847952553E-8));
#3408=DIRECTION('',(1.,0.,-7.64274125334341E-15));
#3409=DIRECTION('',(0.,-0.999999999999999,-4.37113847952553E-8));
#3410=DIRECTION('',(-1.,0.,7.64274125334341E-15));
#3411=DIRECTION('',(0.,0.999999999999999,4.37113847952553E-8));
#3412=DIRECTION('',(1.,0.,-7.64274125334341E-15));
#3413=DIRECTION('',(0.,-0.999999999999999,-4.37113847952553E-8));
#3414=DIRECTION('',(-1.,0.,7.64274125334341E-15));
#3415=DIRECTION('',(0.,0.999999999999999,4.37113847952553E-8));
#3416=DIRECTION('',(1.,0.,-7.64274125334341E-15));
#3417=DIRECTION('',(0.,-0.999999999999999,-4.37113847952553E-8));
#3418=DIRECTION('',(-1.,0.,7.64274125334341E-15));
#3419=DIRECTION('',(0.,0.999999999999999,4.37113847952553E-8));
#3420=DIRECTION('',(1.,0.,-7.64274125334341E-15));
#3421=DIRECTION('',(0.,-0.999999999999999,-4.37113847952553E-8));
#3422=DIRECTION('',(-1.,0.,7.64274125334341E-15));
#3423=DIRECTION('',(0.,0.999999999999999,4.37113847952553E-8));
#3424=DIRECTION('',(1.,0.,-7.64274125334341E-15));
#3425=DIRECTION('',(0.,-0.999999999999999,-4.37113847952553E-8));
#3426=DIRECTION('',(-1.,0.,7.64274125334341E-15));
#3427=DIRECTION('',(0.,0.999999999999999,4.37113847952553E-8));
#3428=DIRECTION('',(1.,0.,-7.64274125334341E-15));
#3429=DIRECTION('center_axis',(7.6427412533434E-15,-4.37113847952553E-8,
0.999999999999999));
#3430=DIRECTION('ref_axis',(0.,-0.999999999999999,-4.37113847952553E-8));
#3431=DIRECTION('center_axis',(7.6427412533434E-15,-4.37113847952553E-8,
0.999999999999999));
#3432=DIRECTION('ref_axis',(0.,-0.999999999999999,-4.37113847952553E-8));
#3433=DIRECTION('',(0.,-0.999999999999999,-4.37113847952553E-8));
#3434=DIRECTION('',(-1.,0.,7.64274125334341E-15));
#3435=DIRECTION('',(0.,0.999999999999999,4.37113847952553E-8));
#3436=DIRECTION('',(1.,0.,-7.64274125334341E-15));
#3437=DIRECTION('',(0.,-0.999999999999999,-4.37113847952553E-8));
#3438=DIRECTION('',(-1.,0.,7.64274125334341E-15));
#3439=DIRECTION('',(0.,0.999999999999999,4.37113847952553E-8));
#3440=DIRECTION('',(1.,0.,-7.64274125334341E-15));
#3441=DIRECTION('center_axis',(7.6427412533434E-15,-4.37113847952553E-8,
0.999999999999999));
#3442=DIRECTION('ref_axis',(0.,-0.999999999999999,-4.37113847952553E-8));
#3443=DIRECTION('',(0.,-0.999999999999999,-4.37113847952553E-8));
#3444=DIRECTION('',(-1.,0.,7.64274125334341E-15));
#3445=DIRECTION('',(0.,0.999999999999999,4.37113847952553E-8));
#3446=DIRECTION('',(1.,0.,-7.64274125334341E-15));
#3447=DIRECTION('',(0.,-0.999999999999999,-4.37113847952553E-8));
#3448=DIRECTION('',(-1.,0.,7.64274125334341E-15));
#3449=DIRECTION('',(0.,0.999999999999999,4.37113847952553E-8));
#3450=DIRECTION('',(1.,0.,-7.64274125334341E-15));
#3451=DIRECTION('center_axis',(7.6427412533434E-15,-4.37113847952553E-8,
0.999999999999999));
#3452=DIRECTION('ref_axis',(0.,-0.999999999999999,-4.37113847952553E-8));
#3453=DIRECTION('',(0.,-0.999999999999999,-4.37113847952553E-8));
#3454=DIRECTION('',(-1.,0.,7.64274125334341E-15));
#3455=DIRECTION('',(0.,0.999999999999999,4.37113847952553E-8));
#3456=DIRECTION('',(1.,0.,-7.64274125334341E-15));
#3457=DIRECTION('',(0.,-0.999999999999999,-4.37113847952553E-8));
#3458=DIRECTION('',(-1.,0.,7.64274125334341E-15));
#3459=DIRECTION('',(0.,0.999999999999999,4.37113847952553E-8));
#3460=DIRECTION('',(1.,0.,-7.64274125334341E-15));
#3461=DIRECTION('',(1.,0.,-7.64274125334341E-15));
#3462=DIRECTION('',(0.,-0.999999999999999,-4.37113847952553E-8));
#3463=DIRECTION('',(-1.,0.,7.64274125334341E-15));
#3464=DIRECTION('',(0.,0.999999999999999,4.37113847952553E-8));
#3465=DIRECTION('center_axis',(0.,0.,1.));
#3466=DIRECTION('ref_axis',(1.,0.,0.));
#3467=DIRECTION('',(0.,0.,1.));
#3468=DIRECTION('center_axis',(0.,0.,1.));
#3469=DIRECTION('ref_axis',(1.,0.,0.));
#3470=DIRECTION('',(0.,0.,1.));
#3471=DIRECTION('center_axis',(0.,0.,1.));
#3472=DIRECTION('ref_axis',(1.,0.,0.));
#3473=DIRECTION('center_axis',(0.,0.,1.));
#3474=DIRECTION('ref_axis',(1.,0.,0.));
#3475=DIRECTION('',(0.,0.,1.));
#3476=DIRECTION('center_axis',(0.,0.,1.));
#3477=DIRECTION('ref_axis',(1.,0.,0.));
#3478=DIRECTION('center_axis',(0.,0.,1.));
#3479=DIRECTION('ref_axis',(1.,0.,0.));
#3480=DIRECTION('',(0.,0.,1.));
#3481=DIRECTION('center_axis',(1.,0.,0.));
#3482=DIRECTION('ref_axis',(0.,-1.,0.));
#3483=DIRECTION('',(0.,-1.,0.));
#3484=DIRECTION('',(0.,0.,-1.));
#3485=DIRECTION('',(0.,1.,0.));
#3486=DIRECTION('',(0.,0.,-1.));
#3487=DIRECTION('center_axis',(0.,1.,0.));
#3488=DIRECTION('ref_axis',(1.,0.,0.));
#3489=DIRECTION('',(1.,0.,0.));
#3490=DIRECTION('',(0.,0.,-1.));
#3491=DIRECTION('',(-1.,0.,0.));
#3492=DIRECTION('center_axis',(-1.,0.,0.));
#3493=DIRECTION('ref_axis',(0.,1.,0.));
#3494=DIRECTION('',(0.,1.,0.));
#3495=DIRECTION('',(0.,0.,-1.));
#3496=DIRECTION('',(0.,-1.,0.));
#3497=DIRECTION('center_axis',(0.,-1.,0.));
#3498=DIRECTION('ref_axis',(-1.,0.,0.));
#3499=DIRECTION('',(-1.,0.,0.));
#3500=DIRECTION('',(1.,0.,0.));
#3501=DIRECTION('center_axis',(0.,0.,1.));
#3502=DIRECTION('ref_axis',(1.,0.,0.));
#3503=DIRECTION('',(1.,0.,0.));
#3504=DIRECTION('',(4.06882598490139E-16,1.,0.));
#3505=DIRECTION('',(-1.,0.,0.));
#3506=DIRECTION('',(0.,-1.,0.));
#3507=DIRECTION('center_axis',(5.40423428520658E-15,0.707106765732238,0.707106796640857));
#3508=DIRECTION('ref_axis',(1.,0.,-7.64274125334341E-15));
#3509=DIRECTION('',(-1.,0.,7.64274125334341E-15));
#3510=DIRECTION('',(-0.577350277601885,-0.577350277601885,0.577350252365108));
#3511=DIRECTION('',(-0.577350277601888,0.577350277601888,-0.577350252365102));
#3512=DIRECTION('center_axis',(0.707106781186551,-3.09086166037794E-8,0.707106781186544));
#3513=DIRECTION('ref_axis',(0.707106781186544,0.,-0.707106781186551));
#3514=DIRECTION('',(0.,0.999999999999999,4.37113847952553E-8));
#3515=DIRECTION('',(0.577350260777366,-0.577350260777363,-0.577350286014149));
#3516=DIRECTION('center_axis',(-0.707106781186544,-3.09086166037797E-8,
0.70710678118655));
#3517=DIRECTION('ref_axis',(0.70710678118655,0.,0.707106781186545));
#3518=DIRECTION('',(0.,-0.999999999999999,-4.37113847952553E-8));
#3519=DIRECTION('',(-0.577350260777368,-0.577350260777366,-0.577350286014143));
#3520=DIRECTION('center_axis',(5.40423404898001E-15,-0.707106796640856,
0.707106765732238));
#3521=DIRECTION('ref_axis',(1.,0.,-7.64274125334341E-15));
#3522=DIRECTION('',(1.,0.,-7.64274125334341E-15));
#3523=DIRECTION('center_axis',(1.,0.,0.));
#3524=DIRECTION('ref_axis',(0.,1.,0.));
#3525=DIRECTION('',(0.,0.,1.));
#3526=DIRECTION('',(0.,1.,-1.59528119759475E-15));
#3527=DIRECTION('',(0.,0.,1.));
#3528=DIRECTION('',(0.,1.,-1.59528119759475E-15));
#3529=DIRECTION('',(0.,0.,1.));
#3530=DIRECTION('center_axis',(0.,1.,0.));
#3531=DIRECTION('ref_axis',(-1.,0.,0.));
#3532=DIRECTION('',(0.,0.,1.));
#3533=DIRECTION('',(-1.,0.,0.));
#3534=DIRECTION('center_axis',(0.70710678118655,-3.09086166037794E-8,0.707106781186544));
#3535=DIRECTION('ref_axis',(0.707106781186544,0.,-0.707106781186551));
#3536=DIRECTION('',(0.,0.999999999999999,4.37113847952553E-8));
#3537=DIRECTION('',(-0.577350260777365,0.577350260777365,0.577350286014148));
#3538=DIRECTION('',(0.577350277601884,0.577350277601884,-0.577350252365108));
#3539=DIRECTION('center_axis',(5.40423428520658E-15,0.707106765732239,0.707106796640856));
#3540=DIRECTION('ref_axis',(1.,0.,-7.64274125334341E-15));
#3541=DIRECTION('',(-0.577350277601886,0.577350277601889,-0.577350252365102));
#3542=DIRECTION('',(-1.,0.,7.64274125334341E-15));
#3543=DIRECTION('center_axis',(-0.707106781186545,-3.09086166037796E-8,
0.707106781186549));
#3544=DIRECTION('ref_axis',(0.70710678118655,0.,0.707106781186545));
#3545=DIRECTION('',(0.,-0.999999999999999,-4.37113847952553E-8));
#3546=DIRECTION('',(-0.577350260777367,-0.577350260777368,-0.577350286014142));
#3547=DIRECTION('center_axis',(5.40423404898002E-15,-0.707106796640855,
0.70710676573224));
#3548=DIRECTION('ref_axis',(1.,0.,-7.64274125334341E-15));
#3549=DIRECTION('',(1.,0.,-7.64274125334341E-15));
#3550=DIRECTION('center_axis',(0.,-1.,0.));
#3551=DIRECTION('ref_axis',(1.,0.,0.));
#3552=DIRECTION('',(0.,0.,-1.));
#3553=DIRECTION('',(0.,0.,1.));
#3554=DIRECTION('center_axis',(1.,0.,0.));
#3555=DIRECTION('ref_axis',(0.,1.,0.));
#3556=DIRECTION('',(0.,0.,1.));
#3557=DIRECTION('center_axis',(0.707106781186551,-3.09086166037794E-8,0.707106781186544));
#3558=DIRECTION('ref_axis',(0.707106781186544,0.,-0.707106781186551));
#3559=DIRECTION('',(0.577350277601885,0.577350277601884,-0.577350252365109));
#3560=DIRECTION('',(0.,0.999999999999999,4.37113847952553E-8));
#3561=DIRECTION('',(-0.577350260777365,0.577350260777364,0.577350286014148));
#3562=DIRECTION('center_axis',(5.40423428520657E-15,0.707106765732239,0.707106796640856));
#3563=DIRECTION('ref_axis',(1.,0.,-7.64274125334341E-15));
#3564=DIRECTION('',(-1.,0.,7.64274125334341E-15));
#3565=DIRECTION('',(-0.577350277601887,0.577350277601887,-0.577350252365102));
#3566=DIRECTION('center_axis',(-0.707106781186544,-3.09086166037797E-8,
0.70710678118655));
#3567=DIRECTION('ref_axis',(0.70710678118655,0.,0.707106781186545));
#3568=DIRECTION('',(0.,-0.999999999999999,-4.37113847952553E-8));
#3569=DIRECTION('',(-0.577350260777368,-0.577350260777367,-0.577350286014143));
#3570=DIRECTION('center_axis',(5.40423404898002E-15,-0.707106796640856,
0.707106765732239));
#3571=DIRECTION('ref_axis',(1.,0.,-7.64274125334341E-15));
#3572=DIRECTION('',(1.,0.,-7.64274125334341E-15));
#3573=DIRECTION('center_axis',(0.,-1.,0.));
#3574=DIRECTION('ref_axis',(1.,0.,0.));
#3575=DIRECTION('',(0.,0.,1.));
#3576=DIRECTION('',(1.,0.,0.));
#3577=DIRECTION('',(0.,0.,1.));
#3578=DIRECTION('center_axis',(1.,0.,0.));
#3579=DIRECTION('ref_axis',(0.,1.,0.));
#3580=DIRECTION('',(0.,0.,1.));
#3581=DIRECTION('',(0.,1.,0.));
#3582=DIRECTION('center_axis',(0.70710678118655,-3.09086166037795E-8,0.707106781186545));
#3583=DIRECTION('ref_axis',(0.707106781186545,0.,-0.70710678118655));
#3584=DIRECTION('',(0.,0.999999999999999,4.37113847952553E-8));
#3585=DIRECTION('',(-0.577350260777365,0.577350260777365,0.577350286014148));
#3586=DIRECTION('',(0.577350277601884,0.577350277601884,-0.577350252365108));
#3587=DIRECTION('center_axis',(5.40423428520658E-15,0.707106765732239,0.707106796640856));
#3588=DIRECTION('ref_axis',(1.,0.,-7.64274125334341E-15));
#3589=DIRECTION('',(-0.577350277601888,0.577350277601886,-0.577350252365103));
#3590=DIRECTION('',(-1.,0.,7.64274125334341E-15));
#3591=DIRECTION('center_axis',(-0.707106781186545,-3.09086166037797E-8,
0.707106781186549));
#3592=DIRECTION('ref_axis',(0.70710678118655,0.,0.707106781186545));
#3593=DIRECTION('',(0.,-0.999999999999999,-4.37113847952553E-8));
#3594=DIRECTION('',(-0.577350260777367,-0.577350260777368,-0.577350286014142));
#3595=DIRECTION('center_axis',(5.40423404898002E-15,-0.707106796640855,
0.70710676573224));
#3596=DIRECTION('ref_axis',(1.,0.,-7.64274125334341E-15));
#3597=DIRECTION('',(1.,0.,-7.64274125334341E-15));
#3598=DIRECTION('center_axis',(0.,-1.,0.));
#3599=DIRECTION('ref_axis',(1.,0.,0.));
#3600=DIRECTION('',(0.,0.,1.));
#3601=DIRECTION('',(1.,0.,0.));
#3602=DIRECTION('',(0.,0.,1.));
#3603=DIRECTION('center_axis',(1.,0.,0.));
#3604=DIRECTION('ref_axis',(0.,1.,0.));
#3605=DIRECTION('',(0.,0.,1.));
#3606=DIRECTION('',(0.,1.,0.));
#3607=DIRECTION('center_axis',(0.70710678118655,-3.09086166037794E-8,0.707106781186544));
#3608=DIRECTION('ref_axis',(0.707106781186545,0.,-0.70710678118655));
#3609=DIRECTION('',(0.577350277601884,0.577350277601884,-0.577350252365108));
#3610=DIRECTION('',(0.,0.999999999999999,4.37113847952553E-8));
#3611=DIRECTION('',(-0.577350260777364,0.577350260777365,0.577350286014148));
#3612=DIRECTION('center_axis',(5.40423428520658E-15,0.707106765732239,0.707106796640856));
#3613=DIRECTION('ref_axis',(1.,0.,-7.64274125334341E-15));
#3614=DIRECTION('',(-1.,0.,7.64274125334341E-15));
#3615=DIRECTION('',(-0.577350277601888,0.577350277601886,-0.577350252365103));
#3616=DIRECTION('center_axis',(-0.707106781186545,-3.09086166037796E-8,
0.707106781186549));
#3617=DIRECTION('ref_axis',(0.70710678118655,0.,0.707106781186545));
#3618=DIRECTION('',(0.,-0.999999999999999,-4.37113847952553E-8));
#3619=DIRECTION('',(-0.577350260777368,-0.577350260777368,-0.577350286014142));
#3620=DIRECTION('center_axis',(5.40423404898002E-15,-0.707106796640855,
0.70710676573224));
#3621=DIRECTION('ref_axis',(1.,0.,-7.64274125334341E-15));
#3622=DIRECTION('',(1.,0.,-7.64274125334341E-15));
#3623=DIRECTION('center_axis',(0.,-1.,0.));
#3624=DIRECTION('ref_axis',(1.,0.,0.));
#3625=DIRECTION('',(0.,0.,1.));
#3626=DIRECTION('',(1.,0.,0.));
#3627=DIRECTION('',(0.,0.,1.));
#3628=DIRECTION('center_axis',(1.,0.,0.));
#3629=DIRECTION('ref_axis',(0.,1.,0.));
#3630=DIRECTION('',(0.,0.,1.));
#3631=DIRECTION('',(0.,1.,0.));
#3632=DIRECTION('center_axis',(0.,0.,1.));
#3633=DIRECTION('ref_axis',(-1.,0.,0.));
#3634=DIRECTION('',(0.999999999999999,0.,-4.37113882867399E-8));
#3635=DIRECTION('',(0.,1.,-1.59528119759475E-15));
#3636=DIRECTION('',(0.999999999999999,5.55111512312578E-16,-4.37113882867399E-8));
#3637=DIRECTION('',(0.,-1.,0.));
#3638=DIRECTION('',(1.,0.,0.));
#3639=DIRECTION('',(0.,-1.,1.59528119759475E-15));
#3640=DIRECTION('',(0.999999999999999,-6.3441315692866E-16,-4.37113882867399E-8));
#3641=DIRECTION('',(0.,-1.,0.));
#3642=DIRECTION('',(-0.999999999999999,0.,4.37113882867399E-8));
#3643=DIRECTION('',(0.,-1.,1.59528119759475E-15));
#3644=DIRECTION('',(-0.999999999999999,0.,4.37113882867399E-8));
#3645=DIRECTION('',(0.,1.,-1.59528119759475E-15));
#3646=DIRECTION('',(-0.999999999999999,0.,4.37113882867399E-8));
#3647=DIRECTION('',(0.,1.,-1.59528119759475E-15));
#3648=DIRECTION('',(-0.999999999999999,0.,4.37113882867399E-8));
#3649=DIRECTION('',(1.,0.,0.));
#3650=DIRECTION('',(0.,1.,0.));
#3651=DIRECTION('',(-1.,0.,0.));
#3652=DIRECTION('',(0.,-1.,0.));
#3653=DIRECTION('',(1.,0.,0.));
#3654=DIRECTION('',(0.,1.,0.));
#3655=DIRECTION('',(-1.,0.,0.));
#3656=DIRECTION('',(0.,-1.,0.));
#3657=DIRECTION('',(1.,0.,0.));
#3658=DIRECTION('',(0.,1.,0.));
#3659=DIRECTION('',(-1.,0.,0.));
#3660=DIRECTION('',(0.,-1.,0.));
#3661=DIRECTION('',(-1.,0.,0.));
#3662=DIRECTION('',(0.,-1.,0.));
#3663=DIRECTION('',(1.,0.,0.));
#3664=DIRECTION('',(0.,1.,0.));
#3665=DIRECTION('',(-1.,0.,0.));
#3666=DIRECTION('',(0.,-1.,0.));
#3667=DIRECTION('',(-1.,0.,0.));
#3668=DIRECTION('',(0.,-1.,0.));
#3669=DIRECTION('',(1.,0.,0.));
#3670=DIRECTION('',(0.,1.,0.));
#3671=DIRECTION('',(-1.,0.,0.));
#3672=DIRECTION('',(0.,-1.,0.));
#3673=DIRECTION('',(1.,0.,0.));
#3674=DIRECTION('',(0.,1.,0.));
#3675=DIRECTION('',(-1.,0.,0.));
#3676=DIRECTION('',(0.,-1.,0.));
#3677=DIRECTION('',(-1.,0.,0.));
#3678=DIRECTION('',(0.,-1.,0.));
#3679=DIRECTION('',(1.,0.,0.));
#3680=DIRECTION('',(0.,1.,0.));
#3681=DIRECTION('',(-1.,0.,0.));
#3682=DIRECTION('',(0.,-1.,0.));
#3683=DIRECTION('',(1.,0.,0.));
#3684=DIRECTION('',(0.,1.,0.));
#3685=DIRECTION('',(-1.,0.,0.));
#3686=DIRECTION('',(0.,-1.,0.));
#3687=DIRECTION('center_axis',(-1.,0.,0.));
#3688=DIRECTION('ref_axis',(0.,-1.,0.));
#3689=DIRECTION('',(0.,0.,1.));
#3690=DIRECTION('',(0.,0.,1.));
#3691=DIRECTION('center_axis',(0.,-1.,0.));
#3692=DIRECTION('ref_axis',(1.,0.,0.));
#3693=DIRECTION('',(0.,0.,1.));
#3694=DIRECTION('center_axis',(-1.,0.,0.));
#3695=DIRECTION('ref_axis',(0.,-1.,0.));
#3696=DIRECTION('',(0.,0.,1.));
#3697=DIRECTION('',(0.,0.,1.));
#3698=DIRECTION('center_axis',(0.,-1.,0.));
#3699=DIRECTION('ref_axis',(1.,0.,0.));
#3700=DIRECTION('',(0.,0.,1.));
#3701=DIRECTION('center_axis',(-1.,0.,0.));
#3702=DIRECTION('ref_axis',(0.,-1.,0.));
#3703=DIRECTION('',(0.,0.,1.));
#3704=DIRECTION('center_axis',(-1.,0.,0.));
#3705=DIRECTION('ref_axis',(0.,-1.,0.));
#3706=DIRECTION('',(0.,0.,1.));
#3707=DIRECTION('',(0.,0.,1.));
#3708=DIRECTION('center_axis',(0.,-1.,0.));
#3709=DIRECTION('ref_axis',(1.,0.,0.));
#3710=DIRECTION('',(0.,0.,1.));
#3711=DIRECTION('center_axis',(-1.,0.,0.));
#3712=DIRECTION('ref_axis',(0.,-1.,0.));
#3713=DIRECTION('',(0.,0.,1.));
#3714=DIRECTION('',(0.,0.,1.));
#3715=DIRECTION('center_axis',(0.,-1.,0.));
#3716=DIRECTION('ref_axis',(1.,0.,0.));
#3717=DIRECTION('',(0.,0.,1.));
#3718=DIRECTION('center_axis',(-1.,0.,0.));
#3719=DIRECTION('ref_axis',(0.,-1.,0.));
#3720=DIRECTION('',(0.,0.,1.));
#3721=DIRECTION('center_axis',(-1.,0.,0.));
#3722=DIRECTION('ref_axis',(0.,-1.,0.));
#3723=DIRECTION('',(0.,0.,1.));
#3724=DIRECTION('',(0.,0.,1.));
#3725=DIRECTION('center_axis',(0.,-1.,0.));
#3726=DIRECTION('ref_axis',(1.,0.,0.));
#3727=DIRECTION('',(0.,0.,1.));
#3728=DIRECTION('center_axis',(0.,-1.,0.));
#3729=DIRECTION('ref_axis',(1.,0.,0.));
#3730=DIRECTION('',(0.,0.,1.));
#3731=DIRECTION('center_axis',(-1.,0.,0.));
#3732=DIRECTION('ref_axis',(0.,-1.,0.));
#3733=DIRECTION('',(0.,0.,1.));
#3734=DIRECTION('center_axis',(-1.,0.,0.));
#3735=DIRECTION('ref_axis',(0.,-1.,0.));
#3736=DIRECTION('',(0.,0.,1.));
#3737=DIRECTION('',(0.,0.,1.));
#3738=DIRECTION('center_axis',(0.,-1.,0.));
#3739=DIRECTION('ref_axis',(1.,0.,0.));
#3740=DIRECTION('',(0.,0.,1.));
#3741=DIRECTION('center_axis',(-1.,0.,0.));
#3742=DIRECTION('ref_axis',(0.,-1.,0.));
#3743=DIRECTION('',(0.,0.,1.));
#3744=DIRECTION('',(0.,0.,1.));
#3745=DIRECTION('center_axis',(0.,-1.,0.));
#3746=DIRECTION('ref_axis',(1.,0.,0.));
#3747=DIRECTION('',(0.,0.,1.));
#3748=DIRECTION('center_axis',(-1.,0.,0.));
#3749=DIRECTION('ref_axis',(0.,-1.,0.));
#3750=DIRECTION('',(0.,0.,1.));
#3751=DIRECTION('',(0.,0.,1.));
#3752=DIRECTION('center_axis',(0.,-1.,0.));
#3753=DIRECTION('ref_axis',(1.,0.,0.));
#3754=DIRECTION('',(0.,0.,1.));
#3755=DIRECTION('center_axis',(-1.,0.,0.));
#3756=DIRECTION('ref_axis',(0.,-1.,0.));
#3757=DIRECTION('',(0.,0.,1.));
#3758=DIRECTION('center_axis',(1.,0.,0.));
#3759=DIRECTION('ref_axis',(0.,1.,0.));
#3760=DIRECTION('',(0.,0.,1.));
#3761=DIRECTION('center_axis',(0.,1.,0.));
#3762=DIRECTION('ref_axis',(-1.,0.,0.));
#3763=DIRECTION('center_axis',(1.,0.,0.));
#3764=DIRECTION('ref_axis',(0.,1.,0.));
#3765=DIRECTION('',(0.,0.,1.));
#3766=DIRECTION('center_axis',(0.,1.,0.));
#3767=DIRECTION('ref_axis',(-1.,0.,0.));
#3768=DIRECTION('center_axis',(0.,1.,0.));
#3769=DIRECTION('ref_axis',(-1.,0.,0.));
#3770=DIRECTION('center_axis',(1.,0.,0.));
#3771=DIRECTION('ref_axis',(0.,1.,0.));
#3772=DIRECTION('',(0.,0.,1.));
#3773=DIRECTION('center_axis',(0.,1.,0.));
#3774=DIRECTION('ref_axis',(-1.,0.,0.));
#3775=DIRECTION('center_axis',(1.,0.,0.));
#3776=DIRECTION('ref_axis',(0.,1.,0.));
#3777=DIRECTION('',(0.,0.,1.));
#3778=DIRECTION('center_axis',(0.,1.,0.));
#3779=DIRECTION('ref_axis',(-1.,0.,0.));
#3780=DIRECTION('center_axis',(0.,1.,0.));
#3781=DIRECTION('ref_axis',(-1.,0.,0.));
#3782=DIRECTION('center_axis',(1.,0.,0.));
#3783=DIRECTION('ref_axis',(0.,1.,0.));
#3784=DIRECTION('',(0.,0.,1.));
#3785=DIRECTION('center_axis',(0.,1.,0.));
#3786=DIRECTION('ref_axis',(-1.,0.,0.));
#3787=DIRECTION('center_axis',(-1.,0.,0.));
#3788=DIRECTION('ref_axis',(0.,-1.,0.));
#3789=DIRECTION('center_axis',(0.,1.,0.));
#3790=DIRECTION('ref_axis',(-1.,0.,0.));
#3791=DIRECTION('center_axis',(1.,0.,0.));
#3792=DIRECTION('ref_axis',(0.,1.,0.));
#3793=DIRECTION('',(0.,0.,1.));
#3794=DIRECTION('center_axis',(0.,1.,0.));
#3795=DIRECTION('ref_axis',(-1.,0.,0.));
#3796=DIRECTION('center_axis',(1.,0.,0.));
#3797=DIRECTION('ref_axis',(0.,1.,0.));
#3798=DIRECTION('',(0.,0.,1.));
#3799=DIRECTION('center_axis',(0.,1.,0.));
#3800=DIRECTION('ref_axis',(-1.,0.,0.));
#3801=DIRECTION('center_axis',(1.,0.,0.));
#3802=DIRECTION('ref_axis',(0.,1.,0.));
#3803=DIRECTION('',(0.,0.,1.));
#3804=DIRECTION('center_axis',(0.,1.,0.));
#3805=DIRECTION('ref_axis',(-1.,0.,0.));
#3806=DIRECTION('center_axis',(0.,1.,0.));
#3807=DIRECTION('ref_axis',(-1.,0.,0.));
#3808=DIRECTION('center_axis',(1.,0.,0.));
#3809=DIRECTION('ref_axis',(0.,1.,0.));
#3810=DIRECTION('',(0.,0.,1.));
#3811=DIRECTION('center_axis',(0.,1.,0.));
#3812=DIRECTION('ref_axis',(-1.,0.,0.));
#3813=DIRECTION('',(0.,0.,1.));
#3814=DIRECTION('center_axis',(1.,0.,0.));
#3815=DIRECTION('ref_axis',(0.,1.,0.));
#3816=DIRECTION('',(0.,0.,1.));
#3817=DIRECTION('',(0.,0.,1.));
#3818=DIRECTION('',(0.,0.,1.));
#3819=DIRECTION('center_axis',(0.,1.,0.));
#3820=DIRECTION('ref_axis',(-1.,0.,0.));
#3821=DIRECTION('',(0.,0.,1.));
#3822=DIRECTION('center_axis',(1.,0.,0.));
#3823=DIRECTION('ref_axis',(0.,1.,0.));
#3824=DIRECTION('',(0.,0.,1.));
#3825=DIRECTION('center_axis',(0.,1.,0.));
#3826=DIRECTION('ref_axis',(-1.,0.,0.));
#3827=DIRECTION('',(0.,0.,1.));
#3828=DIRECTION('',(-1.,0.,0.));
#3829=DIRECTION('center_axis',(0.,0.,1.));
#3830=DIRECTION('ref_axis',(-1.,0.,0.));
#3831=DIRECTION('',(0.,0.,-1.));
#3832=DIRECTION('center_axis',(0.,0.,1.));
#3833=DIRECTION('ref_axis',(-1.,0.,0.));
#3834=DIRECTION('',(0.,0.,-1.));
#3835=DIRECTION('center_axis',(0.,0.,-1.));
#3836=DIRECTION('ref_axis',(-1.,0.,0.));
#3837=DIRECTION('center_axis',(-1.,0.,0.));
#3838=DIRECTION('ref_axis',(0.,-1.,0.));
#3839=DIRECTION('',(0.,0.,1.));
#3840=DIRECTION('',(0.,1.,0.));
#3841=DIRECTION('center_axis',(0.,1.,0.));
#3842=DIRECTION('ref_axis',(-1.,0.,0.));
#3843=DIRECTION('',(1.,0.,0.));
#3844=DIRECTION('center_axis',(0.,1.,0.));
#3845=DIRECTION('ref_axis',(-1.,0.,0.));
#3846=DIRECTION('center_axis',(0.,0.,1.));
#3847=DIRECTION('ref_axis',(-1.,0.,0.));
#3848=DIRECTION('center_axis',(5.55111512312578E-16,-1.,0.));
#3849=DIRECTION('ref_axis',(1.,5.55111512312578E-16,0.));
#3850=DIRECTION('center_axis',(0.,-1.,0.));
#3851=DIRECTION('ref_axis',(1.,0.,0.));
#3852=DIRECTION('center_axis',(0.,0.,1.));
#3853=DIRECTION('ref_axis',(-1.,0.,0.));
#3854=DIRECTION('',(0.,0.,-1.));
#3855=DIRECTION('center_axis',(0.,0.,-1.));
#3856=DIRECTION('ref_axis',(-1.,0.,0.));
#3857=DIRECTION('center_axis',(0.,0.,1.));
#3858=DIRECTION('ref_axis',(-1.,0.,0.));
#3859=DIRECTION('',(0.,0.,-1.));
#3860=DIRECTION('center_axis',(-6.34413156928661E-16,-1.,0.));
#3861=DIRECTION('ref_axis',(1.,-6.34413156928661E-16,0.));
#3862=DIRECTION('',(0.,0.,1.));
#3863=DIRECTION('',(1.,-6.34413156928661E-16,0.));
#3864=DIRECTION('center_axis',(-1.,0.,0.));
#3865=DIRECTION('ref_axis',(0.,-1.,0.));
#3866=DIRECTION('',(0.,-1.,0.));
#3867=DIRECTION('center_axis',(0.,0.,1.));
#3868=DIRECTION('ref_axis',(-1.,0.,0.));
#3869=CARTESIAN_POINT('',(0.,0.,0.));
#3870=CARTESIAN_POINT('Origin',(27.8500000000003,9.,-7.));
#3871=CARTESIAN_POINT('',(31.8500000000003,9.,-7.));
#3872=CARTESIAN_POINT('',(27.8500000000003,9.,-7.));
#3873=CARTESIAN_POINT('',(28.8500000000003,9.,-7.));
#3874=CARTESIAN_POINT('',(31.8500000000003,9.,-10.));
#3875=CARTESIAN_POINT('',(31.8500000000003,9.,-7.));
#3876=CARTESIAN_POINT('',(27.8500000000003,9.,-10.));
#3877=CARTESIAN_POINT('',(27.8500000000003,9.,-10.));
#3878=CARTESIAN_POINT('',(27.8500000000003,9.,-7.));
#3879=CARTESIAN_POINT('Origin',(29.8500000000003,-3.67499999999952,-10.));
#3880=CARTESIAN_POINT('',(31.8500000000003,-16.3499999999991,-10.));
#3881=CARTESIAN_POINT('',(31.8500000000003,16.3499999999995,-10.));
#3882=CARTESIAN_POINT('',(27.8500000000003,-16.3499999999991,-10.));
#3883=CARTESIAN_POINT('',(31.8500000000003,-16.349999999999,-10.));
#3884=CARTESIAN_POINT('',(27.8500000000003,-16.349999999999,-10.));
#3885=CARTESIAN_POINT('Origin',(29.8500000000003,2.44249065417534E-13,-7.));
#3886=CARTESIAN_POINT('',(27.8500000000003,13.,-7.));
#3887=CARTESIAN_POINT('',(27.8500000000003,16.3499999999995,-7.));
#3888=CARTESIAN_POINT('',(31.8500000000003,13.,-7.));
#3889=CARTESIAN_POINT('',(30.8500000000003,13.,-7.));
#3890=CARTESIAN_POINT('',(31.8500000000003,-16.349999999999,-7.));
#3891=CARTESIAN_POINT('Origin',(31.8500000000003,13.,-7.));
#3892=CARTESIAN_POINT('',(27.8500000000003,13.,-10.));
#3893=CARTESIAN_POINT('',(27.8500000000003,13.,-7.));
#3894=CARTESIAN_POINT('',(31.8500000000003,13.,-10.));
#3895=CARTESIAN_POINT('',(31.8500000000003,13.,-10.));
#3896=CARTESIAN_POINT('',(31.8500000000003,13.,-7.));
#3897=CARTESIAN_POINT('Origin',(29.8500000000003,14.6749999999998,-10.));
#3898=CARTESIAN_POINT('',(27.8500000000003,16.3499999999995,-10.));
#3899=CARTESIAN_POINT('',(27.8500000000003,-16.349999999999,-10.));
#3900=CARTESIAN_POINT('',(31.8500000000003,16.3499999999995,-10.));
#3901=CARTESIAN_POINT('',(27.8500000000003,16.3499999999995,-10.));
#3902=CARTESIAN_POINT('',(31.8500000000003,16.3499999999995,-10.));
#3903=CARTESIAN_POINT('Origin',(-29.8499999999981,2.44249065417534E-13,
-10.));
#3904=CARTESIAN_POINT('',(-27.8499999999981,-16.349999999999,-10.));
#3905=CARTESIAN_POINT('',(-31.8499999999981,-16.349999999999,-10.));
#3906=CARTESIAN_POINT('',(-27.8499999999981,-16.349999999999,-10.));
#3907=CARTESIAN_POINT('',(-31.8499999999981,16.3499999999995,-10.));
#3908=CARTESIAN_POINT('',(-31.8499999999981,-16.349999999999,-10.));
#3909=CARTESIAN_POINT('',(-27.8499999999981,16.3499999999995,-10.));
#3910=CARTESIAN_POINT('',(-31.8499999999981,16.3499999999995,-10.));
#3911=CARTESIAN_POINT('',(-27.8499999999981,16.3499999999995,-10.));
#3912=CARTESIAN_POINT('Origin',(30.6000000000003,-12.9295016775944,0.));
#3913=CARTESIAN_POINT('',(29.3500000000003,-11.6795016775944,-1.));
#3914=CARTESIAN_POINT('',(29.3500000000003,-11.6795016775944,4.21269956519251));
#3915=CARTESIAN_POINT('',(29.3500000000003,-11.6795016775944,0.));
#3916=CARTESIAN_POINT('',(31.8500000000003,-14.1795016775944,4.21269945591402));
#3917=CARTESIAN_POINT('',(19.7176246266376,-2.04712630423171,4.21269998623705));
#3918=CARTESIAN_POINT('',(31.8500000000003,-14.1795016775944,-3.5));
#3919=CARTESIAN_POINT('',(31.8500000000003,-14.1795016775944,0.));
#3920=CARTESIAN_POINT('',(31.8500000000003,-14.1795016775944,-3.5));
#3921=CARTESIAN_POINT('Origin',(30.6000000000003,14.0326199285287,0.));
#3922=CARTESIAN_POINT('',(31.8500000000003,15.2826199285287,-3.5));
#3923=CARTESIAN_POINT('',(31.8500000000003,15.2826199285287,4.21270074374416));
#3924=CARTESIAN_POINT('',(31.8500000000003,15.2826199285287,0.));
#3925=CARTESIAN_POINT('',(29.3500000000003,12.7826199285287,4.21270063446572));
#3926=CARTESIAN_POINT('',(19.4418449718327,2.87446490036104,4.21270020136661));
#3927=CARTESIAN_POINT('',(29.3500000000003,12.7826199285287,-1.));
#3928=CARTESIAN_POINT('',(29.3500000000003,12.7826199285287,0.));
#3929=CARTESIAN_POINT('',(29.3500000000003,12.7826199285287,-1.));
#3930=CARTESIAN_POINT('Origin',(30.6000000000003,6.39130996426447,-2.25));
#3931=CARTESIAN_POINT('',(31.8500000000003,6.39130996426447,-3.5));
#3932=CARTESIAN_POINT('',(29.3500000000003,6.39130996426447,-1.));
#3933=CARTESIAN_POINT('Origin',(29.8500000000003,2.44249065417534E-13,-1.));
#3934=CARTESIAN_POINT('',(27.8500000000003,12.7826199285287,-1.));
#3935=CARTESIAN_POINT('',(31.8500000000003,12.7826199285287,-1.));
#3936=CARTESIAN_POINT('',(27.8500000000003,-11.6795016775944,-1.));
#3937=CARTESIAN_POINT('',(27.8500000000003,6.67499999999989,-1.));
#3938=CARTESIAN_POINT('',(19.380004558853,-11.6795016775944,-1.));
#3939=CARTESIAN_POINT('Origin',(27.8500000000003,12.7826199285287,0.));
#3940=CARTESIAN_POINT('',(27.8500000000003,12.7826199285287,4.21270063446573));
#3941=CARTESIAN_POINT('',(13.9250000000007,12.7826199285287,4.21270063446583));
#3942=CARTESIAN_POINT('',(27.8500000000003,12.7826199285287,3.26269989625069));
#3943=CARTESIAN_POINT('',(27.8500000000003,12.7826199285287,3.26270111361291));
#3944=CARTESIAN_POINT('',(27.8500000000003,12.7826199285287,0.));
#3945=CARTESIAN_POINT('Origin',(-8.21599852811,22.3499999999995,-3.5));
#3946=CARTESIAN_POINT('',(-6.21599852811,24.3499999999995,-7.));
#3947=CARTESIAN_POINT('',(-10.21599852811,20.3499999999995,-7.));
#3948=CARTESIAN_POINT('',(-6.16199889608222,24.4039996320273,-7.));
#3949=CARTESIAN_POINT('',(-10.21599852811,20.3499999999995,-1.55702));
#3950=CARTESIAN_POINT('',(-10.21599852811,20.3499999999995,-3.5));
#3951=CARTESIAN_POINT('',(-6.21599852811,24.3499999999995,-1.55702));
#3952=CARTESIAN_POINT('',(-8.21599852811,22.3499999999995,-1.55702));
#3953=CARTESIAN_POINT('',(-6.21599852811,24.3499999999995,-3.5));
#3954=CARTESIAN_POINT('Origin',(31.8500000000003,24.3499999999995,0.));
#3955=CARTESIAN_POINT('',(-21.21599852811,24.3499999999995,-1.55702));
#3956=CARTESIAN_POINT('',(10.8170007359452,24.3499999999995,-1.55702));
#3957=CARTESIAN_POINT('',(-21.21599852811,24.3499999999995,-7.));
#3958=CARTESIAN_POINT('',(-21.21599852811,24.3499999999995,-0.77851));
#3959=CARTESIAN_POINT('',(-23.8499999999981,24.3499999999995,-7.));
#3960=CARTESIAN_POINT('',(-23.8499999999981,24.3499999999995,-7.));
#3961=CARTESIAN_POINT('',(-23.8499999999981,24.3499999999995,0.));
#3962=CARTESIAN_POINT('',(-23.8499999999981,24.3499999999995,0.));
#3963=CARTESIAN_POINT('',(-31.8499999999981,24.3499999999995,0.));
#3964=CARTESIAN_POINT('',(-31.8499999999981,24.3499999999995,0.));
#3965=CARTESIAN_POINT('',(-31.8499999999981,24.3499999999995,2.21270007571992));
#3966=CARTESIAN_POINT('',(-31.8499999999981,24.3499999999995,3.26270111361291));
#3967=CARTESIAN_POINT('',(-29.8499999999981,24.3499999999995,2.21270007571992));
#3968=CARTESIAN_POINT('',(1.00000000000111,24.3499999999995,2.21270007571992));
#3969=CARTESIAN_POINT('',(-29.8499999999981,24.3499999999995,4.21270007571992));
#3970=CARTESIAN_POINT('',(-29.8499999999981,24.3499999999995,4.21270007571992));
#3971=CARTESIAN_POINT('',(29.8500000000003,24.3499999999995,4.21270007571992));
#3972=CARTESIAN_POINT('',(15.9250000000007,24.3499999999995,4.21270114009202));
#3973=CARTESIAN_POINT('',(29.8500000000003,24.3499999999995,2.21270007571992));
#3974=CARTESIAN_POINT('',(29.8500000000003,24.3499999999995,4.21270007571992));
#3975=CARTESIAN_POINT('',(31.8500000000003,24.3499999999995,2.21270007571992));
#3976=CARTESIAN_POINT('',(30.8500000000003,24.3499999999995,2.21270007571992));
#3977=CARTESIAN_POINT('',(31.8500000000003,24.3499999999995,0.));
#3978=CARTESIAN_POINT('',(31.8500000000003,24.3499999999995,0.));
#3979=CARTESIAN_POINT('',(23.8500000000003,24.3499999999995,0.));
#3980=CARTESIAN_POINT('',(-31.8499999999981,24.3499999999995,0.));
#3981=CARTESIAN_POINT('',(23.8500000000003,24.3499999999995,-7.));
#3982=CARTESIAN_POINT('',(23.8500000000003,24.3499999999995,0.));
#3983=CARTESIAN_POINT('',(-23.8499999999981,24.3499999999995,-7.));
#3984=CARTESIAN_POINT('Origin',(-19.21599852811,22.3499999999995,-0.77851));
#3985=CARTESIAN_POINT('',(-17.21599852811,20.3499999999995,-7.));
#3986=CARTESIAN_POINT('',(-14.4119988960822,17.5460003679718,-7.));
#3987=CARTESIAN_POINT('',(-17.21599852811,20.3499999999995,-1.55702));
#3988=CARTESIAN_POINT('',(-17.46599852811,20.5999999999995,-1.55702));
#3989=CARTESIAN_POINT('',(-17.21599852811,20.3499999999995,-0.77851));
#3990=CARTESIAN_POINT('Origin',(1.11022302462516E-12,22.3499999999995,-7.));
#3991=CARTESIAN_POINT('',(-23.8499999999981,20.3499999999995,-7.));
#3992=CARTESIAN_POINT('',(23.8500000000003,20.3499999999995,-7.));
#3993=CARTESIAN_POINT('',(-23.8499999999981,20.3499999999995,-7.));
#3994=CARTESIAN_POINT('Origin',(-10.21599852811,24.3499999999995,-1.55702));
#3995=CARTESIAN_POINT('',(-15.032999264054,20.3499999999995,-1.55702));
#3996=CARTESIAN_POINT('Origin',(-19.8499999999981,20.3499999999995,0.));
#3997=CARTESIAN_POINT('',(23.8500000000003,20.3499999999995,-7.));
#3998=CARTESIAN_POINT('',(23.8500000000003,20.3499999999995,-7.));
#3999=CARTESIAN_POINT('',(23.8500000000003,20.3499999999995,0.));
#4000=CARTESIAN_POINT('',(23.8500000000003,20.3499999999995,0.));
#4001=CARTESIAN_POINT('',(20.8500000000003,20.3499999999995,0.));
#4002=CARTESIAN_POINT('',(11.9250000000007,20.3499999999995,0.));
#4003=CARTESIAN_POINT('',(20.8500000000003,20.3499999999995,3.2627002022304));
#4004=CARTESIAN_POINT('',(20.8500000000003,20.3499999999995,0.));
#4005=CARTESIAN_POINT('',(-19.8499999999981,20.3499999999995,3.2627019812839));
#4006=CARTESIAN_POINT('',(-9.92499992104038,20.3499999999995,3.26270154744837));
#4007=CARTESIAN_POINT('',(-19.8499999999981,20.3499999999995,0.));
#4008=CARTESIAN_POINT('',(-19.8499999999981,20.3499999999995,0.));
#4009=CARTESIAN_POINT('',(-23.8499999999981,20.3499999999995,0.));
#4010=CARTESIAN_POINT('',(11.9250000000007,20.3499999999995,0.));
#4011=CARTESIAN_POINT('',(-23.8499999999981,20.3499999999995,0.));
#4012=CARTESIAN_POINT('Origin',(1.11022302462516E-12,22.3499999999995,-7.));
#4013=CARTESIAN_POINT('',(23.8500000000003,24.3499999999995,-7.));
#4014=CARTESIAN_POINT('Origin',(31.8500000000003,12.7826199285287,0.));
#4015=CARTESIAN_POINT('',(31.8500000000003,-22.349999999999,4.21270007571992));
#4016=CARTESIAN_POINT('',(31.8500000000003,-12.1750000207623,4.21269954353357));
#4017=CARTESIAN_POINT('',(31.8500000000003,-22.349999999999,2.21270007571992));
#4018=CARTESIAN_POINT('',(31.8500000000003,-22.349999999999,4.21270007571992));
#4019=CARTESIAN_POINT('',(31.8500000000003,-24.349999999999,2.21270007571992));
#4020=CARTESIAN_POINT('',(31.8500000000003,-23.349999999999,2.21270007571992));
#4021=CARTESIAN_POINT('',(31.8500000000003,-24.349999999999,0.));
#4022=CARTESIAN_POINT('',(31.8500000000003,-24.349999999999,0.));
#4023=CARTESIAN_POINT('',(31.8500000000003,-16.349999999999,0.));
#4024=CARTESIAN_POINT('',(31.8500000000003,24.3499999999995,0.));
#4025=CARTESIAN_POINT('',(31.8500000000003,-16.349999999999,0.));
#4026=CARTESIAN_POINT('',(31.8500000000003,16.3499999999995,0.));
#4027=CARTESIAN_POINT('',(31.8500000000003,16.3499999999995,0.));
#4028=CARTESIAN_POINT('',(31.8500000000003,24.3499999999995,0.));
#4029=CARTESIAN_POINT('',(31.8500000000003,22.3499999999995,2.21270007571992));
#4030=CARTESIAN_POINT('',(31.8500000000003,17.5663099642641,2.21270007571992));
#4031=CARTESIAN_POINT('',(31.8500000000003,22.3499999999995,4.21270007571992));
#4032=CARTESIAN_POINT('',(31.8500000000003,22.3499999999995,4.21270007571992));
#4033=CARTESIAN_POINT('',(31.8500000000003,6.39130994350157,4.21270035509269));
#4034=CARTESIAN_POINT('Origin',(27.8500000000003,13.3499999999995,0.));
#4035=CARTESIAN_POINT('',(27.8500000000003,-11.6795016775944,3.26269989625073));
#4036=CARTESIAN_POINT('',(27.8500000000003,-11.6795016775944,0.));
#4037=CARTESIAN_POINT('',(27.8500000000003,13.3499999999995,3.26269989625069));
#4038=CARTESIAN_POINT('',(27.8500000000003,6.67499999999989,3.2626998962507));
#4039=CARTESIAN_POINT('',(27.8500000000003,13.3499999999995,0.));
#4040=CARTESIAN_POINT('',(27.8500000000003,13.3499999999995,0.));
#4041=CARTESIAN_POINT('',(27.8500000000003,16.3499999999995,0.));
#4042=CARTESIAN_POINT('',(27.8500000000003,-1.08487643207935,0.));
#4043=CARTESIAN_POINT('',(27.8500000000003,16.3499999999995,0.));
#4044=CARTESIAN_POINT('',(27.8500000000003,-16.349999999999,0.));
#4045=CARTESIAN_POINT('',(27.8500000000003,-16.349999999999,0.));
#4046=CARTESIAN_POINT('',(27.8500000000003,-12.3499999999991,0.));
#4047=CARTESIAN_POINT('',(27.8500000000003,-17.024876432079,0.));
#4048=CARTESIAN_POINT('',(27.8500000000003,-12.3499999999991,3.26269989625073));
#4049=CARTESIAN_POINT('',(27.8500000000003,-12.3499999999991,0.));
#4050=CARTESIAN_POINT('',(27.8500000000003,-5.83975083879709,3.26269989625072));
#4051=CARTESIAN_POINT('Origin',(-31.8499999999981,16.3499999999995,0.));
#4052=CARTESIAN_POINT('',(-27.8499999999981,16.3499999999995,0.));
#4053=CARTESIAN_POINT('',(-31.8499999999981,16.3499999999995,0.));
#4054=CARTESIAN_POINT('',(-15.9249999999985,16.3499999999995,0.));
#4055=CARTESIAN_POINT('',(-27.8499999999981,16.3499999999995,0.));
#4056=CARTESIAN_POINT('',(-31.8499999999981,16.3499999999995,0.));
#4057=CARTESIAN_POINT('Origin',(-27.8499999999981,-16.349999999999,0.));
#4058=CARTESIAN_POINT('',(-31.8499999999981,-16.349999999999,0.));
#4059=CARTESIAN_POINT('',(-27.8499999999981,-16.349999999999,0.));
#4060=CARTESIAN_POINT('',(-13.9249999999985,-16.3499999999991,0.));
#4061=CARTESIAN_POINT('',(-31.8499999999981,-16.349999999999,0.));
#4062=CARTESIAN_POINT('',(-27.8499999999981,-16.349999999999,0.));
#4063=CARTESIAN_POINT('Origin',(-29.8499999999981,2.44249065417534E-13,
0.));
#4064=CARTESIAN_POINT('',(-27.8499999999981,-11.0495057283189,0.));
#4065=CARTESIAN_POINT('',(-31.8499999999981,-11.0495057283189,0.));
#4066=CARTESIAN_POINT('',(-27.8499999999981,-11.0495057283189,0.));
#4067=CARTESIAN_POINT('',(-27.8499999999981,4.01049427168114,0.));
#4068=CARTESIAN_POINT('',(-27.8499999999981,16.3499999999995,0.));
#4069=CARTESIAN_POINT('',(-31.8499999999981,4.01049427168114,0.));
#4070=CARTESIAN_POINT('',(-31.8499999999981,4.01049427168114,0.));
#4071=CARTESIAN_POINT('',(-31.8499999999981,-24.349999999999,0.));
#4072=CARTESIAN_POINT('Origin',(-23.8499999999981,-24.349999999999,0.));
#4073=CARTESIAN_POINT('',(-23.8499999999981,-20.349999999999,0.));
#4074=CARTESIAN_POINT('',(-23.8499999999981,-24.349999999999,0.));
#4075=CARTESIAN_POINT('',(-23.8499999999981,-21.024876432079,0.));
#4076=CARTESIAN_POINT('',(-23.8499999999981,-20.349999999999,-7.));
#4077=CARTESIAN_POINT('',(-23.8499999999981,-20.349999999999,0.));
#4078=CARTESIAN_POINT('',(-23.8499999999981,-24.349999999999,-7.));
#4079=CARTESIAN_POINT('',(-23.8499999999981,-24.349999999999,-7.));
#4080=CARTESIAN_POINT('',(-23.8499999999981,-24.349999999999,0.));
#4081=CARTESIAN_POINT('Origin',(23.8500000000003,-20.349999999999,0.));
#4082=CARTESIAN_POINT('',(23.8500000000003,-24.349999999999,0.));
#4083=CARTESIAN_POINT('',(23.8500000000003,-20.349999999999,0.));
#4084=CARTESIAN_POINT('',(23.8500000000003,-19.024876432079,0.));
#4085=CARTESIAN_POINT('',(23.8500000000003,-24.349999999999,-7.));
#4086=CARTESIAN_POINT('',(23.8500000000003,-24.349999999999,0.));
#4087=CARTESIAN_POINT('',(23.8500000000003,-20.349999999999,-7.));
#4088=CARTESIAN_POINT('',(23.8500000000003,-20.349999999999,-7.));
#4089=CARTESIAN_POINT('',(23.8500000000003,-20.349999999999,0.));
#4090=CARTESIAN_POINT('Origin',(1.10578213252666E-12,-22.3499999999991,
-7.));
#4091=CARTESIAN_POINT('',(-23.8499999999981,-20.349999999999,-7.));
#4092=CARTESIAN_POINT('',(31.8500000000003,-24.349999999999,-7.));
#4093=CARTESIAN_POINT('Origin',(1.11022302462516E-12,-17.699752864159,0.));
#4094=CARTESIAN_POINT('',(-27.8499999999981,-12.3499999999991,0.));
#4095=CARTESIAN_POINT('',(-27.8499999999981,-0.674876432079708,0.));
#4096=CARTESIAN_POINT('',(-20.8499999999981,-12.3499999999991,0.));
#4097=CARTESIAN_POINT('',(-20.8499999999981,-12.3499999999991,0.));
#4098=CARTESIAN_POINT('',(-20.8499999999981,-20.349999999999,0.));
#4099=CARTESIAN_POINT('',(-20.8499999999981,-20.349999999999,0.));
#4100=CARTESIAN_POINT('',(-11.9249999999985,-20.349999999999,0.));
#4101=CARTESIAN_POINT('',(-31.8499999999981,-24.349999999999,0.));
#4102=CARTESIAN_POINT('',(31.8500000000003,-24.349999999999,0.));
#4103=CARTESIAN_POINT('',(-31.8499999999981,-24.349999999999,0.));
#4104=CARTESIAN_POINT('',(-30.8499999999981,-22.349999999999,0.));
#4105=CARTESIAN_POINT('Origin',(-29.8499999999981,-22.349999999999,0.));
#4106=CARTESIAN_POINT('',(-21.89,-16.5,0.));
#4107=CARTESIAN_POINT('Origin',(-24.,-16.5,0.));
#4108=CARTESIAN_POINT('Origin',(23.8500000000003,24.3499999999995,0.));
#4109=CARTESIAN_POINT('',(23.8500000000003,19.2651235679199,0.));
#4110=CARTESIAN_POINT('Origin',(-23.8499999999981,20.3499999999995,0.));
#4111=CARTESIAN_POINT('',(-23.8499999999981,17.2651235679199,0.));
#4112=CARTESIAN_POINT('Origin',(1.11022302462516E-12,14.1802471358403,0.));
#4113=CARTESIAN_POINT('',(-31.8499999999981,-24.349999999999,0.));
#4114=CARTESIAN_POINT('',(-19.8499999999981,13.3499999999995,0.));
#4115=CARTESIAN_POINT('',(-19.8499999999981,20.3499999999995,0.));
#4116=CARTESIAN_POINT('',(-27.8499999999981,13.3499999999995,0.));
#4117=CARTESIAN_POINT('',(-19.8499999999981,13.3499999999995,0.));
#4118=CARTESIAN_POINT('',(-27.8499999999981,15.2651235679199,0.));
#4119=CARTESIAN_POINT('',(-30.8499999999981,22.3499999999995,0.));
#4120=CARTESIAN_POINT('Origin',(-29.8499999999981,22.3499999999995,0.));
#4121=CARTESIAN_POINT('',(-21.89,16.5,0.));
#4122=CARTESIAN_POINT('Origin',(-24.,16.5,0.));
#4123=CARTESIAN_POINT('Origin',(27.8500000000003,16.3499999999995,0.));
#4124=CARTESIAN_POINT('',(13.9250000000007,16.3499999999995,0.));
#4125=CARTESIAN_POINT('Origin',(31.8500000000003,-16.349999999999,0.));
#4126=CARTESIAN_POINT('',(15.9250000000007,-16.3499999999991,0.));
#4127=CARTESIAN_POINT('Origin',(-29.8499999999981,-22.349999999999,4.21270007571992));
#4128=CARTESIAN_POINT('',(-31.8499999999981,-22.349999999999,4.21270007571992));
#4129=CARTESIAN_POINT('',(-29.8499999999981,-24.349999999999,4.21270007571992));
#4130=CARTESIAN_POINT('Origin',(-29.8499999999981,-22.349999999999,4.2126990987707));
#4131=CARTESIAN_POINT('',(-31.8499999999981,-22.349999999999,2.21270007571992));
#4132=CARTESIAN_POINT('',(-31.8499999999981,-22.349999999999,4.21270007571992));
#4133=CARTESIAN_POINT('',(-29.8499999999981,-24.349999999999,2.21270007571992));
#4134=CARTESIAN_POINT('Origin',(-29.8499999999981,-22.349999999999,2.21270007571992));
#4135=CARTESIAN_POINT('',(-29.8499999999981,-24.349999999999,4.21270007571992));
#4136=CARTESIAN_POINT('Origin',(-29.8499999999981,-22.349999999999,2.21270007571992));
#4137=CARTESIAN_POINT('',(-31.8499999999981,-24.349999999999,2.21270007571992));
#4138=CARTESIAN_POINT('',(-31.8499999999981,1.00000000000025,2.21270007571992));
#4139=CARTESIAN_POINT('',(-30.8499999999981,-24.349999999999,2.21270007571992));
#4140=CARTESIAN_POINT('',(-30.8499999999981,-22.349999999999,2.21270007571992));
#4141=CARTESIAN_POINT('Origin',(-29.8499999999981,-22.349999999999,2.21270007571992));
#4142=CARTESIAN_POINT('Origin',(-29.8499999999981,22.3499999999995,4.21270007571992));
#4143=CARTESIAN_POINT('',(-31.8499999999981,22.3499999999995,4.21270007571992));
#4144=CARTESIAN_POINT('Origin',(-29.8499999999981,22.3499999999995,4.2127010526696));
#4145=CARTESIAN_POINT('',(-31.8499999999981,22.3499999999995,2.21270007571992));
#4146=CARTESIAN_POINT('Origin',(-29.8499999999981,22.3499999999995,2.21270007571992));
#4147=CARTESIAN_POINT('',(-31.8499999999981,22.3499999999995,4.21270007571992));
#4148=CARTESIAN_POINT('Origin',(-29.8499999999981,22.3499999999995,2.21270007571992));
#4149=CARTESIAN_POINT('',(-31.8499999999981,23.3499999999995,2.21270007571992));
#4150=CARTESIAN_POINT('',(-30.8499999999981,22.3499999999995,2.21270007571992));
#4151=CARTESIAN_POINT('Origin',(-29.8499999999981,22.3499999999995,2.21270007571992));
#4152=CARTESIAN_POINT('Origin',(29.8500000000003,-22.349999999999,4.21270007571992));
#4153=CARTESIAN_POINT('',(29.8500000000003,-24.349999999999,4.21270007571992));
#4154=CARTESIAN_POINT('Origin',(29.8500000000003,-22.349999999999,4.21269909877024));
#4155=CARTESIAN_POINT('',(29.8500000000003,-24.349999999999,2.21270007571992));
#4156=CARTESIAN_POINT('',(29.8500000000003,-24.349999999999,4.21270007571992));
#4157=CARTESIAN_POINT('Origin',(29.8500000000003,-22.349999999999,2.21270007571992));
#4158=CARTESIAN_POINT('Origin',(29.8500000000003,-22.349999999999,2.21270007571992));
#4159=CARTESIAN_POINT('',(-0.999999999998888,-24.349999999999,2.21270007571992));
#4160=CARTESIAN_POINT('',(28.8500000000003,-22.349999999999,2.21270007571992));
#4161=CARTESIAN_POINT('Origin',(29.8500000000003,-22.349999999999,2.21270007571992));
#4162=CARTESIAN_POINT('Origin',(29.8500000000003,22.3499999999995,4.21270007571992));
#4163=CARTESIAN_POINT('Origin',(29.8500000000003,22.3499999999995,4.21270105266914));
#4164=CARTESIAN_POINT('Origin',(29.8500000000003,22.3499999999995,2.21270007571992));
#4165=CARTESIAN_POINT('Origin',(29.8500000000003,22.3499999999995,2.21270007571992));
#4166=CARTESIAN_POINT('',(28.8500000000003,22.3499999999995,2.21270007571992));
#4167=CARTESIAN_POINT('Origin',(29.8500000000003,22.3499999999995,2.21270007571992));
#4168=CARTESIAN_POINT('Origin',(-31.8499999999981,24.3499999999995,0.));
#4169=CARTESIAN_POINT('',(-31.8499999999981,-24.349999999999,0.));
#4170=CARTESIAN_POINT('',(-31.8499999999981,12.174999979237,4.21270060790627));
#4171=CARTESIAN_POINT('',(-31.8499999999981,4.01049427168114,3.26270250582059));
#4172=CARTESIAN_POINT('',(-31.8499999999981,4.01049427168114,0.));
#4173=CARTESIAN_POINT('',(-31.8499999999981,-11.0495057283189,3.26270250582061));
#4174=CARTESIAN_POINT('',(-31.8499999999981,4.01049427168114,3.26270111361291));
#4175=CARTESIAN_POINT('',(-31.8499999999981,-11.0495057283189,0.));
#4176=CARTESIAN_POINT('Origin',(-31.8499999999981,-24.349999999999,0.));
#4177=CARTESIAN_POINT('',(31.8500000000003,-24.349999999999,0.));
#4178=CARTESIAN_POINT('',(-15.9249999999985,-24.349999999999,4.21269901134782));
#4179=CARTESIAN_POINT('Origin',(1.10578213252666E-12,2.44249065417534E-13,
4.21270007571992));
#4180=CARTESIAN_POINT('',(27.8500000000003,-11.6795016775944,4.21269956519252));
#4181=CARTESIAN_POINT('',(15.9250000000007,-11.6795016775944,4.21269956519261));
#4182=CARTESIAN_POINT('',(27.8500000000003,-5.83975085955997,4.21269982045611));
#4183=CARTESIAN_POINT('',(-9.904997118262,18.29649812207,4.21270087548527));
#4184=CARTESIAN_POINT('',(-9.904997118262,14.5678903400096,4.21270071250266));
#4185=CARTESIAN_POINT('',(-9.904997118262,7.53394514924201,4.21270040503917));
#4186=CARTESIAN_POINT('',(3.38360319344874,18.29649812207,4.21270087548517));
#4187=CARTESIAN_POINT('',(-4.70249855913044,18.29649812207,4.21270087548523));
#4188=CARTESIAN_POINT('',(3.38360319344874,14.5678903400096,4.21270071250256));
#4189=CARTESIAN_POINT('',(3.38360319344874,8.89824904027222,4.21270046467468));
#4190=CARTESIAN_POINT('',(1.44180159672493,14.5678903400096,4.21270071250257));
#4191=CARTESIAN_POINT('',(-19.2524154881428,-14.0236530948137,4.21269946272677));
#4192=CARTESIAN_POINT('',(-19.2524154881428,-18.7236530948137,4.21269925728326));
#4193=CARTESIAN_POINT('',(-19.2524154881428,-9.11182656816962,4.21269967742951));
#4194=CARTESIAN_POINT('',(-0.252415526387205,-14.0236530948137,4.21269946272663));
#4195=CARTESIAN_POINT('',(-9.37620774407083,-14.0236530948137,4.2126994627267));
#4196=CARTESIAN_POINT('',(-0.252415526387205,-18.7236530948137,4.21269925728312));
#4197=CARTESIAN_POINT('',(-0.252415526387205,-7.2618265681696,4.21269975829543));
#4198=CARTESIAN_POINT('',(-0.376207763193046,-18.7236530948137,4.21269925728312));
#4199=CARTESIAN_POINT('',(-8.51898594457268,14.2414526801696,4.21270069823361));
#4200=CARTESIAN_POINT('',(-8.51898594457268,9.29145267579835,4.21270048186225));
#4201=CARTESIAN_POINT('',(-8.51898594457268,4.6457263171364,4.21270027879112));
#4202=CARTESIAN_POINT('',(2.93101405542749,14.2414526801696,4.21270069823352));
#4203=CARTESIAN_POINT('',(-4.25949297228579,14.2414526801696,4.21270069823357));
#4204=CARTESIAN_POINT('',(2.93101405542749,9.29145267579835,4.21270048186216));
#4205=CARTESIAN_POINT('',(2.93101405542749,7.12072631932202,4.21270038697671));
#4206=CARTESIAN_POINT('',(1.4655070277143,9.29145267579835,4.21270048186217));
#4207=CARTESIAN_POINT('',(3.57156354973291,19.3984887219914,4.2127009236547));
#4208=CARTESIAN_POINT('',(3.57156354973291,14.4484887219913,4.21270070728335));
#4209=CARTESIAN_POINT('',(3.57156354973291,7.22424434023288,4.21270039150162));
#4210=CARTESIAN_POINT('',(12.5215635453619,19.3984887219914,4.21270092365463));
#4211=CARTESIAN_POINT('',(1.78578177486701,19.3984887219914,4.21270092365471));
#4212=CARTESIAN_POINT('',(12.5215635453619,14.4484887219913,4.21270070728328));
#4213=CARTESIAN_POINT('',(12.5215635453619,9.69924434023291,4.21270049968723));
#4214=CARTESIAN_POINT('',(6.26078177268151,14.4484887219913,4.21270070728332));
#4215=CARTESIAN_POINT('',(-11.693985184025,-4.73754359668641,4.21269986863542));
#4216=CARTESIAN_POINT('',(-11.693985184025,-9.68754359798071,4.21269965226407));
#4217=CARTESIAN_POINT('',(-11.693985184025,-4.84377181975311,4.21269986399204));
#4218=CARTESIAN_POINT('',(-0.243985184024822,-4.73754359668641,4.21269986863533));
#4219=CARTESIAN_POINT('',(-5.84699259201194,-4.73754359668641,4.21269986863538));
#4220=CARTESIAN_POINT('',(-0.243985184024822,-9.68754359798071,4.21269965226398));
#4221=CARTESIAN_POINT('',(-0.243985184024822,-2.36877181910596,4.21269997217763));
#4222=CARTESIAN_POINT('',(-0.121992592011854,-9.68754359798071,4.21269965226398));
#4223=CARTESIAN_POINT('',(-8.5189859192611,7.91512053980205,4.21270042170087));
#4224=CARTESIAN_POINT('',(-8.5189859192611,2.96512053980196,4.21270020532951));
#4225=CARTESIAN_POINT('',(-8.5189859192611,1.48256024913821,4.21270014052475));
#4226=CARTESIAN_POINT('',(2.93101403265656,7.91512053980205,4.21270042170078));
#4227=CARTESIAN_POINT('',(-4.25949295962999,7.91512053980205,4.21270042170083));
#4228=CARTESIAN_POINT('',(2.93101403265656,2.96512053980196,4.21270020532942));
#4229=CARTESIAN_POINT('',(2.93101403265656,3.95756024913825,4.21270024871034));
#4230=CARTESIAN_POINT('',(1.46550701632884,2.96512053980196,4.21270020532944));
#4231=CARTESIAN_POINT('',(26.11,-16.5,4.21269944671292));
#4232=CARTESIAN_POINT('Origin',(24.,-16.5,4.21269935448189));
#4233=CARTESIAN_POINT('',(-21.89,-16.5,4.21269944671329));
#4234=CARTESIAN_POINT('Origin',(-24.,-16.5,4.21269935448226));
#4235=CARTESIAN_POINT('',(-26.6379971314991,13.0554970825493,4.21270064639398));
#4236=CARTESIAN_POINT('',(-26.6379971314991,5.50549732828182,4.21270031637304));
#4237=CARTESIAN_POINT('',(-26.6379971314991,2.75274864337814,4.21270019604658));
#4238=CARTESIAN_POINT('',(-9.9379971314907,13.0554970825493,4.21270064639385));
#4239=CARTESIAN_POINT('',(-13.318998565749,13.0554970825493,4.21270064639388));
#4240=CARTESIAN_POINT('',(-9.9379971314907,5.50549732828182,4.21270031637291));
#4241=CARTESIAN_POINT('',(-9.9379971314907,6.52774852051186,4.21270036105693));
#4242=CARTESIAN_POINT('',(-4.9689985657448,5.50549732828182,4.21270031637287));
#4243=CARTESIAN_POINT('',(-11.6939851563211,1.58878845059299,4.21270014516815));
#4244=CARTESIAN_POINT('',(-11.6939851563211,-3.3612115494071,4.2126999287968));
#4245=CARTESIAN_POINT('',(-11.6939851563211,-1.68060579546631,4.2127000022584));
#4246=CARTESIAN_POINT('',(-0.243985197793749,1.58878845059299,4.21270014516807));
#4247=CARTESIAN_POINT('',(-5.84699257815999,1.58878845059299,4.21270014516811));
#4248=CARTESIAN_POINT('',(-0.243985197793749,-3.3612115494071,4.21269992879671));
#4249=CARTESIAN_POINT('',(-0.243985197793749,0.794394204533728,4.212700110444));
#4250=CARTESIAN_POINT('',(-0.121992598896318,-3.3612115494071,4.21269992879671));
#4251=CARTESIAN_POINT('',(-21.89,16.5,4.21270088918899));
#4252=CARTESIAN_POINT('Origin',(-24.,16.5,4.21270079695795));
#4253=CARTESIAN_POINT('',(3.57156354973291,12.9924866773144,4.21270064363948));
#4254=CARTESIAN_POINT('',(3.57156354973291,8.0424866773143,4.21270042726812));
#4255=CARTESIAN_POINT('',(3.57156354973291,4.02124331789438,4.21270025149401));
#4256=CARTESIAN_POINT('',(12.521563549733,12.9924866773144,4.21270064363941));
#4257=CARTESIAN_POINT('',(1.78578177486701,12.9924866773144,4.21270064363949));
#4258=CARTESIAN_POINT('',(12.521563549733,8.0424866773143,4.21270042726806));
#4259=CARTESIAN_POINT('',(12.521563549733,6.49624331789441,4.21270035967962));
#4260=CARTESIAN_POINT('',(6.26078177486708,8.0424866773143,4.2127004272681));
#4261=CARTESIAN_POINT('',(3.57156326998,2.32448813534537,4.21270017732649));
#4262=CARTESIAN_POINT('',(3.57156326998,-2.62551186465463,4.21269996095514));
#4263=CARTESIAN_POINT('',(3.57156326998,-1.31275595309007,4.21270001833751));
#4264=CARTESIAN_POINT('',(12.52156326998,2.32448813534537,4.21270017732642));
#4265=CARTESIAN_POINT('',(1.78578163499056,2.32448813534537,4.2127001773265));
#4266=CARTESIAN_POINT('',(12.52156326998,-2.62551186465463,4.21269996095507));
#4267=CARTESIAN_POINT('',(12.52156326998,1.16224404690992,4.21270012652312));
#4268=CARTESIAN_POINT('',(6.26078163499056,-2.62551186465463,4.21269996095512));
#4269=CARTESIAN_POINT('',(26.11,16.5,4.21270088918862));
#4270=CARTESIAN_POINT('Origin',(24.,16.5,4.21270079695759));
#4271=CARTESIAN_POINT('',(0.251582250525761,-14.0236530935726,4.21269946272662));
#4272=CARTESIAN_POINT('',(0.25158225052576,-18.7236531154183,4.21269925728311));
#4273=CARTESIAN_POINT('',(0.251582250525761,-9.11182657847189,4.21269967742936));
#4274=CARTESIAN_POINT('',(19.251582250526,-14.0236530935726,4.21269946272648));
#4275=CARTESIAN_POINT('',(0.375791125263437,-14.0236530935726,4.21269946272662));
#4276=CARTESIAN_POINT('',(19.251582250526,-18.7236531154183,4.21269925728297));
#4277=CARTESIAN_POINT('',(19.251582250526,-7.26182656754903,4.21269975829528));
#4278=CARTESIAN_POINT('',(9.37579112526358,-18.7236531154183,4.21269925728304));
#4279=CARTESIAN_POINT('',(0.38158313296222,-4.67565542816759,4.21269987134055));
#4280=CARTESIAN_POINT('',(0.38158313296222,-9.37565542816766,4.21269966589704));
#4281=CARTESIAN_POINT('',(0.38158313296222,-4.43782773484658,4.21269988173632));
#4282=CARTESIAN_POINT('',(16.3815833564796,-4.67565542816759,4.21269987134042));
#4283=CARTESIAN_POINT('',(0.440791566481667,-4.67565542816759,4.21269987134055));
#4284=CARTESIAN_POINT('',(16.3815833564796,-9.37565542816766,4.21269966589692));
#4285=CARTESIAN_POINT('',(16.3815833564796,-2.58782773484655,4.21269996260226));
#4286=CARTESIAN_POINT('',(7.94079167824037,-9.37565542816766,4.21269966589698));
#4287=CARTESIAN_POINT('',(-20.3499999999981,13.5144922042421,4.21270066645725));
#4288=CARTESIAN_POINT('',(-13.5951998726195,13.5144922042421,4.2127006664572));
#4289=CARTESIAN_POINT('',(-7.04759993630919,13.5144922042421,4.21270066645715));
#4290=CARTESIAN_POINT('',(-20.3499999999981,20.1296868364692,4.21270095561657));
#4291=CARTESIAN_POINT('',(-20.3499999999981,6.6749999079284,4.21270036749357));
#4292=CARTESIAN_POINT('',(-13.5951998726195,20.1296868364691,4.21270095561651));
#4293=CARTESIAN_POINT('',(-9.92499999999849,20.1296868364691,4.21270095561649));
#4294=CARTESIAN_POINT('',(-13.5951998726195,9.81484339747179,4.21270050474042));
#4295=CARTESIAN_POINT('Origin',(-29.8499999999981,22.3499999999995,-21.6999999999997));
#4296=CARTESIAN_POINT('',(-30.8499999999981,22.3499999999995,-21.6999999999997));
#4297=CARTESIAN_POINT('Origin',(-29.8499999999981,-22.349999999999,-21.6999999999997));
#4298=CARTESIAN_POINT('',(-30.8499999999981,-22.349999999999,-21.6999999999997));
#4299=CARTESIAN_POINT('Origin',(29.8500000000003,22.3499999999995,-21.6999999999997));
#4300=CARTESIAN_POINT('',(28.8500000000003,22.3499999999995,0.));
#4301=CARTESIAN_POINT('Origin',(29.8500000000003,22.3499999999995,0.));
#4302=CARTESIAN_POINT('',(28.8500000000003,22.3499999999995,-21.6999999999997));
#4303=CARTESIAN_POINT('Origin',(29.8500000000003,-22.349999999999,-21.6999999999997));
#4304=CARTESIAN_POINT('',(28.8500000000003,-22.349999999999,0.));
#4305=CARTESIAN_POINT('Origin',(29.8500000000003,-22.349999999999,0.));
#4306=CARTESIAN_POINT('',(28.8500000000003,-22.349999999999,-21.6999999999997));
#4307=CARTESIAN_POINT('Origin',(3.23360319344874,18.14649812207,3.26270111361291));
#4308=CARTESIAN_POINT('',(3.23360319344874,18.14649812207,0.));
#4309=CARTESIAN_POINT('',(3.23360319344874,14.7178903400096,0.));
#4310=CARTESIAN_POINT('',(3.23360319344874,17.2893461765549,0.));
#4311=CARTESIAN_POINT('',(3.23360319344874,18.14649812207,3.26270111361291));
#4312=CARTESIAN_POINT('',(3.23360319344874,18.14649812207,3.26270111361291));
#4313=CARTESIAN_POINT('',(3.23360319344874,14.7178903400096,3.26270111361291));
#4314=CARTESIAN_POINT('',(3.23360319344874,9.07324906103512,3.26270111361291));
#4315=CARTESIAN_POINT('',(3.23360319344874,14.7178903400096,3.26270111361291));
#4316=CARTESIAN_POINT('Origin',(-9.754997118262,18.14649812207,3.26270111361291));
#4317=CARTESIAN_POINT('',(-9.754997118262,18.14649812207,0.));
#4318=CARTESIAN_POINT('',(-6.50784704033432,18.14649812207,0.));
#4319=CARTESIAN_POINT('',(-9.754997118262,18.14649812207,3.26270111361291));
#4320=CARTESIAN_POINT('',(-9.754997118262,18.14649812207,3.26270111361291));
#4321=CARTESIAN_POINT('',(-4.87749855913045,18.14649812207,3.26270111361291));
#4322=CARTESIAN_POINT('Origin',(-9.754997118262,14.7178903400096,3.26270111361291));
#4323=CARTESIAN_POINT('',(-9.754997118262,14.7178903400096,0.));
#4324=CARTESIAN_POINT('',(-9.754997118262,15.5750422855247,0.));
#4325=CARTESIAN_POINT('',(-9.754997118262,14.7178903400096,3.26270111361291));
#4326=CARTESIAN_POINT('',(-9.754997118262,14.7178903400096,3.26270111361291));
#4327=CARTESIAN_POINT('',(-9.754997118262,7.35894517000491,3.26270111361291));
#4328=CARTESIAN_POINT('Origin',(3.23360319344874,14.7178903400096,3.26270111361291));
#4329=CARTESIAN_POINT('',(-0.0135468844789469,14.7178903400096,0.));
#4330=CARTESIAN_POINT('',(1.61680159672492,14.7178903400096,3.26270111361291));
#4331=CARTESIAN_POINT('Origin',(-3.26069696240663,16.4321942310398,0.));
#4332=CARTESIAN_POINT('',(-9.404997118262,15.0678903400096,0.));
#4333=CARTESIAN_POINT('',(2.88360319344874,15.0678903400096,0.));
#4334=CARTESIAN_POINT('',(-6.33284704033432,15.0678903400096,0.));
#4335=CARTESIAN_POINT('',(2.88360319344874,17.79649812207,0.));
#4336=CARTESIAN_POINT('',(2.88360319344874,15.7500422855247,0.));
#4337=CARTESIAN_POINT('',(-9.404997118262,17.79649812207,0.));
#4338=CARTESIAN_POINT('',(-0.188546884478946,17.79649812207,0.));
#4339=CARTESIAN_POINT('',(-9.404997118262,17.1143461765549,0.));
#4340=CARTESIAN_POINT('Origin',(-7.04759993630919,13.7644922042421,3.96270067738499));
#4341=CARTESIAN_POINT('',(-14.0951998726195,14.0144922042421,3.71270068831289));
#4342=CARTESIAN_POINT('',(-19.8499999999981,14.0144922042421,3.71270068831293));
#4343=CARTESIAN_POINT('',(-7.04759993630919,14.0144922042421,3.71270068831284));
#4344=CARTESIAN_POINT('',(-19.8499999999981,14.0144922042421,3.71270068831294));
#4345=CARTESIAN_POINT('',(-13.5951998726195,13.5144922042421,4.2127006664572));
#4346=CARTESIAN_POINT('Origin',(-20.0999999999981,6.67499991885624,3.96270036749357));
#4347=CARTESIAN_POINT('',(-19.8499999999981,19.6296868364692,3.71270093376087));
#4348=CARTESIAN_POINT('',(-19.8499999999981,6.67499992978409,3.71270036749356));
#4349=CARTESIAN_POINT('',(-20.3499999999981,20.1296868364691,4.21270095561657));
#4350=CARTESIAN_POINT('Origin',(-13.8451998726195,9.81484340839964,3.96270050474043));
#4351=CARTESIAN_POINT('',(-14.0951998726195,19.6296868364692,3.71270093376082));
#4352=CARTESIAN_POINT('',(-14.0951998726195,9.81484341932749,3.71270050474043));
#4353=CARTESIAN_POINT('',(-13.5951998726195,20.1296868364691,4.21270095561651));
#4354=CARTESIAN_POINT('Origin',(-9.9249999999985,19.8796868364692,3.96270094468864));
#4355=CARTESIAN_POINT('',(-9.9249999999985,19.6296868364692,3.71270093376079));
#4356=CARTESIAN_POINT('Origin',(-19.8499999999981,13.3499999999995,0.));
#4357=CARTESIAN_POINT('',(-19.8499999999981,14.0144922042421,3.26270111361291));
#4358=CARTESIAN_POINT('',(-19.8499999999981,14.0144922042421,3.26270111361291));
#4359=CARTESIAN_POINT('',(-19.8499999999981,13.3499999999995,3.26270198128392));
#4360=CARTESIAN_POINT('',(-19.8499999999981,6.67499999999989,3.26270198128393));
#4361=CARTESIAN_POINT('',(-19.8499999999981,13.3499999999995,0.));
#4362=CARTESIAN_POINT('',(-19.8499999999981,19.6296868364692,3.26270111361291));
#4363=CARTESIAN_POINT('',(-19.8499999999981,6.67499999999989,3.26270198128393));
#4364=CARTESIAN_POINT('',(-19.8499999999981,19.6296868364692,3.26270111361291));
#4365=CARTESIAN_POINT('Origin',(-14.0951998726195,14.0144922042421,3.26270111361291));
#4366=CARTESIAN_POINT('',(-14.0951998726195,14.0144922042421,3.26270111361291));
#4367=CARTESIAN_POINT('',(-14.0951998726195,14.0144922042421,3.26270111361291));
#4368=CARTESIAN_POINT('',(-14.0951998726195,14.0144922042421,3.26270111361291));
#4369=CARTESIAN_POINT('Origin',(-9.654997118262,7.53394516016986,3.96270040503917));
#4370=CARTESIAN_POINT('',(-9.404997118262,15.0678903400096,3.71270073435835));
#4371=CARTESIAN_POINT('',(-9.404997118262,17.79649812207,3.71270085362957));
#4372=CARTESIAN_POINT('',(-9.404997118262,7.53394517109771,3.71270040503917));
#4373=CARTESIAN_POINT('',(-9.404997118262,17.79649812207,3.71270085362957));
#4374=CARTESIAN_POINT('',(-9.904997118262,14.5678903400096,4.21270071250266));
#4375=CARTESIAN_POINT('Origin',(1.44180159672492,14.8178903400096,3.96270072343042));
#4376=CARTESIAN_POINT('',(2.88360319344874,15.0678903400096,3.71270073435825));
#4377=CARTESIAN_POINT('',(3.38360319344874,14.5678903400096,4.21270071250256));
#4378=CARTESIAN_POINT('',(1.44180159672492,15.0678903400096,3.71270073435826));
#4379=CARTESIAN_POINT('Origin',(3.13360319344874,8.89824905120006,3.96270046467469));
#4380=CARTESIAN_POINT('',(2.88360319344874,17.79649812207,3.71270085362948));
#4381=CARTESIAN_POINT('',(2.88360319344874,8.89824906212791,3.71270046467469));
#4382=CARTESIAN_POINT('',(3.38360319344874,18.29649812207,4.21270087548517));
#4383=CARTESIAN_POINT('Origin',(-4.70249855913044,18.04649812207,3.96270086455738));
#4384=CARTESIAN_POINT('',(-4.70249855913045,17.79649812207,3.71270085362954));
#4385=CARTESIAN_POINT('Origin',(-9.404997118262,17.79649812207,3.26270111361291));
#4386=CARTESIAN_POINT('',(-9.404997118262,17.79649812207,3.26270111361291));
#4387=CARTESIAN_POINT('',(2.88360319344874,17.79649812207,3.26270111361291));
#4388=CARTESIAN_POINT('Origin',(-9.404997118262,15.0678903400096,3.26270111361291));
#4389=CARTESIAN_POINT('',(-9.404997118262,15.0678903400096,3.26270111361291));
#4390=CARTESIAN_POINT('Origin',(0.63158313296222,-4.43782772391874,3.96269988173632));
#4391=CARTESIAN_POINT('',(0.88158313296222,-8.87565542816766,3.71269968775273));
#4392=CARTESIAN_POINT('',(0.38158313296222,-9.37565542816766,4.21269966589704));
#4393=CARTESIAN_POINT('',(0.88158313296222,-5.17565542816759,3.71269984948485));
#4394=CARTESIAN_POINT('',(0.88158313296222,-4.43782771299089,3.71269988173632));
#4395=CARTESIAN_POINT('',(0.88158313296222,-5.17565542816759,3.71269984948485));
#4396=CARTESIAN_POINT('Origin',(7.94079167824037,-9.12565542816766,3.96269967682483));
#4397=CARTESIAN_POINT('',(15.8815833564796,-8.87565542816766,3.71269968775261));
#4398=CARTESIAN_POINT('',(7.94079167824037,-8.87565542816766,3.71269968775267));
#4399=CARTESIAN_POINT('',(16.3815833564796,-9.37565542816766,4.21269966589692));
#4400=CARTESIAN_POINT('Origin',(16.1315833564796,-2.58782772391871,3.96269996260227));
#4401=CARTESIAN_POINT('',(15.8815833564796,-5.17565542816759,3.71269984948473));
#4402=CARTESIAN_POINT('',(15.8815833564796,-2.58782771299086,3.71269996260227));
#4403=CARTESIAN_POINT('',(16.3815833564796,-4.67565542816759,4.21269987134042));
#4404=CARTESIAN_POINT('Origin',(0.440791566481665,-4.92565542816759,3.9626998604127));
#4405=CARTESIAN_POINT('',(0.440791566481663,-5.17565542816759,3.71269984948485));
#4406=CARTESIAN_POINT('Origin',(0.88158313296222,-5.17565542816759,3.26270111361291));
#4407=CARTESIAN_POINT('',(0.88158313296222,-5.17565542816759,3.26270111361291));
#4408=CARTESIAN_POINT('',(0.88158313296222,-5.17565542816759,3.26270111361291));
#4409=CARTESIAN_POINT('',(15.8815833564796,-5.17565542816759,3.26270111361291));
#4410=CARTESIAN_POINT('',(0.88158313296222,-5.17565542816759,3.26270111361291));
#4411=CARTESIAN_POINT('',(15.8815833564796,-5.17565542816759,3.26270111361291));
#4412=CARTESIAN_POINT('Origin',(0.88158313296222,-8.87565542816766,3.26270111361291));
#4413=CARTESIAN_POINT('',(0.88158313296222,-8.87565542816766,3.26270111361291));
#4414=CARTESIAN_POINT('',(0.88158313296222,-8.87565542816766,3.26270111361291));
#4415=CARTESIAN_POINT('',(0.88158313296222,-8.87565542816766,3.26270111361291));
#4416=CARTESIAN_POINT('Origin',(-19.0024154881428,-9.11182655724177,3.96269967742951));
#4417=CARTESIAN_POINT('',(-18.7524154881428,-18.2236530948137,3.71269927913895));
#4418=CARTESIAN_POINT('',(-18.7524154881428,-14.5236530948137,3.71269944087108));
#4419=CARTESIAN_POINT('',(-18.7524154881428,-9.11182654631393,3.71269967742951));
#4420=CARTESIAN_POINT('',(-18.7524154881428,-14.5236530948137,3.71269944087108));
#4421=CARTESIAN_POINT('',(-19.2524154881428,-18.7236530948137,4.21269925728326));
#4422=CARTESIAN_POINT('Origin',(-0.376207763193048,-18.4736530948137,3.96269926821097));
#4423=CARTESIAN_POINT('',(-0.752415526387205,-18.2236530948137,3.71269927913882));
#4424=CARTESIAN_POINT('',(-0.252415526387205,-18.7236530948137,4.21269925728312));
#4425=CARTESIAN_POINT('',(-0.37620776319305,-18.2236530948137,3.71269927913881));
#4426=CARTESIAN_POINT('Origin',(-0.502415526387205,-7.26182655724175,3.96269975829543));
#4427=CARTESIAN_POINT('',(-0.752415526387205,-14.5236530948137,3.71269944087094));
#4428=CARTESIAN_POINT('',(-0.752415526387205,-7.2618265463139,3.71269975829543));
#4429=CARTESIAN_POINT('',(-0.252415526387205,-14.0236530948137,4.21269946272663));
#4430=CARTESIAN_POINT('Origin',(-9.37620774407083,-14.2736530948137,3.96269945179885));
#4431=CARTESIAN_POINT('',(-9.37620774407084,-14.5236530948137,3.71269944087101));
#4432=CARTESIAN_POINT('Origin',(-18.7524154881428,-14.5236530948137,3.26270111361291));
#4433=CARTESIAN_POINT('',(-18.7524154881428,-14.5236530948137,3.26270111361291));
#4434=CARTESIAN_POINT('',(-18.7524154881428,-14.5236530948137,3.26270111361291));
#4435=CARTESIAN_POINT('',(-0.752415526387205,-14.5236530948137,3.26270111361291));
#4436=CARTESIAN_POINT('',(-18.7524154881428,-14.5236530948137,3.26270111361291));
#4437=CARTESIAN_POINT('',(-0.752415526387205,-14.5236530948137,3.26270111361291));
#4438=CARTESIAN_POINT('Origin',(-18.7524154881428,-18.2236530948137,3.26270111361291));
#4439=CARTESIAN_POINT('',(-18.7524154881428,-18.2236530948137,3.26270111361291));
#4440=CARTESIAN_POINT('',(-18.7524154881428,-18.2236530948137,3.26270111361291));
#4441=CARTESIAN_POINT('',(-18.7524154881428,-18.2236530948137,3.26270111361291));
#4442=CARTESIAN_POINT('Origin',(0.501582250525761,-9.11182656754405,3.96269967742936));
#4443=CARTESIAN_POINT('',(0.751582250525761,-18.2236531154183,3.7126992791388));
#4444=CARTESIAN_POINT('',(0.25158225052576,-18.7236531154183,4.21269925728311));
#4445=CARTESIAN_POINT('',(0.751582250525761,-14.5236530935726,3.71269944087093));
#4446=CARTESIAN_POINT('',(0.751582250525761,-9.1118265566162,3.71269967742936));
#4447=CARTESIAN_POINT('',(0.751582250525761,-14.5236530935726,3.71269944087093));
#4448=CARTESIAN_POINT('Origin',(9.37579112526358,-18.4736531154183,3.96269926821089));
#4449=CARTESIAN_POINT('',(18.751582250526,-18.2236531154183,3.71269927913867));
#4450=CARTESIAN_POINT('',(9.37579112526358,-18.2236531154183,3.71269927913874));
#4451=CARTESIAN_POINT('',(19.251582250526,-18.7236531154183,4.21269925728297));
#4452=CARTESIAN_POINT('Origin',(19.001582250526,-7.26182655662119,3.96269975829528));
#4453=CARTESIAN_POINT('',(18.751582250526,-14.5236530935726,3.71269944087079));
#4454=CARTESIAN_POINT('',(18.751582250526,-7.26182654569334,3.71269975829528));
#4455=CARTESIAN_POINT('',(19.251582250526,-14.0236530935726,4.21269946272648));
#4456=CARTESIAN_POINT('Origin',(0.375791125263435,-14.2736530935726,3.96269945179878));
#4457=CARTESIAN_POINT('',(0.375791125263433,-14.5236530935726,3.71269944087093));
#4458=CARTESIAN_POINT('Origin',(0.751582250525761,-14.5236530935726,3.26270111361291));
#4459=CARTESIAN_POINT('',(0.751582250525761,-14.5236530935726,3.26270111361291));
#4460=CARTESIAN_POINT('',(0.751582250525761,-14.5236530935726,3.26270111361291));
#4461=CARTESIAN_POINT('',(18.751582250526,-14.5236530935726,3.26270111361291));
#4462=CARTESIAN_POINT('',(0.751582250525761,-14.5236530935726,3.26270111361291));
#4463=CARTESIAN_POINT('',(18.751582250526,-14.5236530935726,3.26270111361291));
#4464=CARTESIAN_POINT('Origin',(0.751582250525761,-18.2236531154183,3.26270111361291));
#4465=CARTESIAN_POINT('',(0.751582250525761,-18.2236531154183,3.26270111361291));
#4466=CARTESIAN_POINT('',(0.751582250525761,-18.2236531154183,3.26270111361291));
#4467=CARTESIAN_POINT('',(0.751582250525761,-18.2236531154183,3.26270111361291));
#4468=CARTESIAN_POINT('Origin',(1.10578213252666E-12,2.44249065417534E-13,
3.26270111361291));
#4469=CARTESIAN_POINT('',(-27.8499999999981,4.01049427168114,3.26270233097504));
#4470=CARTESIAN_POINT('',(-15.9249999210404,4.01049427168114,3.26270180971673));
#4471=CARTESIAN_POINT('',(-27.8499999999981,13.3499999999995,3.26270233097502));
#4472=CARTESIAN_POINT('',(-27.8499999999981,2.00524713584069,3.26270233097504));
#4473=CARTESIAN_POINT('',(-13.9249999210404,13.3499999999995,3.26270172229394));
#4474=CARTESIAN_POINT('',(-14.0951998726195,19.6296868364692,3.26270111361291));
#4475=CARTESIAN_POINT('',(-14.0951998726195,19.6296868364692,3.26270111361291));
#4476=CARTESIAN_POINT('',(-19.8499999999981,19.6296868364692,3.26270111361291));
#4477=CARTESIAN_POINT('',(20.8500000000003,13.3499999999995,3.26270020223041));
#4478=CARTESIAN_POINT('',(20.8500000000003,10.1749999999999,3.26270020223042));
#4479=CARTESIAN_POINT('',(10.4250000789588,13.3499999999995,3.26270065792163));
#4480=CARTESIAN_POINT('',(27.8500000000003,12.7826199285287,3.26270111361291));
#4481=CARTESIAN_POINT('',(19.8500000000003,-12.3499999999991,3.26270024594184));
#4482=CARTESIAN_POINT('',(13.9250000789588,-12.3499999999991,3.26270050493181));
#4483=CARTESIAN_POINT('',(19.8500000000003,-20.349999999999,3.26270024594185));
#4484=CARTESIAN_POINT('',(19.8500000000003,-6.1749999999994,3.26270024594183));
#4485=CARTESIAN_POINT('',(-20.8499999999981,-20.349999999999,3.26270202499536));
#4486=CARTESIAN_POINT('',(9.92500007895879,-20.349999999999,3.26270067977738));
#4487=CARTESIAN_POINT('',(-20.8499999999981,-12.3499999999991,3.26270202499534));
#4488=CARTESIAN_POINT('',(-20.8499999999981,-10.1749999999994,3.26270202499534));
#4489=CARTESIAN_POINT('',(-27.8499999999981,-12.3499999999991,3.26270233097506));
#4490=CARTESIAN_POINT('',(-10.4249999210404,-12.3499999999991,3.26270156930412));
#4491=CARTESIAN_POINT('',(-27.8499999999981,-11.0495057283189,3.26270233097506));
#4492=CARTESIAN_POINT('',(-27.8499999999981,-6.1749999999994,3.26270233097505));
#4493=CARTESIAN_POINT('',(-13.9249999210404,-11.0495057283189,3.26270172229398));
#4494=CARTESIAN_POINT('',(-8.51898594457268,14.2414526801696,3.26270111361291));
#4495=CARTESIAN_POINT('',(2.93101405542749,14.2414526801696,3.26270111361291));
#4496=CARTESIAN_POINT('',(-8.51898594457268,14.2414526801696,3.26270111361291));
#4497=CARTESIAN_POINT('',(-8.51898594457268,9.29145267579835,3.26270111361291));
#4498=CARTESIAN_POINT('',(-8.51898594457268,9.29145267579835,3.26270111361291));
#4499=CARTESIAN_POINT('',(2.93101405542749,9.29145267579835,3.26270111361291));
#4500=CARTESIAN_POINT('',(2.93101405542749,9.29145267579835,3.26270111361291));
#4501=CARTESIAN_POINT('',(2.93101405542749,14.2414526801696,3.26270111361291));
#4502=CARTESIAN_POINT('',(3.57156354973291,19.3984887219914,3.26270111361291));
#4503=CARTESIAN_POINT('',(12.5215635453619,19.3984887219914,3.26270111361291));
#4504=CARTESIAN_POINT('',(3.57156354973291,19.3984887219914,3.26270111361291));
#4505=CARTESIAN_POINT('',(3.57156354973291,14.4484887219913,3.26270111361291));
#4506=CARTESIAN_POINT('',(3.57156354973291,14.4484887219913,3.26270111361291));
#4507=CARTESIAN_POINT('',(12.5215635453619,14.4484887219913,3.26270111361291));
#4508=CARTESIAN_POINT('',(12.5215635453619,14.4484887219913,3.26270111361291));
#4509=CARTESIAN_POINT('',(12.5215635453619,19.3984887219914,3.26270111361291));
#4510=CARTESIAN_POINT('',(-11.693985184025,-4.73754359668641,3.26270111361291));
#4511=CARTESIAN_POINT('',(-0.243985184024822,-4.73754359668641,3.26270111361291));
#4512=CARTESIAN_POINT('',(-11.693985184025,-4.73754359668641,3.26270111361291));
#4513=CARTESIAN_POINT('',(-11.693985184025,-9.68754359798071,3.26270111361291));
#4514=CARTESIAN_POINT('',(-11.693985184025,-9.68754359798071,3.26270111361291));
#4515=CARTESIAN_POINT('',(-0.243985184024822,-9.68754359798071,3.26270111361291));
#4516=CARTESIAN_POINT('',(-0.243985184024822,-9.68754359798071,3.26270111361291));
#4517=CARTESIAN_POINT('',(-0.243985184024822,-4.73754359668641,3.26270111361291));
#4518=CARTESIAN_POINT('',(18.751582250526,-18.2236531154183,3.26270111361291));
#4519=CARTESIAN_POINT('',(18.751582250526,-18.2236531154183,3.26270111361291));
#4520=CARTESIAN_POINT('',(18.751582250526,-14.5236530935726,3.26270111361291));
#4521=CARTESIAN_POINT('',(-8.5189859192611,7.91512053980205,3.26270111361291));
#4522=CARTESIAN_POINT('',(2.93101403265656,7.91512053980205,3.26270111361291));
#4523=CARTESIAN_POINT('',(-8.5189859192611,7.91512053980205,3.26270111361291));
#4524=CARTESIAN_POINT('',(-8.5189859192611,2.96512053980196,3.26270111361291));
#4525=CARTESIAN_POINT('',(-8.5189859192611,2.96512053980196,3.26270111361291));
#4526=CARTESIAN_POINT('',(2.93101403265656,2.96512053980196,3.26270111361291));
#4527=CARTESIAN_POINT('',(2.93101403265656,2.96512053980196,3.26270111361291));
#4528=CARTESIAN_POINT('',(2.93101403265656,7.91512053980205,3.26270111361291));
#4529=CARTESIAN_POINT('',(15.8815833564796,-8.87565542816766,3.26270111361291));
#4530=CARTESIAN_POINT('',(15.8815833564796,-8.87565542816766,3.26270111361291));
#4531=CARTESIAN_POINT('',(15.8815833564796,-5.17565542816759,3.26270111361291));
#4532=CARTESIAN_POINT('',(-26.6379971314991,13.0554970825493,3.26270111361291));
#4533=CARTESIAN_POINT('',(-9.9379971314907,13.0554970825493,3.26270111361291));
#4534=CARTESIAN_POINT('',(-26.6379971314991,13.0554970825493,3.26270111361291));
#4535=CARTESIAN_POINT('',(-26.6379971314991,5.50549732828182,3.26270111361291));
#4536=CARTESIAN_POINT('',(-26.6379971314991,5.50549732828182,3.26270111361291));
#4537=CARTESIAN_POINT('',(-9.9379971314907,5.50549732828182,3.26270111361291));
#4538=CARTESIAN_POINT('',(-9.9379971314907,5.50549732828182,3.26270111361291));
#4539=CARTESIAN_POINT('',(-9.9379971314907,13.0554970825493,3.26270111361291));
#4540=CARTESIAN_POINT('',(-11.6939851563211,1.58878845059299,3.26270111361291));
#4541=CARTESIAN_POINT('',(-0.243985197793749,1.58878845059299,3.26270111361291));
#4542=CARTESIAN_POINT('',(-11.6939851563211,1.58878845059299,3.26270111361291));
#4543=CARTESIAN_POINT('',(-11.6939851563211,-3.3612115494071,3.26270111361291));
#4544=CARTESIAN_POINT('',(-11.6939851563211,-3.3612115494071,3.26270111361291));
#4545=CARTESIAN_POINT('',(-0.243985197793749,-3.3612115494071,3.26270111361291));
#4546=CARTESIAN_POINT('',(-0.243985197793749,-3.3612115494071,3.26270111361291));
#4547=CARTESIAN_POINT('',(-0.243985197793749,1.58878845059299,3.26270111361291));
#4548=CARTESIAN_POINT('',(-0.752415526387205,-18.2236530948137,3.26270111361291));
#4549=CARTESIAN_POINT('',(-0.752415526387205,-18.2236530948137,3.26270111361291));
#4550=CARTESIAN_POINT('',(-0.752415526387205,-14.5236530948137,3.26270111361291));
#4551=CARTESIAN_POINT('',(3.57156354973291,12.9924866773144,3.26270111361291));
#4552=CARTESIAN_POINT('',(12.521563549733,12.9924866773144,3.26270111361291));
#4553=CARTESIAN_POINT('',(3.57156354973291,12.9924866773144,3.26270111361291));
#4554=CARTESIAN_POINT('',(3.57156354973291,8.0424866773143,3.26270111361291));
#4555=CARTESIAN_POINT('',(3.57156354973291,8.0424866773143,3.26270111361291));
#4556=CARTESIAN_POINT('',(12.521563549733,8.0424866773143,3.26270111361291));
#4557=CARTESIAN_POINT('',(12.521563549733,8.0424866773143,3.26270111361291));
#4558=CARTESIAN_POINT('',(12.521563549733,12.9924866773144,3.26270111361291));
#4559=CARTESIAN_POINT('',(3.57156326998,2.32448813534537,3.26270111361291));
#4560=CARTESIAN_POINT('',(12.52156326998,2.32448813534537,3.26270111361291));
#4561=CARTESIAN_POINT('',(3.57156326998,2.32448813534537,3.26270111361291));
#4562=CARTESIAN_POINT('',(3.57156326998,-2.62551186465463,3.26270111361291));
#4563=CARTESIAN_POINT('',(3.57156326998,-2.62551186465463,3.26270111361291));
#4564=CARTESIAN_POINT('',(12.52156326998,-2.62551186465463,3.26270111361291));
#4565=CARTESIAN_POINT('',(12.52156326998,-2.62551186465463,3.26270111361291));
#4566=CARTESIAN_POINT('',(12.52156326998,2.32448813534537,3.26270111361291));
#4567=CARTESIAN_POINT('Origin',(12.52156326998,2.32448813534537,3.26270111361291));
#4568=CARTESIAN_POINT('',(12.52156326998,2.32448813534537,3.26270111361291));
#4569=CARTESIAN_POINT('',(12.52156326998,-2.62551186465463,3.26270111361291));
#4570=CARTESIAN_POINT('Origin',(3.57156326998,2.32448813534537,3.26270111361291));
#4571=CARTESIAN_POINT('',(3.57156326998,2.32448813534537,3.26270111361291));
#4572=CARTESIAN_POINT('Origin',(12.521563549733,12.9924866773144,3.26270111361291));
#4573=CARTESIAN_POINT('',(12.521563549733,12.9924866773144,3.26270111361291));
#4574=CARTESIAN_POINT('',(12.521563549733,8.0424866773143,3.26270111361291));
#4575=CARTESIAN_POINT('Origin',(3.57156354973291,12.9924866773144,3.26270111361291));
#4576=CARTESIAN_POINT('',(3.57156354973291,12.9924866773144,3.26270111361291));
#4577=CARTESIAN_POINT('Origin',(-0.752415526387205,-14.5236530948137,3.26270111361291));
#4578=CARTESIAN_POINT('',(-0.752415526387205,-18.2236530948137,3.26270111361291));
#4579=CARTESIAN_POINT('Origin',(-0.243985197793749,1.58878845059299,3.26270111361291));
#4580=CARTESIAN_POINT('',(-0.243985197793749,1.58878845059299,3.26270111361291));
#4581=CARTESIAN_POINT('',(-0.243985197793749,-3.3612115494071,3.26270111361291));
#4582=CARTESIAN_POINT('Origin',(-11.6939851563211,1.58878845059299,3.26270111361291));
#4583=CARTESIAN_POINT('',(-11.6939851563211,1.58878845059299,3.26270111361291));
#4584=CARTESIAN_POINT('Origin',(-9.9379971314907,13.0554970825493,3.26270111361291));
#4585=CARTESIAN_POINT('',(-9.9379971314907,13.0554970825493,3.26270111361291));
#4586=CARTESIAN_POINT('',(-9.9379971314907,5.50549732828182,3.26270111361291));
#4587=CARTESIAN_POINT('Origin',(-26.6379971314991,13.0554970825493,3.26270111361291));
#4588=CARTESIAN_POINT('',(-26.6379971314991,13.0554970825493,3.26270111361291));
#4589=CARTESIAN_POINT('Origin',(15.8815833564796,-5.17565542816759,3.26270111361291));
#4590=CARTESIAN_POINT('',(15.8815833564796,-8.87565542816766,3.26270111361291));
#4591=CARTESIAN_POINT('Origin',(2.93101403265656,7.91512053980205,3.26270111361291));
#4592=CARTESIAN_POINT('',(2.93101403265656,7.91512053980205,3.26270111361291));
#4593=CARTESIAN_POINT('',(2.93101403265656,2.96512053980196,3.26270111361291));
#4594=CARTESIAN_POINT('Origin',(-8.5189859192611,7.91512053980205,3.26270111361291));
#4595=CARTESIAN_POINT('',(-8.5189859192611,7.91512053980205,3.26270111361291));
#4596=CARTESIAN_POINT('Origin',(-19.8499999999981,19.6296868364692,3.26270111361291));
#4597=CARTESIAN_POINT('',(-14.0951998726195,19.6296868364692,3.26270111361291));
#4598=CARTESIAN_POINT('Origin',(18.751582250526,-14.5236530935726,3.26270111361291));
#4599=CARTESIAN_POINT('',(18.751582250526,-18.2236531154183,3.26270111361291));
#4600=CARTESIAN_POINT('Origin',(-0.243985184024822,-4.73754359668641,3.26270111361291));
#4601=CARTESIAN_POINT('',(-0.243985184024822,-4.73754359668641,3.26270111361291));
#4602=CARTESIAN_POINT('',(-0.243985184024822,-9.68754359798071,3.26270111361291));
#4603=CARTESIAN_POINT('Origin',(-11.693985184025,-4.73754359668641,3.26270111361291));
#4604=CARTESIAN_POINT('',(-11.693985184025,-4.73754359668641,3.26270111361291));
#4605=CARTESIAN_POINT('Origin',(12.5215635453619,19.3984887219914,3.26270111361291));
#4606=CARTESIAN_POINT('',(12.5215635453619,19.3984887219914,3.26270111361291));
#4607=CARTESIAN_POINT('',(12.5215635453619,14.4484887219913,3.26270111361291));
#4608=CARTESIAN_POINT('Origin',(3.57156354973291,19.3984887219914,3.26270111361291));
#4609=CARTESIAN_POINT('',(3.57156354973291,19.3984887219914,3.26270111361291));
#4610=CARTESIAN_POINT('Origin',(2.93101405542749,14.2414526801696,3.26270111361291));
#4611=CARTESIAN_POINT('',(2.93101405542749,14.2414526801696,3.26270111361291));
#4612=CARTESIAN_POINT('',(2.93101405542749,9.29145267579835,3.26270111361291));
#4613=CARTESIAN_POINT('Origin',(-8.51898594457268,14.2414526801696,3.26270111361291));
#4614=CARTESIAN_POINT('',(-8.51898594457268,14.2414526801696,3.26270111361291));
#4615=CARTESIAN_POINT('Origin',(2.88360319344874,17.79649812207,3.26270111361291));
#4616=CARTESIAN_POINT('',(2.88360319344874,15.0678903400096,3.26270111361291));
#4617=CARTESIAN_POINT('Origin',(3.57156326998,-2.62551186465463,3.26270111361291));
#4618=CARTESIAN_POINT('',(3.57156326998,-2.62551186465463,3.26270111361291));
#4619=CARTESIAN_POINT('Origin',(12.52156326998,-2.62551186465463,3.26270111361291));
#4620=CARTESIAN_POINT('Origin',(3.57156354973291,8.0424866773143,3.26270111361291));
#4621=CARTESIAN_POINT('',(3.57156354973291,8.0424866773143,3.26270111361291));
#4622=CARTESIAN_POINT('Origin',(12.521563549733,8.0424866773143,3.26270111361291));
#4623=CARTESIAN_POINT('Origin',(-0.752415526387205,-18.2236530948137,3.26270111361291));
#4624=CARTESIAN_POINT('Origin',(-11.6939851563211,-3.3612115494071,3.26270111361291));
#4625=CARTESIAN_POINT('',(-11.6939851563211,-3.3612115494071,3.26270111361291));
#4626=CARTESIAN_POINT('Origin',(-0.243985197793749,-3.3612115494071,3.26270111361291));
#4627=CARTESIAN_POINT('Origin',(-26.6379971314991,5.50549732828182,3.26270111361291));
#4628=CARTESIAN_POINT('',(-26.6379971314991,5.50549732828182,3.26270111361291));
#4629=CARTESIAN_POINT('Origin',(-9.9379971314907,5.50549732828182,3.26270111361291));
#4630=CARTESIAN_POINT('Origin',(15.8815833564796,-8.87565542816766,3.26270111361291));
#4631=CARTESIAN_POINT('Origin',(-8.5189859192611,2.96512053980196,3.26270111361291));
#4632=CARTESIAN_POINT('',(-8.5189859192611,2.96512053980196,3.26270111361291));
#4633=CARTESIAN_POINT('Origin',(2.93101403265656,2.96512053980196,3.26270111361291));
#4634=CARTESIAN_POINT('Origin',(-14.0951998726195,19.6296868364692,3.26270111361291));
#4635=CARTESIAN_POINT('Origin',(18.751582250526,-18.2236531154183,3.26270111361291));
#4636=CARTESIAN_POINT('Origin',(-11.693985184025,-9.68754359798071,3.26270111361291));
#4637=CARTESIAN_POINT('',(-11.693985184025,-9.68754359798071,3.26270111361291));
#4638=CARTESIAN_POINT('Origin',(-0.243985184024822,-9.68754359798071,3.26270111361291));
#4639=CARTESIAN_POINT('Origin',(3.57156354973291,14.4484887219913,3.26270111361291));
#4640=CARTESIAN_POINT('',(3.57156354973291,14.4484887219913,3.26270111361291));
#4641=CARTESIAN_POINT('Origin',(12.5215635453619,14.4484887219913,3.26270111361291));
#4642=CARTESIAN_POINT('Origin',(-8.51898594457268,9.29145267579835,3.26270111361291));
#4643=CARTESIAN_POINT('',(-8.51898594457268,9.29145267579835,3.26270111361291));
#4644=CARTESIAN_POINT('Origin',(2.93101405542749,9.29145267579835,3.26270111361291));
#4645=CARTESIAN_POINT('Origin',(2.88360319344874,15.0678903400096,3.26270111361291));
#4646=CARTESIAN_POINT('Origin',(27.8500000000003,-11.6795016775944,3.26270111361291));
#4647=CARTESIAN_POINT('',(27.8500000000003,-11.6795016775944,3.26270111361291));
#4648=CARTESIAN_POINT('Origin',(-27.8499999999981,-11.0495057283189,0.));
#4649=CARTESIAN_POINT('',(-27.8499999999981,-11.0495057283189,0.));
#4650=CARTESIAN_POINT('Origin',(-27.8499999999981,-12.3499999999991,0.));
#4651=CARTESIAN_POINT('',(-27.8499999999981,-12.3499999999991,0.));
#4652=CARTESIAN_POINT('',(-27.8499999999981,13.3499999999995,0.));
#4653=CARTESIAN_POINT('',(-27.8499999999981,4.01049427168114,0.));
#4654=CARTESIAN_POINT('Origin',(-20.8499999999981,-12.3499999999991,0.));
#4655=CARTESIAN_POINT('',(-20.8499999999981,-12.3499999999991,0.));
#4656=CARTESIAN_POINT('Origin',(-20.8499999999981,-20.349999999999,0.));
#4657=CARTESIAN_POINT('',(-20.8499999999981,-20.349999999999,0.));
#4658=CARTESIAN_POINT('Origin',(19.8500000000003,-20.349999999999,0.));
#4659=CARTESIAN_POINT('',(19.8500000000003,-20.349999999999,0.));
#4660=CARTESIAN_POINT('',(19.8500000000003,-20.349999999999,0.));
#4661=CARTESIAN_POINT('',(-11.9249999999985,-20.349999999999,0.));
#4662=CARTESIAN_POINT('Origin',(-24.,-16.5,0.));
#4663=CARTESIAN_POINT('',(-21.89,-16.5,0.));
#4664=CARTESIAN_POINT('Origin',(24.,-16.5,0.));
#4665=CARTESIAN_POINT('',(26.11,-16.5,0.));
#4666=CARTESIAN_POINT('',(26.11,-16.5,0.));
#4667=CARTESIAN_POINT('Origin',(24.,-16.5,0.));
#4668=CARTESIAN_POINT('Origin',(19.8500000000003,-12.3499999999991,0.));
#4669=CARTESIAN_POINT('',(19.8500000000003,-12.3499999999991,0.));
#4670=CARTESIAN_POINT('',(19.8500000000003,-12.3499999999991,0.));
#4671=CARTESIAN_POINT('',(19.8500000000003,-20.349999999999,0.));
#4672=CARTESIAN_POINT('Origin',(27.8500000000003,-12.3499999999991,0.));
#4673=CARTESIAN_POINT('',(19.8500000000003,-12.3499999999991,0.));
#4674=CARTESIAN_POINT('Origin',(31.8500000000003,-11.6795016775944,0.));
#4675=CARTESIAN_POINT('Origin',(1.11022302462516E-12,-17.699752864159,0.));
#4676=CARTESIAN_POINT('Origin',(-27.8499999999981,13.3499999999995,0.));
#4677=CARTESIAN_POINT('Origin',(-31.8499999999981,4.01049427168114,0.));
#4678=CARTESIAN_POINT('Origin',(24.,16.5,0.));
#4679=CARTESIAN_POINT('',(26.11,16.5,0.));
#4680=CARTESIAN_POINT('',(26.11,16.5,0.));
#4681=CARTESIAN_POINT('Origin',(24.,16.5,0.));
#4682=CARTESIAN_POINT('Origin',(-24.,16.5,0.));
#4683=CARTESIAN_POINT('',(-21.89,16.5,0.));
#4684=CARTESIAN_POINT('Origin',(20.8500000000003,13.3499999999995,0.));
#4685=CARTESIAN_POINT('',(20.8500000000003,13.3499999999995,0.));
#4686=CARTESIAN_POINT('',(20.8500000000003,13.3499999999995,0.));
#4687=CARTESIAN_POINT('',(20.8500000000003,13.3499999999995,0.));
#4688=CARTESIAN_POINT('Origin',(20.8500000000003,20.3499999999995,0.));
#4689=CARTESIAN_POINT('',(20.8500000000003,20.3499999999995,0.));
#4690=CARTESIAN_POINT('Origin',(1.11022302462516E-12,14.1802471358403,0.));
#4691=UNCERTAINTY_MEASURE_WITH_UNIT(LENGTH_MEASURE(0.01),#4695,
'DISTANCE_ACCURACY_VALUE',
'Maximum model space distance between geometric entities at asserted c
onnectivities');
#4692=UNCERTAINTY_MEASURE_WITH_UNIT(LENGTH_MEASURE(0.01),#4695,
'DISTANCE_ACCURACY_VALUE',
'Maximum model space distance between geometric entities at asserted c
onnectivities');
#4693=(
GEOMETRIC_REPRESENTATION_CONTEXT(3)
GLOBAL_UNCERTAINTY_ASSIGNED_CONTEXT((#4691))
GLOBAL_UNIT_ASSIGNED_CONTEXT((#4695,#4696,#4697))
REPRESENTATION_CONTEXT('','3D')
);
#4694=(
GEOMETRIC_REPRESENTATION_CONTEXT(3)
GLOBAL_UNCERTAINTY_ASSIGNED_CONTEXT((#4692))
GLOBAL_UNIT_ASSIGNED_CONTEXT((#4695,#4696,#4697))
REPRESENTATION_CONTEXT('','3D')
);
#4695=(
LENGTH_UNIT()
NAMED_UNIT(*)
SI_UNIT(.MILLI.,.METRE.)
);
#4696=(
NAMED_UNIT(*)
PLANE_ANGLE_UNIT()
SI_UNIT($,.RADIAN.)
);
#4697=(
NAMED_UNIT(*)
SI_UNIT($,.STERADIAN.)
SOLID_ANGLE_UNIT()
);
#4698=SHAPE_DEFINITION_REPRESENTATION(#4699,#4700);
#4699=PRODUCT_DEFINITION_SHAPE('',$,#4702);
#4700=SHAPE_REPRESENTATION('',(#2975),#4693);
#4701=PRODUCT_DEFINITION_CONTEXT('part definition',#4706,'design');
#4702=PRODUCT_DEFINITION('2026-10-05-13-42-48-431','Just_a_Pi_Case',#4703,
#4701);
#4703=PRODUCT_DEFINITION_FORMATION('',$,#4708);
#4704=PRODUCT_RELATED_PRODUCT_CATEGORY('Just_a_Pi_Case',
'Just_a_Pi_Case',(#4708));
#4705=APPLICATION_PROTOCOL_DEFINITION('international standard',
'automotive_design',2009,#4706);
#4706=APPLICATION_CONTEXT(
'Core Data for Automotive Mechanical Design Process');
#4707=PRODUCT_CONTEXT('part definition',#4706,'mechanical');
#4708=PRODUCT('2026-10-05-13-42-48-431','Just_a_Pi_Case',$,(#4707));
#4709=PRESENTATION_STYLE_ASSIGNMENT((#4710));
#4710=SURFACE_STYLE_USAGE(.BOTH.,#4711);
#4711=SURFACE_SIDE_STYLE('',(#4712));
#4712=SURFACE_STYLE_FILL_AREA(#4713);
#4713=FILL_AREA_STYLE('Steel - Satin',(#4714));
#4714=FILL_AREA_STYLE_COLOUR('Steel - Satin',#4715);
#4715=COLOUR_RGB('Steel - Satin',0.627450980392157,0.627450980392157,0.627450980392157);
ENDSEC;
END-ISO-10303-21;
