ISO-10303-21;
HEADER;
/* Generated by software containing ST-Developer
 * from STEP Tools, Inc. (www.steptools.com) 
 */

FILE_DESCRIPTION(
/* description */ (''),
/* implementation_level */ '2;1');

FILE_NAME(
/* name */ 'No_Fan_Top_Just_a_Pi_Case.step',
/* time_stamp */ '2026-10-07T13:55:11-06:00',
/* author */ (''),
/* organization */ (''),
/* preprocessor_version */ 'ST-DEVELOPER v20.2',
/* originating_system */ 'Autodesk Translation Framework v15.15.0.0',
/* authorisation */ '');

FILE_SCHEMA (('AUTOMOTIVE_DESIGN { 1 0 10303 214 3 1 1 }'));
ENDSEC;

DATA;
#10=MECHANICAL_DESIGN_GEOMETRIC_PRESENTATION_REPRESENTATION('',(#13),#7399);
#11=SHAPE_REPRESENTATION_RELATIONSHIP('SRR','None',#7405,#12);
#12=ADVANCED_BREP_SHAPE_REPRESENTATION('',(#14),#7398);
#13=STYLED_ITEM('',(#7414),#14);
#14=MANIFOLD_SOLID_BREP('Body9',#4739);
#15=CYLINDRICAL_SURFACE('',#4952,1.);
#16=CYLINDRICAL_SURFACE('',#4955,1.);
#17=CYLINDRICAL_SURFACE('',#4961,1.);
#18=CYLINDRICAL_SURFACE('',#4968,1.);
#19=CIRCLE('',#4761,1.);
#20=CIRCLE('',#4767,1.);
#21=CIRCLE('',#4773,1.);
#22=CIRCLE('',#4779,1.);
#23=CIRCLE('',#4953,1.);
#24=CIRCLE('',#4956,1.);
#25=CIRCLE('',#4962,1.);
#26=CIRCLE('',#4969,1.);
#27=FACE_BOUND('',#323,.T.);
#28=FACE_BOUND('',#324,.T.);
#29=FACE_BOUND('',#325,.T.);
#30=FACE_BOUND('',#326,.T.);
#31=FACE_BOUND('',#327,.T.);
#32=FACE_BOUND('',#328,.T.);
#33=FACE_BOUND('',#329,.T.);
#34=FACE_BOUND('',#330,.T.);
#35=FACE_BOUND('',#331,.T.);
#36=FACE_BOUND('',#332,.T.);
#37=FACE_BOUND('',#333,.T.);
#38=FACE_BOUND('',#334,.T.);
#39=FACE_BOUND('',#335,.T.);
#40=FACE_BOUND('',#336,.T.);
#41=FACE_BOUND('',#337,.T.);
#42=FACE_BOUND('',#338,.T.);
#43=FACE_BOUND('',#339,.T.);
#44=FACE_BOUND('',#340,.T.);
#45=FACE_BOUND('',#341,.T.);
#46=FACE_BOUND('',#342,.T.);
#47=FACE_BOUND('',#343,.T.);
#48=FACE_BOUND('',#344,.T.);
#49=FACE_BOUND('',#345,.T.);
#50=FACE_BOUND('',#346,.T.);
#51=FACE_BOUND('',#347,.T.);
#52=FACE_BOUND('',#348,.T.);
#53=FACE_BOUND('',#349,.T.);
#54=FACE_BOUND('',#350,.T.);
#55=FACE_BOUND('',#361,.T.);
#56=FACE_BOUND('',#367,.T.);
#57=FACE_BOUND('',#373,.T.);
#58=FACE_BOUND('',#379,.T.);
#59=FACE_BOUND('',#383,.T.);
#60=FACE_BOUND('',#384,.T.);
#61=FACE_BOUND('',#385,.T.);
#62=FACE_BOUND('',#386,.T.);
#63=FACE_BOUND('',#387,.T.);
#64=FACE_BOUND('',#388,.T.);
#65=FACE_BOUND('',#389,.T.);
#66=FACE_BOUND('',#390,.T.);
#67=FACE_BOUND('',#391,.T.);
#68=FACE_BOUND('',#392,.T.);
#69=FACE_BOUND('',#393,.T.);
#70=FACE_BOUND('',#394,.T.);
#71=FACE_BOUND('',#395,.T.);
#72=FACE_BOUND('',#396,.T.);
#73=FACE_BOUND('',#397,.T.);
#74=FACE_BOUND('',#398,.T.);
#75=FACE_BOUND('',#399,.T.);
#76=FACE_BOUND('',#400,.T.);
#77=FACE_BOUND('',#401,.T.);
#78=FACE_BOUND('',#402,.T.);
#79=FACE_BOUND('',#403,.T.);
#80=FACE_BOUND('',#404,.T.);
#81=FACE_BOUND('',#405,.T.);
#82=FACE_BOUND('',#406,.T.);
#83=FACE_BOUND('',#407,.T.);
#84=FACE_BOUND('',#408,.T.);
#85=FACE_BOUND('',#409,.T.);
#86=FACE_BOUND('',#410,.T.);
#87=FACE_BOUND('',#582,.T.);
#88=FACE_BOUND('',#587,.T.);
#89=FACE_BOUND('',#593,.T.);
#90=FACE_BOUND('',#598,.T.);
#91=FACE_OUTER_BOUND('',#313,.T.);
#92=FACE_OUTER_BOUND('',#314,.T.);
#93=FACE_OUTER_BOUND('',#315,.T.);
#94=FACE_OUTER_BOUND('',#316,.T.);
#95=FACE_OUTER_BOUND('',#317,.T.);
#96=FACE_OUTER_BOUND('',#318,.T.);
#97=FACE_OUTER_BOUND('',#319,.T.);
#98=FACE_OUTER_BOUND('',#320,.T.);
#99=FACE_OUTER_BOUND('',#321,.T.);
#100=FACE_OUTER_BOUND('',#322,.T.);
#101=FACE_OUTER_BOUND('',#351,.T.);
#102=FACE_OUTER_BOUND('',#352,.T.);
#103=FACE_OUTER_BOUND('',#353,.T.);
#104=FACE_OUTER_BOUND('',#354,.T.);
#105=FACE_OUTER_BOUND('',#355,.T.);
#106=FACE_OUTER_BOUND('',#356,.T.);
#107=FACE_OUTER_BOUND('',#357,.T.);
#108=FACE_OUTER_BOUND('',#358,.T.);
#109=FACE_OUTER_BOUND('',#359,.T.);
#110=FACE_OUTER_BOUND('',#360,.T.);
#111=FACE_OUTER_BOUND('',#362,.T.);
#112=FACE_OUTER_BOUND('',#363,.T.);
#113=FACE_OUTER_BOUND('',#364,.T.);
#114=FACE_OUTER_BOUND('',#365,.T.);
#115=FACE_OUTER_BOUND('',#366,.T.);
#116=FACE_OUTER_BOUND('',#368,.T.);
#117=FACE_OUTER_BOUND('',#369,.T.);
#118=FACE_OUTER_BOUND('',#370,.T.);
#119=FACE_OUTER_BOUND('',#371,.T.);
#120=FACE_OUTER_BOUND('',#372,.T.);
#121=FACE_OUTER_BOUND('',#374,.T.);
#122=FACE_OUTER_BOUND('',#375,.T.);
#123=FACE_OUTER_BOUND('',#376,.T.);
#124=FACE_OUTER_BOUND('',#377,.T.);
#125=FACE_OUTER_BOUND('',#378,.T.);
#126=FACE_OUTER_BOUND('',#380,.T.);
#127=FACE_OUTER_BOUND('',#381,.T.);
#128=FACE_OUTER_BOUND('',#382,.T.);
#129=FACE_OUTER_BOUND('',#411,.T.);
#130=FACE_OUTER_BOUND('',#412,.T.);
#131=FACE_OUTER_BOUND('',#413,.T.);
#132=FACE_OUTER_BOUND('',#414,.T.);
#133=FACE_OUTER_BOUND('',#415,.T.);
#134=FACE_OUTER_BOUND('',#416,.T.);
#135=FACE_OUTER_BOUND('',#417,.T.);
#136=FACE_OUTER_BOUND('',#418,.T.);
#137=FACE_OUTER_BOUND('',#419,.T.);
#138=FACE_OUTER_BOUND('',#420,.T.);
#139=FACE_OUTER_BOUND('',#421,.T.);
#140=FACE_OUTER_BOUND('',#422,.T.);
#141=FACE_OUTER_BOUND('',#423,.T.);
#142=FACE_OUTER_BOUND('',#424,.T.);
#143=FACE_OUTER_BOUND('',#425,.T.);
#144=FACE_OUTER_BOUND('',#426,.T.);
#145=FACE_OUTER_BOUND('',#427,.T.);
#146=FACE_OUTER_BOUND('',#428,.T.);
#147=FACE_OUTER_BOUND('',#429,.T.);
#148=FACE_OUTER_BOUND('',#430,.T.);
#149=FACE_OUTER_BOUND('',#431,.T.);
#150=FACE_OUTER_BOUND('',#432,.T.);
#151=FACE_OUTER_BOUND('',#433,.T.);
#152=FACE_OUTER_BOUND('',#434,.T.);
#153=FACE_OUTER_BOUND('',#435,.T.);
#154=FACE_OUTER_BOUND('',#436,.T.);
#155=FACE_OUTER_BOUND('',#437,.T.);
#156=FACE_OUTER_BOUND('',#438,.T.);
#157=FACE_OUTER_BOUND('',#439,.T.);
#158=FACE_OUTER_BOUND('',#440,.T.);
#159=FACE_OUTER_BOUND('',#441,.T.);
#160=FACE_OUTER_BOUND('',#442,.T.);
#161=FACE_OUTER_BOUND('',#443,.T.);
#162=FACE_OUTER_BOUND('',#444,.T.);
#163=FACE_OUTER_BOUND('',#445,.T.);
#164=FACE_OUTER_BOUND('',#446,.T.);
#165=FACE_OUTER_BOUND('',#447,.T.);
#166=FACE_OUTER_BOUND('',#448,.T.);
#167=FACE_OUTER_BOUND('',#449,.T.);
#168=FACE_OUTER_BOUND('',#450,.T.);
#169=FACE_OUTER_BOUND('',#451,.T.);
#170=FACE_OUTER_BOUND('',#452,.T.);
#171=FACE_OUTER_BOUND('',#453,.T.);
#172=FACE_OUTER_BOUND('',#454,.T.);
#173=FACE_OUTER_BOUND('',#455,.T.);
#174=FACE_OUTER_BOUND('',#456,.T.);
#175=FACE_OUTER_BOUND('',#457,.T.);
#176=FACE_OUTER_BOUND('',#458,.T.);
#177=FACE_OUTER_BOUND('',#459,.T.);
#178=FACE_OUTER_BOUND('',#460,.T.);
#179=FACE_OUTER_BOUND('',#461,.T.);
#180=FACE_OUTER_BOUND('',#462,.T.);
#181=FACE_OUTER_BOUND('',#463,.T.);
#182=FACE_OUTER_BOUND('',#464,.T.);
#183=FACE_OUTER_BOUND('',#465,.T.);
#184=FACE_OUTER_BOUND('',#466,.T.);
#185=FACE_OUTER_BOUND('',#467,.T.);
#186=FACE_OUTER_BOUND('',#468,.T.);
#187=FACE_OUTER_BOUND('',#469,.T.);
#188=FACE_OUTER_BOUND('',#470,.T.);
#189=FACE_OUTER_BOUND('',#471,.T.);
#190=FACE_OUTER_BOUND('',#472,.T.);
#191=FACE_OUTER_BOUND('',#473,.T.);
#192=FACE_OUTER_BOUND('',#474,.T.);
#193=FACE_OUTER_BOUND('',#475,.T.);
#194=FACE_OUTER_BOUND('',#476,.T.);
#195=FACE_OUTER_BOUND('',#477,.T.);
#196=FACE_OUTER_BOUND('',#478,.T.);
#197=FACE_OUTER_BOUND('',#479,.T.);
#198=FACE_OUTER_BOUND('',#480,.T.);
#199=FACE_OUTER_BOUND('',#481,.T.);
#200=FACE_OUTER_BOUND('',#482,.T.);
#201=FACE_OUTER_BOUND('',#483,.T.);
#202=FACE_OUTER_BOUND('',#484,.T.);
#203=FACE_OUTER_BOUND('',#485,.T.);
#204=FACE_OUTER_BOUND('',#486,.T.);
#205=FACE_OUTER_BOUND('',#487,.T.);
#206=FACE_OUTER_BOUND('',#488,.T.);
#207=FACE_OUTER_BOUND('',#489,.T.);
#208=FACE_OUTER_BOUND('',#490,.T.);
#209=FACE_OUTER_BOUND('',#491,.T.);
#210=FACE_OUTER_BOUND('',#492,.T.);
#211=FACE_OUTER_BOUND('',#493,.T.);
#212=FACE_OUTER_BOUND('',#494,.T.);
#213=FACE_OUTER_BOUND('',#495,.T.);
#214=FACE_OUTER_BOUND('',#496,.T.);
#215=FACE_OUTER_BOUND('',#497,.T.);
#216=FACE_OUTER_BOUND('',#498,.T.);
#217=FACE_OUTER_BOUND('',#499,.T.);
#218=FACE_OUTER_BOUND('',#500,.T.);
#219=FACE_OUTER_BOUND('',#501,.T.);
#220=FACE_OUTER_BOUND('',#502,.T.);
#221=FACE_OUTER_BOUND('',#503,.T.);
#222=FACE_OUTER_BOUND('',#504,.T.);
#223=FACE_OUTER_BOUND('',#505,.T.);
#224=FACE_OUTER_BOUND('',#506,.T.);
#225=FACE_OUTER_BOUND('',#507,.T.);
#226=FACE_OUTER_BOUND('',#508,.T.);
#227=FACE_OUTER_BOUND('',#509,.T.);
#228=FACE_OUTER_BOUND('',#510,.T.);
#229=FACE_OUTER_BOUND('',#511,.T.);
#230=FACE_OUTER_BOUND('',#512,.T.);
#231=FACE_OUTER_BOUND('',#513,.T.);
#232=FACE_OUTER_BOUND('',#514,.T.);
#233=FACE_OUTER_BOUND('',#515,.T.);
#234=FACE_OUTER_BOUND('',#516,.T.);
#235=FACE_OUTER_BOUND('',#517,.T.);
#236=FACE_OUTER_BOUND('',#518,.T.);
#237=FACE_OUTER_BOUND('',#519,.T.);
#238=FACE_OUTER_BOUND('',#520,.T.);
#239=FACE_OUTER_BOUND('',#521,.T.);
#240=FACE_OUTER_BOUND('',#522,.T.);
#241=FACE_OUTER_BOUND('',#523,.T.);
#242=FACE_OUTER_BOUND('',#524,.T.);
#243=FACE_OUTER_BOUND('',#525,.T.);
#244=FACE_OUTER_BOUND('',#526,.T.);
#245=FACE_OUTER_BOUND('',#527,.T.);
#246=FACE_OUTER_BOUND('',#528,.T.);
#247=FACE_OUTER_BOUND('',#529,.T.);
#248=FACE_OUTER_BOUND('',#530,.T.);
#249=FACE_OUTER_BOUND('',#531,.T.);
#250=FACE_OUTER_BOUND('',#532,.T.);
#251=FACE_OUTER_BOUND('',#533,.T.);
#252=FACE_OUTER_BOUND('',#534,.T.);
#253=FACE_OUTER_BOUND('',#535,.T.);
#254=FACE_OUTER_BOUND('',#536,.T.);
#255=FACE_OUTER_BOUND('',#537,.T.);
#256=FACE_OUTER_BOUND('',#538,.T.);
#257=FACE_OUTER_BOUND('',#539,.T.);
#258=FACE_OUTER_BOUND('',#540,.T.);
#259=FACE_OUTER_BOUND('',#541,.T.);
#260=FACE_OUTER_BOUND('',#542,.T.);
#261=FACE_OUTER_BOUND('',#543,.T.);
#262=FACE_OUTER_BOUND('',#544,.T.);
#263=FACE_OUTER_BOUND('',#545,.T.);
#264=FACE_OUTER_BOUND('',#546,.T.);
#265=FACE_OUTER_BOUND('',#547,.T.);
#266=FACE_OUTER_BOUND('',#548,.T.);
#267=FACE_OUTER_BOUND('',#549,.T.);
#268=FACE_OUTER_BOUND('',#550,.T.);
#269=FACE_OUTER_BOUND('',#551,.T.);
#270=FACE_OUTER_BOUND('',#552,.T.);
#271=FACE_OUTER_BOUND('',#553,.T.);
#272=FACE_OUTER_BOUND('',#554,.T.);
#273=FACE_OUTER_BOUND('',#555,.T.);
#274=FACE_OUTER_BOUND('',#556,.T.);
#275=FACE_OUTER_BOUND('',#557,.T.);
#276=FACE_OUTER_BOUND('',#558,.T.);
#277=FACE_OUTER_BOUND('',#559,.T.);
#278=FACE_OUTER_BOUND('',#560,.T.);
#279=FACE_OUTER_BOUND('',#561,.T.);
#280=FACE_OUTER_BOUND('',#562,.T.);
#281=FACE_OUTER_BOUND('',#563,.T.);
#282=FACE_OUTER_BOUND('',#564,.T.);
#283=FACE_OUTER_BOUND('',#565,.T.);
#284=FACE_OUTER_BOUND('',#566,.T.);
#285=FACE_OUTER_BOUND('',#567,.T.);
#286=FACE_OUTER_BOUND('',#568,.T.);
#287=FACE_OUTER_BOUND('',#569,.T.);
#288=FACE_OUTER_BOUND('',#570,.T.);
#289=FACE_OUTER_BOUND('',#571,.T.);
#290=FACE_OUTER_BOUND('',#572,.T.);
#291=FACE_OUTER_BOUND('',#573,.T.);
#292=FACE_OUTER_BOUND('',#574,.T.);
#293=FACE_OUTER_BOUND('',#575,.T.);
#294=FACE_OUTER_BOUND('',#576,.T.);
#295=FACE_OUTER_BOUND('',#577,.T.);
#296=FACE_OUTER_BOUND('',#578,.T.);
#297=FACE_OUTER_BOUND('',#579,.T.);
#298=FACE_OUTER_BOUND('',#580,.T.);
#299=FACE_OUTER_BOUND('',#581,.T.);
#300=FACE_OUTER_BOUND('',#583,.T.);
#301=FACE_OUTER_BOUND('',#584,.T.);
#302=FACE_OUTER_BOUND('',#585,.T.);
#303=FACE_OUTER_BOUND('',#586,.T.);
#304=FACE_OUTER_BOUND('',#588,.T.);
#305=FACE_OUTER_BOUND('',#589,.T.);
#306=FACE_OUTER_BOUND('',#590,.T.);
#307=FACE_OUTER_BOUND('',#591,.T.);
#308=FACE_OUTER_BOUND('',#592,.T.);
#309=FACE_OUTER_BOUND('',#594,.T.);
#310=FACE_OUTER_BOUND('',#595,.T.);
#311=FACE_OUTER_BOUND('',#596,.T.);
#312=FACE_OUTER_BOUND('',#597,.T.);
#313=EDGE_LOOP('',(#2987,#2988,#2989,#2990));
#314=EDGE_LOOP('',(#2991,#2992,#2993,#2994));
#315=EDGE_LOOP('',(#2995,#2996,#2997,#2998));
#316=EDGE_LOOP('',(#2999,#3000,#3001,#3002));
#317=EDGE_LOOP('',(#3003,#3004,#3005,#3006));
#318=EDGE_LOOP('',(#3007,#3008,#3009,#3010));
#319=EDGE_LOOP('',(#3011,#3012,#3013,#3014));
#320=EDGE_LOOP('',(#3015,#3016,#3017,#3018));
#321=EDGE_LOOP('',(#3019,#3020,#3021,#3022));
#322=EDGE_LOOP('',(#3023,#3024,#3025,#3026,#3027,#3028,#3029,#3030));
#323=EDGE_LOOP('',(#3031,#3032,#3033,#3034,#3035,#3036));
#324=EDGE_LOOP('',(#3037,#3038,#3039,#3040,#3041,#3042));
#325=EDGE_LOOP('',(#3043,#3044,#3045,#3046,#3047,#3048));
#326=EDGE_LOOP('',(#3049,#3050,#3051,#3052,#3053,#3054));
#327=EDGE_LOOP('',(#3055,#3056,#3057,#3058,#3059,#3060));
#328=EDGE_LOOP('',(#3061,#3062,#3063,#3064,#3065,#3066));
#329=EDGE_LOOP('',(#3067,#3068,#3069,#3070,#3071,#3072));
#330=EDGE_LOOP('',(#3073,#3074,#3075,#3076,#3077,#3078));
#331=EDGE_LOOP('',(#3079,#3080,#3081,#3082,#3083,#3084));
#332=EDGE_LOOP('',(#3085,#3086,#3087,#3088,#3089,#3090));
#333=EDGE_LOOP('',(#3091,#3092,#3093,#3094,#3095,#3096));
#334=EDGE_LOOP('',(#3097,#3098,#3099,#3100,#3101,#3102));
#335=EDGE_LOOP('',(#3103,#3104,#3105,#3106,#3107,#3108));
#336=EDGE_LOOP('',(#3109,#3110,#3111,#3112,#3113,#3114));
#337=EDGE_LOOP('',(#3115,#3116,#3117,#3118,#3119,#3120));
#338=EDGE_LOOP('',(#3121,#3122,#3123,#3124,#3125,#3126));
#339=EDGE_LOOP('',(#3127,#3128,#3129,#3130,#3131,#3132));
#340=EDGE_LOOP('',(#3133,#3134,#3135,#3136,#3137,#3138));
#341=EDGE_LOOP('',(#3139,#3140,#3141,#3142,#3143,#3144));
#342=EDGE_LOOP('',(#3145,#3146,#3147,#3148,#3149,#3150));
#343=EDGE_LOOP('',(#3151,#3152,#3153,#3154,#3155,#3156));
#344=EDGE_LOOP('',(#3157,#3158,#3159,#3160,#3161,#3162));
#345=EDGE_LOOP('',(#3163,#3164,#3165,#3166,#3167,#3168));
#346=EDGE_LOOP('',(#3169,#3170,#3171,#3172,#3173,#3174));
#347=EDGE_LOOP('',(#3175,#3176,#3177,#3178,#3179,#3180));
#348=EDGE_LOOP('',(#3181,#3182,#3183,#3184,#3185,#3186));
#349=EDGE_LOOP('',(#3187,#3188,#3189,#3190,#3191,#3192));
#350=EDGE_LOOP('',(#3193,#3194,#3195,#3196,#3197,#3198));
#351=EDGE_LOOP('',(#3199,#3200,#3201,#3202));
#352=EDGE_LOOP('',(#3203,#3204,#3205,#3206,#3207));
#353=EDGE_LOOP('',(#3208,#3209,#3210,#3211,#3212));
#354=EDGE_LOOP('',(#3213,#3214,#3215,#3216));
#355=EDGE_LOOP('',(#3217,#3218,#3219,#3220));
#356=EDGE_LOOP('',(#3221,#3222,#3223,#3224));
#357=EDGE_LOOP('',(#3225,#3226,#3227,#3228));
#358=EDGE_LOOP('',(#3229,#3230,#3231,#3232));
#359=EDGE_LOOP('',(#3233,#3234,#3235,#3236));
#360=EDGE_LOOP('',(#3237,#3238,#3239,#3240,#3241,#3242));
#361=EDGE_LOOP('',(#3243));
#362=EDGE_LOOP('',(#3244,#3245,#3246,#3247));
#363=EDGE_LOOP('',(#3248,#3249,#3250,#3251));
#364=EDGE_LOOP('',(#3252,#3253,#3254,#3255));
#365=EDGE_LOOP('',(#3256,#3257,#3258,#3259));
#366=EDGE_LOOP('',(#3260,#3261,#3262,#3263,#3264,#3265));
#367=EDGE_LOOP('',(#3266));
#368=EDGE_LOOP('',(#3267,#3268,#3269,#3270));
#369=EDGE_LOOP('',(#3271,#3272,#3273,#3274));
#370=EDGE_LOOP('',(#3275,#3276,#3277,#3278));
#371=EDGE_LOOP('',(#3279,#3280,#3281,#3282));
#372=EDGE_LOOP('',(#3283,#3284,#3285,#3286,#3287,#3288));
#373=EDGE_LOOP('',(#3289));
#374=EDGE_LOOP('',(#3290,#3291,#3292,#3293));
#375=EDGE_LOOP('',(#3294,#3295,#3296,#3297));
#376=EDGE_LOOP('',(#3298,#3299,#3300,#3301));
#377=EDGE_LOOP('',(#3302,#3303,#3304,#3305));
#378=EDGE_LOOP('',(#3306,#3307,#3308,#3309,#3310,#3311));
#379=EDGE_LOOP('',(#3312));
#380=EDGE_LOOP('',(#3313,#3314,#3315,#3316,#3317,#3318,#3319,#3320,#3321,
#3322,#3323,#3324));
#381=EDGE_LOOP('',(#3325,#3326,#3327,#3328,#3329,#3330,#3331,#3332,#3333,
#3334,#3335,#3336));
#382=EDGE_LOOP('',(#3337,#3338,#3339,#3340,#3341,#3342,#3343,#3344,#3345,
#3346,#3347,#3348,#3349,#3350,#3351,#3352,#3353,#3354,#3355,#3356));
#383=EDGE_LOOP('',(#3357,#3358,#3359,#3360,#3361,#3362));
#384=EDGE_LOOP('',(#3363,#3364,#3365,#3366,#3367,#3368));
#385=EDGE_LOOP('',(#3369,#3370,#3371,#3372,#3373,#3374));
#386=EDGE_LOOP('',(#3375,#3376,#3377,#3378,#3379,#3380));
#387=EDGE_LOOP('',(#3381,#3382,#3383,#3384,#3385,#3386));
#388=EDGE_LOOP('',(#3387,#3388,#3389,#3390,#3391,#3392));
#389=EDGE_LOOP('',(#3393,#3394,#3395,#3396,#3397,#3398));
#390=EDGE_LOOP('',(#3399,#3400,#3401,#3402,#3403,#3404));
#391=EDGE_LOOP('',(#3405,#3406,#3407,#3408,#3409,#3410));
#392=EDGE_LOOP('',(#3411,#3412,#3413,#3414,#3415,#3416));
#393=EDGE_LOOP('',(#3417,#3418,#3419,#3420,#3421,#3422));
#394=EDGE_LOOP('',(#3423,#3424,#3425,#3426,#3427,#3428));
#395=EDGE_LOOP('',(#3429,#3430,#3431,#3432,#3433,#3434));
#396=EDGE_LOOP('',(#3435,#3436,#3437,#3438,#3439,#3440));
#397=EDGE_LOOP('',(#3441,#3442,#3443,#3444,#3445,#3446));
#398=EDGE_LOOP('',(#3447,#3448,#3449,#3450,#3451,#3452));
#399=EDGE_LOOP('',(#3453,#3454,#3455,#3456,#3457,#3458));
#400=EDGE_LOOP('',(#3459,#3460,#3461,#3462,#3463,#3464));
#401=EDGE_LOOP('',(#3465,#3466,#3467,#3468,#3469,#3470));
#402=EDGE_LOOP('',(#3471,#3472,#3473,#3474,#3475,#3476));
#403=EDGE_LOOP('',(#3477,#3478,#3479,#3480,#3481,#3482));
#404=EDGE_LOOP('',(#3483,#3484,#3485,#3486,#3487,#3488));
#405=EDGE_LOOP('',(#3489,#3490,#3491,#3492,#3493,#3494));
#406=EDGE_LOOP('',(#3495,#3496,#3497,#3498,#3499,#3500));
#407=EDGE_LOOP('',(#3501,#3502,#3503,#3504,#3505,#3506));
#408=EDGE_LOOP('',(#3507,#3508,#3509,#3510,#3511,#3512));
#409=EDGE_LOOP('',(#3513,#3514,#3515,#3516,#3517,#3518));
#410=EDGE_LOOP('',(#3519,#3520,#3521,#3522,#3523,#3524));
#411=EDGE_LOOP('',(#3525,#3526,#3527,#3528));
#412=EDGE_LOOP('',(#3529,#3530,#3531,#3532));
#413=EDGE_LOOP('',(#3533,#3534,#3535,#3536));
#414=EDGE_LOOP('',(#3537,#3538,#3539,#3540));
#415=EDGE_LOOP('',(#3541,#3542,#3543,#3544));
#416=EDGE_LOOP('',(#3545,#3546,#3547,#3548));
#417=EDGE_LOOP('',(#3549,#3550,#3551,#3552));
#418=EDGE_LOOP('',(#3553,#3554,#3555,#3556));
#419=EDGE_LOOP('',(#3557,#3558,#3559,#3560));
#420=EDGE_LOOP('',(#3561,#3562,#3563,#3564));
#421=EDGE_LOOP('',(#3565,#3566,#3567,#3568));
#422=EDGE_LOOP('',(#3569,#3570,#3571,#3572));
#423=EDGE_LOOP('',(#3573,#3574,#3575,#3576));
#424=EDGE_LOOP('',(#3577,#3578,#3579,#3580));
#425=EDGE_LOOP('',(#3581,#3582,#3583,#3584));
#426=EDGE_LOOP('',(#3585,#3586,#3587,#3588));
#427=EDGE_LOOP('',(#3589,#3590,#3591,#3592));
#428=EDGE_LOOP('',(#3593,#3594,#3595,#3596));
#429=EDGE_LOOP('',(#3597,#3598,#3599,#3600));
#430=EDGE_LOOP('',(#3601,#3602,#3603,#3604));
#431=EDGE_LOOP('',(#3605,#3606,#3607,#3608));
#432=EDGE_LOOP('',(#3609,#3610,#3611,#3612));
#433=EDGE_LOOP('',(#3613,#3614,#3615,#3616));
#434=EDGE_LOOP('',(#3617,#3618,#3619,#3620));
#435=EDGE_LOOP('',(#3621,#3622,#3623,#3624));
#436=EDGE_LOOP('',(#3625,#3626,#3627,#3628));
#437=EDGE_LOOP('',(#3629,#3630,#3631,#3632));
#438=EDGE_LOOP('',(#3633,#3634,#3635,#3636));
#439=EDGE_LOOP('',(#3637,#3638,#3639,#3640));
#440=EDGE_LOOP('',(#3641,#3642,#3643,#3644));
#441=EDGE_LOOP('',(#3645,#3646,#3647,#3648));
#442=EDGE_LOOP('',(#3649,#3650,#3651,#3652));
#443=EDGE_LOOP('',(#3653,#3654,#3655,#3656));
#444=EDGE_LOOP('',(#3657,#3658,#3659,#3660));
#445=EDGE_LOOP('',(#3661,#3662,#3663,#3664));
#446=EDGE_LOOP('',(#3665,#3666,#3667,#3668));
#447=EDGE_LOOP('',(#3669,#3670,#3671,#3672));
#448=EDGE_LOOP('',(#3673,#3674,#3675,#3676));
#449=EDGE_LOOP('',(#3677,#3678,#3679,#3680));
#450=EDGE_LOOP('',(#3681,#3682,#3683,#3684));
#451=EDGE_LOOP('',(#3685,#3686,#3687,#3688));
#452=EDGE_LOOP('',(#3689,#3690,#3691,#3692));
#453=EDGE_LOOP('',(#3693,#3694,#3695,#3696));
#454=EDGE_LOOP('',(#3697,#3698,#3699,#3700));
#455=EDGE_LOOP('',(#3701,#3702,#3703,#3704));
#456=EDGE_LOOP('',(#3705,#3706,#3707,#3708));
#457=EDGE_LOOP('',(#3709,#3710,#3711,#3712));
#458=EDGE_LOOP('',(#3713,#3714,#3715,#3716));
#459=EDGE_LOOP('',(#3717,#3718,#3719,#3720));
#460=EDGE_LOOP('',(#3721,#3722,#3723,#3724));
#461=EDGE_LOOP('',(#3725,#3726,#3727,#3728));
#462=EDGE_LOOP('',(#3729,#3730,#3731,#3732));
#463=EDGE_LOOP('',(#3733,#3734,#3735,#3736));
#464=EDGE_LOOP('',(#3737,#3738,#3739,#3740));
#465=EDGE_LOOP('',(#3741,#3742,#3743,#3744));
#466=EDGE_LOOP('',(#3745,#3746,#3747,#3748));
#467=EDGE_LOOP('',(#3749,#3750,#3751,#3752));
#468=EDGE_LOOP('',(#3753,#3754,#3755,#3756));
#469=EDGE_LOOP('',(#3757,#3758,#3759,#3760));
#470=EDGE_LOOP('',(#3761,#3762,#3763,#3764));
#471=EDGE_LOOP('',(#3765,#3766,#3767,#3768));
#472=EDGE_LOOP('',(#3769,#3770,#3771,#3772));
#473=EDGE_LOOP('',(#3773,#3774,#3775,#3776));
#474=EDGE_LOOP('',(#3777,#3778,#3779,#3780));
#475=EDGE_LOOP('',(#3781,#3782,#3783,#3784));
#476=EDGE_LOOP('',(#3785,#3786,#3787,#3788));
#477=EDGE_LOOP('',(#3789,#3790,#3791,#3792));
#478=EDGE_LOOP('',(#3793,#3794,#3795,#3796));
#479=EDGE_LOOP('',(#3797,#3798,#3799,#3800));
#480=EDGE_LOOP('',(#3801,#3802,#3803,#3804));
#481=EDGE_LOOP('',(#3805,#3806,#3807,#3808));
#482=EDGE_LOOP('',(#3809,#3810,#3811,#3812));
#483=EDGE_LOOP('',(#3813,#3814,#3815,#3816));
#484=EDGE_LOOP('',(#3817,#3818,#3819,#3820));
#485=EDGE_LOOP('',(#3821,#3822,#3823,#3824));
#486=EDGE_LOOP('',(#3825,#3826,#3827,#3828));
#487=EDGE_LOOP('',(#3829,#3830,#3831,#3832));
#488=EDGE_LOOP('',(#3833,#3834,#3835,#3836));
#489=EDGE_LOOP('',(#3837,#3838,#3839,#3840));
#490=EDGE_LOOP('',(#3841,#3842,#3843,#3844));
#491=EDGE_LOOP('',(#3845,#3846,#3847,#3848));
#492=EDGE_LOOP('',(#3849,#3850,#3851,#3852));
#493=EDGE_LOOP('',(#3853,#3854,#3855,#3856));
#494=EDGE_LOOP('',(#3857,#3858,#3859,#3860));
#495=EDGE_LOOP('',(#3861,#3862,#3863,#3864));
#496=EDGE_LOOP('',(#3865,#3866,#3867,#3868));
#497=EDGE_LOOP('',(#3869,#3870,#3871,#3872));
#498=EDGE_LOOP('',(#3873,#3874,#3875,#3876));
#499=EDGE_LOOP('',(#3877,#3878,#3879,#3880));
#500=EDGE_LOOP('',(#3881,#3882,#3883,#3884));
#501=EDGE_LOOP('',(#3885,#3886,#3887,#3888));
#502=EDGE_LOOP('',(#3889,#3890,#3891,#3892));
#503=EDGE_LOOP('',(#3893,#3894,#3895,#3896));
#504=EDGE_LOOP('',(#3897,#3898,#3899,#3900));
#505=EDGE_LOOP('',(#3901,#3902,#3903,#3904));
#506=EDGE_LOOP('',(#3905,#3906,#3907,#3908));
#507=EDGE_LOOP('',(#3909,#3910,#3911,#3912));
#508=EDGE_LOOP('',(#3913,#3914,#3915,#3916));
#509=EDGE_LOOP('',(#3917,#3918,#3919,#3920));
#510=EDGE_LOOP('',(#3921,#3922,#3923,#3924));
#511=EDGE_LOOP('',(#3925,#3926,#3927,#3928));
#512=EDGE_LOOP('',(#3929,#3930,#3931,#3932));
#513=EDGE_LOOP('',(#3933,#3934,#3935,#3936));
#514=EDGE_LOOP('',(#3937,#3938,#3939,#3940));
#515=EDGE_LOOP('',(#3941,#3942,#3943,#3944));
#516=EDGE_LOOP('',(#3945,#3946,#3947,#3948));
#517=EDGE_LOOP('',(#3949,#3950,#3951,#3952));
#518=EDGE_LOOP('',(#3953,#3954,#3955,#3956));
#519=EDGE_LOOP('',(#3957,#3958,#3959,#3960));
#520=EDGE_LOOP('',(#3961,#3962,#3963,#3964));
#521=EDGE_LOOP('',(#3965,#3966,#3967,#3968));
#522=EDGE_LOOP('',(#3969,#3970,#3971,#3972));
#523=EDGE_LOOP('',(#3973,#3974,#3975,#3976));
#524=EDGE_LOOP('',(#3977,#3978,#3979,#3980));
#525=EDGE_LOOP('',(#3981,#3982,#3983,#3984));
#526=EDGE_LOOP('',(#3985,#3986,#3987,#3988));
#527=EDGE_LOOP('',(#3989,#3990,#3991,#3992));
#528=EDGE_LOOP('',(#3993,#3994,#3995,#3996));
#529=EDGE_LOOP('',(#3997,#3998,#3999,#4000));
#530=EDGE_LOOP('',(#4001,#4002,#4003,#4004));
#531=EDGE_LOOP('',(#4005,#4006,#4007,#4008));
#532=EDGE_LOOP('',(#4009,#4010,#4011,#4012));
#533=EDGE_LOOP('',(#4013,#4014,#4015,#4016));
#534=EDGE_LOOP('',(#4017,#4018,#4019,#4020));
#535=EDGE_LOOP('',(#4021,#4022,#4023,#4024));
#536=EDGE_LOOP('',(#4025,#4026,#4027,#4028));
#537=EDGE_LOOP('',(#4029,#4030,#4031,#4032));
#538=EDGE_LOOP('',(#4033,#4034,#4035,#4036));
#539=EDGE_LOOP('',(#4037,#4038,#4039,#4040));
#540=EDGE_LOOP('',(#4041,#4042,#4043,#4044));
#541=EDGE_LOOP('',(#4045,#4046,#4047,#4048));
#542=EDGE_LOOP('',(#4049,#4050,#4051,#4052));
#543=EDGE_LOOP('',(#4053,#4054,#4055,#4056));
#544=EDGE_LOOP('',(#4057,#4058,#4059,#4060));
#545=EDGE_LOOP('',(#4061,#4062,#4063,#4064));
#546=EDGE_LOOP('',(#4065,#4066,#4067,#4068));
#547=EDGE_LOOP('',(#4069,#4070,#4071,#4072));
#548=EDGE_LOOP('',(#4073,#4074,#4075,#4076));
#549=EDGE_LOOP('',(#4077,#4078,#4079,#4080));
#550=EDGE_LOOP('',(#4081,#4082,#4083,#4084));
#551=EDGE_LOOP('',(#4085,#4086,#4087,#4088));
#552=EDGE_LOOP('',(#4089,#4090,#4091,#4092));
#553=EDGE_LOOP('',(#4093,#4094,#4095,#4096));
#554=EDGE_LOOP('',(#4097,#4098,#4099,#4100));
#555=EDGE_LOOP('',(#4101,#4102,#4103,#4104));
#556=EDGE_LOOP('',(#4105,#4106,#4107,#4108));
#557=EDGE_LOOP('',(#4109,#4110,#4111,#4112));
#558=EDGE_LOOP('',(#4113,#4114,#4115,#4116));
#559=EDGE_LOOP('',(#4117,#4118,#4119,#4120));
#560=EDGE_LOOP('',(#4121,#4122,#4123,#4124));
#561=EDGE_LOOP('',(#4125,#4126,#4127,#4128));
#562=EDGE_LOOP('',(#4129,#4130,#4131,#4132));
#563=EDGE_LOOP('',(#4133,#4134,#4135,#4136));
#564=EDGE_LOOP('',(#4137,#4138,#4139,#4140));
#565=EDGE_LOOP('',(#4141,#4142,#4143,#4144));
#566=EDGE_LOOP('',(#4145,#4146,#4147,#4148));
#567=EDGE_LOOP('',(#4149,#4150,#4151,#4152));
#568=EDGE_LOOP('',(#4153,#4154,#4155,#4156));
#569=EDGE_LOOP('',(#4157,#4158,#4159,#4160));
#570=EDGE_LOOP('',(#4161,#4162,#4163,#4164));
#571=EDGE_LOOP('',(#4165,#4166,#4167,#4168));
#572=EDGE_LOOP('',(#4169,#4170,#4171,#4172));
#573=EDGE_LOOP('',(#4173,#4174,#4175,#4176));
#574=EDGE_LOOP('',(#4177,#4178,#4179,#4180));
#575=EDGE_LOOP('',(#4181,#4182,#4183,#4184));
#576=EDGE_LOOP('',(#4185,#4186,#4187,#4188));
#577=EDGE_LOOP('',(#4189,#4190,#4191,#4192));
#578=EDGE_LOOP('',(#4193,#4194,#4195,#4196));
#579=EDGE_LOOP('',(#4197,#4198,#4199,#4200,#4201));
#580=EDGE_LOOP('',(#4202,#4203,#4204,#4205));
#581=EDGE_LOOP('',(#4206,#4207,#4208,#4209,#4210,#4211));
#582=EDGE_LOOP('',(#4212));
#583=EDGE_LOOP('',(#4213,#4214,#4215,#4216));
#584=EDGE_LOOP('',(#4217,#4218,#4219,#4220));
#585=EDGE_LOOP('',(#4221,#4222,#4223,#4224,#4225,#4226,#4227,#4228));
#586=EDGE_LOOP('',(#4229,#4230,#4231,#4232,#4233,#4234));
#587=EDGE_LOOP('',(#4235));
#588=EDGE_LOOP('',(#4236,#4237,#4238,#4239));
#589=EDGE_LOOP('',(#4240,#4241,#4242,#4243));
#590=EDGE_LOOP('',(#4244,#4245,#4246,#4247,#4248));
#591=EDGE_LOOP('',(#4249,#4250,#4251,#4252,#4253,#4254,#4255,#4256));
#592=EDGE_LOOP('',(#4257,#4258,#4259,#4260,#4261,#4262));
#593=EDGE_LOOP('',(#4263));
#594=EDGE_LOOP('',(#4264,#4265,#4266,#4267,#4268,#4269,#4270,#4271,#4272,
#4273,#4274,#4275));
#595=EDGE_LOOP('',(#4276,#4277,#4278,#4279,#4280,#4281,#4282,#4283,#4284,
#4285,#4286,#4287));
#596=EDGE_LOOP('',(#4288,#4289,#4290,#4291));
#597=EDGE_LOOP('',(#4292,#4293,#4294,#4295,#4296,#4297));
#598=EDGE_LOOP('',(#4298));
#599=LINE('',#6085,#1247);
#600=LINE('',#6087,#1248);
#601=LINE('',#6089,#1249);
#602=LINE('',#6090,#1250);
#603=LINE('',#6093,#1251);
#604=LINE('',#6095,#1252);
#605=LINE('',#6096,#1253);
#606=LINE('',#6100,#1254);
#607=LINE('',#6102,#1255);
#608=LINE('',#6104,#1256);
#609=LINE('',#6105,#1257);
#610=LINE('',#6108,#1258);
#611=LINE('',#6110,#1259);
#612=LINE('',#6111,#1260);
#613=LINE('',#6114,#1261);
#614=LINE('',#6116,#1262);
#615=LINE('',#6118,#1263);
#616=LINE('',#6119,#1264);
#617=LINE('',#6122,#1265);
#618=LINE('',#6124,#1266);
#619=LINE('',#6126,#1267);
#620=LINE('',#6127,#1268);
#621=LINE('',#6130,#1269);
#622=LINE('',#6132,#1270);
#623=LINE('',#6134,#1271);
#624=LINE('',#6135,#1272);
#625=LINE('',#6138,#1273);
#626=LINE('',#6140,#1274);
#627=LINE('',#6142,#1275);
#628=LINE('',#6143,#1276);
#629=LINE('',#6147,#1277);
#630=LINE('',#6149,#1278);
#631=LINE('',#6151,#1279);
#632=LINE('',#6152,#1280);
#633=LINE('',#6154,#1281);
#634=LINE('',#6155,#1282);
#635=LINE('',#6158,#1283);
#636=LINE('',#6160,#1284);
#637=LINE('',#6162,#1285);
#638=LINE('',#6164,#1286);
#639=LINE('',#6166,#1287);
#640=LINE('',#6167,#1288);
#641=LINE('',#6170,#1289);
#642=LINE('',#6172,#1290);
#643=LINE('',#6174,#1291);
#644=LINE('',#6176,#1292);
#645=LINE('',#6178,#1293);
#646=LINE('',#6179,#1294);
#647=LINE('',#6182,#1295);
#648=LINE('',#6184,#1296);
#649=LINE('',#6186,#1297);
#650=LINE('',#6188,#1298);
#651=LINE('',#6190,#1299);
#652=LINE('',#6191,#1300);
#653=LINE('',#6194,#1301);
#654=LINE('',#6196,#1302);
#655=LINE('',#6198,#1303);
#656=LINE('',#6200,#1304);
#657=LINE('',#6202,#1305);
#658=LINE('',#6203,#1306);
#659=LINE('',#6206,#1307);
#660=LINE('',#6208,#1308);
#661=LINE('',#6210,#1309);
#662=LINE('',#6212,#1310);
#663=LINE('',#6214,#1311);
#664=LINE('',#6215,#1312);
#665=LINE('',#6218,#1313);
#666=LINE('',#6220,#1314);
#667=LINE('',#6222,#1315);
#668=LINE('',#6224,#1316);
#669=LINE('',#6226,#1317);
#670=LINE('',#6227,#1318);
#671=LINE('',#6230,#1319);
#672=LINE('',#6232,#1320);
#673=LINE('',#6234,#1321);
#674=LINE('',#6236,#1322);
#675=LINE('',#6238,#1323);
#676=LINE('',#6239,#1324);
#677=LINE('',#6242,#1325);
#678=LINE('',#6244,#1326);
#679=LINE('',#6246,#1327);
#680=LINE('',#6248,#1328);
#681=LINE('',#6250,#1329);
#682=LINE('',#6251,#1330);
#683=LINE('',#6254,#1331);
#684=LINE('',#6256,#1332);
#685=LINE('',#6258,#1333);
#686=LINE('',#6260,#1334);
#687=LINE('',#6262,#1335);
#688=LINE('',#6263,#1336);
#689=LINE('',#6266,#1337);
#690=LINE('',#6268,#1338);
#691=LINE('',#6270,#1339);
#692=LINE('',#6272,#1340);
#693=LINE('',#6274,#1341);
#694=LINE('',#6275,#1342);
#695=LINE('',#6278,#1343);
#696=LINE('',#6280,#1344);
#697=LINE('',#6282,#1345);
#698=LINE('',#6284,#1346);
#699=LINE('',#6286,#1347);
#700=LINE('',#6287,#1348);
#701=LINE('',#6290,#1349);
#702=LINE('',#6292,#1350);
#703=LINE('',#6294,#1351);
#704=LINE('',#6296,#1352);
#705=LINE('',#6298,#1353);
#706=LINE('',#6299,#1354);
#707=LINE('',#6302,#1355);
#708=LINE('',#6304,#1356);
#709=LINE('',#6306,#1357);
#710=LINE('',#6308,#1358);
#711=LINE('',#6310,#1359);
#712=LINE('',#6311,#1360);
#713=LINE('',#6314,#1361);
#714=LINE('',#6316,#1362);
#715=LINE('',#6318,#1363);
#716=LINE('',#6320,#1364);
#717=LINE('',#6322,#1365);
#718=LINE('',#6323,#1366);
#719=LINE('',#6326,#1367);
#720=LINE('',#6328,#1368);
#721=LINE('',#6330,#1369);
#722=LINE('',#6332,#1370);
#723=LINE('',#6334,#1371);
#724=LINE('',#6335,#1372);
#725=LINE('',#6338,#1373);
#726=LINE('',#6340,#1374);
#727=LINE('',#6342,#1375);
#728=LINE('',#6344,#1376);
#729=LINE('',#6346,#1377);
#730=LINE('',#6347,#1378);
#731=LINE('',#6350,#1379);
#732=LINE('',#6352,#1380);
#733=LINE('',#6354,#1381);
#734=LINE('',#6356,#1382);
#735=LINE('',#6358,#1383);
#736=LINE('',#6359,#1384);
#737=LINE('',#6362,#1385);
#738=LINE('',#6364,#1386);
#739=LINE('',#6366,#1387);
#740=LINE('',#6368,#1388);
#741=LINE('',#6370,#1389);
#742=LINE('',#6371,#1390);
#743=LINE('',#6374,#1391);
#744=LINE('',#6376,#1392);
#745=LINE('',#6378,#1393);
#746=LINE('',#6380,#1394);
#747=LINE('',#6382,#1395);
#748=LINE('',#6383,#1396);
#749=LINE('',#6386,#1397);
#750=LINE('',#6388,#1398);
#751=LINE('',#6390,#1399);
#752=LINE('',#6392,#1400);
#753=LINE('',#6394,#1401);
#754=LINE('',#6395,#1402);
#755=LINE('',#6398,#1403);
#756=LINE('',#6400,#1404);
#757=LINE('',#6402,#1405);
#758=LINE('',#6404,#1406);
#759=LINE('',#6406,#1407);
#760=LINE('',#6407,#1408);
#761=LINE('',#6410,#1409);
#762=LINE('',#6412,#1410);
#763=LINE('',#6414,#1411);
#764=LINE('',#6416,#1412);
#765=LINE('',#6418,#1413);
#766=LINE('',#6419,#1414);
#767=LINE('',#6422,#1415);
#768=LINE('',#6424,#1416);
#769=LINE('',#6426,#1417);
#770=LINE('',#6428,#1418);
#771=LINE('',#6430,#1419);
#772=LINE('',#6431,#1420);
#773=LINE('',#6434,#1421);
#774=LINE('',#6436,#1422);
#775=LINE('',#6438,#1423);
#776=LINE('',#6440,#1424);
#777=LINE('',#6442,#1425);
#778=LINE('',#6443,#1426);
#779=LINE('',#6446,#1427);
#780=LINE('',#6448,#1428);
#781=LINE('',#6450,#1429);
#782=LINE('',#6452,#1430);
#783=LINE('',#6454,#1431);
#784=LINE('',#6455,#1432);
#785=LINE('',#6458,#1433);
#786=LINE('',#6460,#1434);
#787=LINE('',#6462,#1435);
#788=LINE('',#6464,#1436);
#789=LINE('',#6466,#1437);
#790=LINE('',#6467,#1438);
#791=LINE('',#6470,#1439);
#792=LINE('',#6472,#1440);
#793=LINE('',#6474,#1441);
#794=LINE('',#6476,#1442);
#795=LINE('',#6478,#1443);
#796=LINE('',#6479,#1444);
#797=LINE('',#6482,#1445);
#798=LINE('',#6484,#1446);
#799=LINE('',#6486,#1447);
#800=LINE('',#6488,#1448);
#801=LINE('',#6490,#1449);
#802=LINE('',#6491,#1450);
#803=LINE('',#6494,#1451);
#804=LINE('',#6496,#1452);
#805=LINE('',#6497,#1453);
#806=LINE('',#6500,#1454);
#807=LINE('',#6501,#1455);
#808=LINE('',#6504,#1456);
#809=LINE('',#6505,#1457);
#810=LINE('',#6509,#1458);
#811=LINE('',#6511,#1459);
#812=LINE('',#6513,#1460);
#813=LINE('',#6514,#1461);
#814=LINE('',#6517,#1462);
#815=LINE('',#6519,#1463);
#816=LINE('',#6520,#1464);
#817=LINE('',#6524,#1465);
#818=LINE('',#6526,#1466);
#819=LINE('',#6528,#1467);
#820=LINE('',#6529,#1468);
#821=LINE('',#6532,#1469);
#822=LINE('',#6534,#1470);
#823=LINE('',#6535,#1471);
#824=LINE('',#6538,#1472);
#825=LINE('',#6540,#1473);
#826=LINE('',#6541,#1474);
#827=LINE('',#6544,#1475);
#828=LINE('',#6546,#1476);
#829=LINE('',#6547,#1477);
#830=LINE('',#6550,#1478);
#831=LINE('',#6551,#1479);
#832=LINE('',#6557,#1480);
#833=LINE('',#6559,#1481);
#834=LINE('',#6561,#1482);
#835=LINE('',#6562,#1483);
#836=LINE('',#6565,#1484);
#837=LINE('',#6567,#1485);
#838=LINE('',#6568,#1486);
#839=LINE('',#6571,#1487);
#840=LINE('',#6573,#1488);
#841=LINE('',#6574,#1489);
#842=LINE('',#6577,#1490);
#843=LINE('',#6579,#1491);
#844=LINE('',#6580,#1492);
#845=LINE('',#6583,#1493);
#846=LINE('',#6584,#1494);
#847=LINE('',#6590,#1495);
#848=LINE('',#6592,#1496);
#849=LINE('',#6594,#1497);
#850=LINE('',#6595,#1498);
#851=LINE('',#6598,#1499);
#852=LINE('',#6600,#1500);
#853=LINE('',#6601,#1501);
#854=LINE('',#6604,#1502);
#855=LINE('',#6606,#1503);
#856=LINE('',#6607,#1504);
#857=LINE('',#6610,#1505);
#858=LINE('',#6612,#1506);
#859=LINE('',#6613,#1507);
#860=LINE('',#6616,#1508);
#861=LINE('',#6617,#1509);
#862=LINE('',#6623,#1510);
#863=LINE('',#6625,#1511);
#864=LINE('',#6627,#1512);
#865=LINE('',#6628,#1513);
#866=LINE('',#6631,#1514);
#867=LINE('',#6633,#1515);
#868=LINE('',#6634,#1516);
#869=LINE('',#6637,#1517);
#870=LINE('',#6639,#1518);
#871=LINE('',#6640,#1519);
#872=LINE('',#6643,#1520);
#873=LINE('',#6645,#1521);
#874=LINE('',#6646,#1522);
#875=LINE('',#6649,#1523);
#876=LINE('',#6650,#1524);
#877=LINE('',#6655,#1525);
#878=LINE('',#6657,#1526);
#879=LINE('',#6658,#1527);
#880=LINE('',#6659,#1528);
#881=LINE('',#6661,#1529);
#882=LINE('',#6662,#1530);
#883=LINE('',#6664,#1531);
#884=LINE('',#6666,#1532);
#885=LINE('',#6667,#1533);
#886=LINE('',#6669,#1534);
#887=LINE('',#6670,#1535);
#888=LINE('',#6672,#1536);
#889=LINE('',#6673,#1537);
#890=LINE('',#6676,#1538);
#891=LINE('',#6678,#1539);
#892=LINE('',#6680,#1540);
#893=LINE('',#6682,#1541);
#894=LINE('',#6684,#1542);
#895=LINE('',#6685,#1543);
#896=LINE('',#6688,#1544);
#897=LINE('',#6690,#1545);
#898=LINE('',#6692,#1546);
#899=LINE('',#6694,#1547);
#900=LINE('',#6696,#1548);
#901=LINE('',#6697,#1549);
#902=LINE('',#6700,#1550);
#903=LINE('',#6702,#1551);
#904=LINE('',#6704,#1552);
#905=LINE('',#6706,#1553);
#906=LINE('',#6708,#1554);
#907=LINE('',#6709,#1555);
#908=LINE('',#6712,#1556);
#909=LINE('',#6714,#1557);
#910=LINE('',#6716,#1558);
#911=LINE('',#6718,#1559);
#912=LINE('',#6720,#1560);
#913=LINE('',#6721,#1561);
#914=LINE('',#6724,#1562);
#915=LINE('',#6726,#1563);
#916=LINE('',#6728,#1564);
#917=LINE('',#6730,#1565);
#918=LINE('',#6732,#1566);
#919=LINE('',#6733,#1567);
#920=LINE('',#6736,#1568);
#921=LINE('',#6738,#1569);
#922=LINE('',#6740,#1570);
#923=LINE('',#6742,#1571);
#924=LINE('',#6744,#1572);
#925=LINE('',#6745,#1573);
#926=LINE('',#6748,#1574);
#927=LINE('',#6750,#1575);
#928=LINE('',#6752,#1576);
#929=LINE('',#6754,#1577);
#930=LINE('',#6756,#1578);
#931=LINE('',#6757,#1579);
#932=LINE('',#6760,#1580);
#933=LINE('',#6762,#1581);
#934=LINE('',#6764,#1582);
#935=LINE('',#6766,#1583);
#936=LINE('',#6768,#1584);
#937=LINE('',#6769,#1585);
#938=LINE('',#6772,#1586);
#939=LINE('',#6774,#1587);
#940=LINE('',#6776,#1588);
#941=LINE('',#6778,#1589);
#942=LINE('',#6780,#1590);
#943=LINE('',#6781,#1591);
#944=LINE('',#6784,#1592);
#945=LINE('',#6786,#1593);
#946=LINE('',#6788,#1594);
#947=LINE('',#6790,#1595);
#948=LINE('',#6792,#1596);
#949=LINE('',#6793,#1597);
#950=LINE('',#6796,#1598);
#951=LINE('',#6798,#1599);
#952=LINE('',#6800,#1600);
#953=LINE('',#6802,#1601);
#954=LINE('',#6804,#1602);
#955=LINE('',#6805,#1603);
#956=LINE('',#6808,#1604);
#957=LINE('',#6810,#1605);
#958=LINE('',#6812,#1606);
#959=LINE('',#6814,#1607);
#960=LINE('',#6816,#1608);
#961=LINE('',#6817,#1609);
#962=LINE('',#6820,#1610);
#963=LINE('',#6822,#1611);
#964=LINE('',#6824,#1612);
#965=LINE('',#6826,#1613);
#966=LINE('',#6828,#1614);
#967=LINE('',#6829,#1615);
#968=LINE('',#6832,#1616);
#969=LINE('',#6834,#1617);
#970=LINE('',#6836,#1618);
#971=LINE('',#6838,#1619);
#972=LINE('',#6840,#1620);
#973=LINE('',#6841,#1621);
#974=LINE('',#6844,#1622);
#975=LINE('',#6846,#1623);
#976=LINE('',#6848,#1624);
#977=LINE('',#6850,#1625);
#978=LINE('',#6852,#1626);
#979=LINE('',#6853,#1627);
#980=LINE('',#6856,#1628);
#981=LINE('',#6858,#1629);
#982=LINE('',#6860,#1630);
#983=LINE('',#6862,#1631);
#984=LINE('',#6864,#1632);
#985=LINE('',#6865,#1633);
#986=LINE('',#6868,#1634);
#987=LINE('',#6870,#1635);
#988=LINE('',#6872,#1636);
#989=LINE('',#6874,#1637);
#990=LINE('',#6876,#1638);
#991=LINE('',#6877,#1639);
#992=LINE('',#6880,#1640);
#993=LINE('',#6882,#1641);
#994=LINE('',#6884,#1642);
#995=LINE('',#6886,#1643);
#996=LINE('',#6888,#1644);
#997=LINE('',#6889,#1645);
#998=LINE('',#6892,#1646);
#999=LINE('',#6894,#1647);
#1000=LINE('',#6896,#1648);
#1001=LINE('',#6898,#1649);
#1002=LINE('',#6900,#1650);
#1003=LINE('',#6901,#1651);
#1004=LINE('',#6904,#1652);
#1005=LINE('',#6906,#1653);
#1006=LINE('',#6908,#1654);
#1007=LINE('',#6910,#1655);
#1008=LINE('',#6912,#1656);
#1009=LINE('',#6913,#1657);
#1010=LINE('',#6916,#1658);
#1011=LINE('',#6918,#1659);
#1012=LINE('',#6920,#1660);
#1013=LINE('',#6922,#1661);
#1014=LINE('',#6924,#1662);
#1015=LINE('',#6925,#1663);
#1016=LINE('',#6928,#1664);
#1017=LINE('',#6930,#1665);
#1018=LINE('',#6932,#1666);
#1019=LINE('',#6934,#1667);
#1020=LINE('',#6936,#1668);
#1021=LINE('',#6937,#1669);
#1022=LINE('',#6940,#1670);
#1023=LINE('',#6942,#1671);
#1024=LINE('',#6944,#1672);
#1025=LINE('',#6946,#1673);
#1026=LINE('',#6948,#1674);
#1027=LINE('',#6949,#1675);
#1028=LINE('',#6952,#1676);
#1029=LINE('',#6954,#1677);
#1030=LINE('',#6956,#1678);
#1031=LINE('',#6958,#1679);
#1032=LINE('',#6960,#1680);
#1033=LINE('',#6961,#1681);
#1034=LINE('',#6964,#1682);
#1035=LINE('',#6966,#1683);
#1036=LINE('',#6968,#1684);
#1037=LINE('',#6970,#1685);
#1038=LINE('',#6972,#1686);
#1039=LINE('',#6973,#1687);
#1040=LINE('',#6976,#1688);
#1041=LINE('',#6978,#1689);
#1042=LINE('',#6980,#1690);
#1043=LINE('',#6982,#1691);
#1044=LINE('',#6984,#1692);
#1045=LINE('',#6985,#1693);
#1046=LINE('',#6988,#1694);
#1047=LINE('',#6990,#1695);
#1048=LINE('',#6992,#1696);
#1049=LINE('',#6994,#1697);
#1050=LINE('',#6996,#1698);
#1051=LINE('',#6997,#1699);
#1052=LINE('',#7000,#1700);
#1053=LINE('',#7002,#1701);
#1054=LINE('',#7004,#1702);
#1055=LINE('',#7006,#1703);
#1056=LINE('',#7008,#1704);
#1057=LINE('',#7009,#1705);
#1058=LINE('',#7011,#1706);
#1059=LINE('',#7012,#1707);
#1060=LINE('',#7014,#1708);
#1061=LINE('',#7016,#1709);
#1062=LINE('',#7018,#1710);
#1063=LINE('',#7020,#1711);
#1064=LINE('',#7023,#1712);
#1065=LINE('',#7024,#1713);
#1066=LINE('',#7026,#1714);
#1067=LINE('',#7028,#1715);
#1068=LINE('',#7030,#1716);
#1069=LINE('',#7032,#1717);
#1070=LINE('',#7035,#1718);
#1071=LINE('',#7036,#1719);
#1072=LINE('',#7038,#1720);
#1073=LINE('',#7040,#1721);
#1074=LINE('',#7042,#1722);
#1075=LINE('',#7044,#1723);
#1076=LINE('',#7047,#1724);
#1077=LINE('',#7048,#1725);
#1078=LINE('',#7050,#1726);
#1079=LINE('',#7052,#1727);
#1080=LINE('',#7054,#1728);
#1081=LINE('',#7056,#1729);
#1082=LINE('',#7059,#1730);
#1083=LINE('',#7060,#1731);
#1084=LINE('',#7062,#1732);
#1085=LINE('',#7064,#1733);
#1086=LINE('',#7066,#1734);
#1087=LINE('',#7068,#1735);
#1088=LINE('',#7071,#1736);
#1089=LINE('',#7072,#1737);
#1090=LINE('',#7074,#1738);
#1091=LINE('',#7076,#1739);
#1092=LINE('',#7078,#1740);
#1093=LINE('',#7080,#1741);
#1094=LINE('',#7083,#1742);
#1095=LINE('',#7084,#1743);
#1096=LINE('',#7086,#1744);
#1097=LINE('',#7088,#1745);
#1098=LINE('',#7090,#1746);
#1099=LINE('',#7092,#1747);
#1100=LINE('',#7095,#1748);
#1101=LINE('',#7096,#1749);
#1102=LINE('',#7098,#1750);
#1103=LINE('',#7100,#1751);
#1104=LINE('',#7102,#1752);
#1105=LINE('',#7104,#1753);
#1106=LINE('',#7107,#1754);
#1107=LINE('',#7108,#1755);
#1108=LINE('',#7110,#1756);
#1109=LINE('',#7112,#1757);
#1110=LINE('',#7114,#1758);
#1111=LINE('',#7116,#1759);
#1112=LINE('',#7119,#1760);
#1113=LINE('',#7120,#1761);
#1114=LINE('',#7122,#1762);
#1115=LINE('',#7124,#1763);
#1116=LINE('',#7126,#1764);
#1117=LINE('',#7128,#1765);
#1118=LINE('',#7131,#1766);
#1119=LINE('',#7132,#1767);
#1120=LINE('',#7134,#1768);
#1121=LINE('',#7136,#1769);
#1122=LINE('',#7138,#1770);
#1123=LINE('',#7140,#1771);
#1124=LINE('',#7143,#1772);
#1125=LINE('',#7144,#1773);
#1126=LINE('',#7146,#1774);
#1127=LINE('',#7148,#1775);
#1128=LINE('',#7150,#1776);
#1129=LINE('',#7152,#1777);
#1130=LINE('',#7155,#1778);
#1131=LINE('',#7156,#1779);
#1132=LINE('',#7158,#1780);
#1133=LINE('',#7160,#1781);
#1134=LINE('',#7162,#1782);
#1135=LINE('',#7164,#1783);
#1136=LINE('',#7167,#1784);
#1137=LINE('',#7168,#1785);
#1138=LINE('',#7170,#1786);
#1139=LINE('',#7172,#1787);
#1140=LINE('',#7174,#1788);
#1141=LINE('',#7176,#1789);
#1142=LINE('',#7179,#1790);
#1143=LINE('',#7180,#1791);
#1144=LINE('',#7182,#1792);
#1145=LINE('',#7184,#1793);
#1146=LINE('',#7186,#1794);
#1147=LINE('',#7188,#1795);
#1148=LINE('',#7191,#1796);
#1149=LINE('',#7192,#1797);
#1150=LINE('',#7194,#1798);
#1151=LINE('',#7196,#1799);
#1152=LINE('',#7198,#1800);
#1153=LINE('',#7200,#1801);
#1154=LINE('',#7203,#1802);
#1155=LINE('',#7204,#1803);
#1156=LINE('',#7206,#1804);
#1157=LINE('',#7208,#1805);
#1158=LINE('',#7210,#1806);
#1159=LINE('',#7212,#1807);
#1160=LINE('',#7215,#1808);
#1161=LINE('',#7216,#1809);
#1162=LINE('',#7218,#1810);
#1163=LINE('',#7220,#1811);
#1164=LINE('',#7222,#1812);
#1165=LINE('',#7224,#1813);
#1166=LINE('',#7227,#1814);
#1167=LINE('',#7228,#1815);
#1168=LINE('',#7230,#1816);
#1169=LINE('',#7232,#1817);
#1170=LINE('',#7234,#1818);
#1171=LINE('',#7236,#1819);
#1172=LINE('',#7239,#1820);
#1173=LINE('',#7240,#1821);
#1174=LINE('',#7242,#1822);
#1175=LINE('',#7244,#1823);
#1176=LINE('',#7246,#1824);
#1177=LINE('',#7248,#1825);
#1178=LINE('',#7251,#1826);
#1179=LINE('',#7252,#1827);
#1180=LINE('',#7254,#1828);
#1181=LINE('',#7256,#1829);
#1182=LINE('',#7258,#1830);
#1183=LINE('',#7260,#1831);
#1184=LINE('',#7263,#1832);
#1185=LINE('',#7264,#1833);
#1186=LINE('',#7266,#1834);
#1187=LINE('',#7268,#1835);
#1188=LINE('',#7270,#1836);
#1189=LINE('',#7272,#1837);
#1190=LINE('',#7275,#1838);
#1191=LINE('',#7276,#1839);
#1192=LINE('',#7278,#1840);
#1193=LINE('',#7280,#1841);
#1194=LINE('',#7282,#1842);
#1195=LINE('',#7284,#1843);
#1196=LINE('',#7287,#1844);
#1197=LINE('',#7288,#1845);
#1198=LINE('',#7290,#1846);
#1199=LINE('',#7292,#1847);
#1200=LINE('',#7294,#1848);
#1201=LINE('',#7296,#1849);
#1202=LINE('',#7299,#1850);
#1203=LINE('',#7300,#1851);
#1204=LINE('',#7302,#1852);
#1205=LINE('',#7304,#1853);
#1206=LINE('',#7306,#1854);
#1207=LINE('',#7308,#1855);
#1208=LINE('',#7311,#1856);
#1209=LINE('',#7312,#1857);
#1210=LINE('',#7314,#1858);
#1211=LINE('',#7316,#1859);
#1212=LINE('',#7318,#1860);
#1213=LINE('',#7320,#1861);
#1214=LINE('',#7323,#1862);
#1215=LINE('',#7324,#1863);
#1216=LINE('',#7326,#1864);
#1217=LINE('',#7328,#1865);
#1218=LINE('',#7330,#1866);
#1219=LINE('',#7332,#1867);
#1220=LINE('',#7335,#1868);
#1221=LINE('',#7336,#1869);
#1222=LINE('',#7338,#1870);
#1223=LINE('',#7340,#1871);
#1224=LINE('',#7342,#1872);
#1225=LINE('',#7344,#1873);
#1226=LINE('',#7348,#1874);
#1227=LINE('',#7349,#1875);
#1228=LINE('',#7352,#1876);
#1229=LINE('',#7355,#1877);
#1230=LINE('',#7356,#1878);
#1231=LINE('',#7359,#1879);
#1232=LINE('',#7363,#1880);
#1233=LINE('',#7364,#1881);
#1234=LINE('',#7366,#1882);
#1235=LINE('',#7370,#1883);
#1236=LINE('',#7372,#1884);
#1237=LINE('',#7373,#1885);
#1238=LINE('',#7376,#1886);
#1239=LINE('',#7379,#1887);
#1240=LINE('',#7381,#1888);
#1241=LINE('',#7382,#1889);
#1242=LINE('',#7384,#1890);
#1243=LINE('',#7387,#1891);
#1244=LINE('',#7388,#1892);
#1245=LINE('',#7390,#1893);
#1246=LINE('',#7393,#1894);
#1247=VECTOR('',#4975,10.);
#1248=VECTOR('',#4976,10.);
#1249=VECTOR('',#4977,10.);
#1250=VECTOR('',#4978,10.);
#1251=VECTOR('',#4981,10.);
#1252=VECTOR('',#4982,10.);
#1253=VECTOR('',#4983,10.);
#1254=VECTOR('',#4986,10.);
#1255=VECTOR('',#4987,10.);
#1256=VECTOR('',#4988,10.);
#1257=VECTOR('',#4989,10.);
#1258=VECTOR('',#4992,10.);
#1259=VECTOR('',#4993,10.);
#1260=VECTOR('',#4994,10.);
#1261=VECTOR('',#4997,10.);
#1262=VECTOR('',#4998,10.);
#1263=VECTOR('',#4999,10.);
#1264=VECTOR('',#5000,10.);
#1265=VECTOR('',#5003,10.);
#1266=VECTOR('',#5004,10.);
#1267=VECTOR('',#5005,10.);
#1268=VECTOR('',#5006,10.);
#1269=VECTOR('',#5009,10.);
#1270=VECTOR('',#5010,10.);
#1271=VECTOR('',#5011,10.);
#1272=VECTOR('',#5012,10.);
#1273=VECTOR('',#5015,10.);
#1274=VECTOR('',#5016,10.);
#1275=VECTOR('',#5017,10.);
#1276=VECTOR('',#5018,10.);
#1277=VECTOR('',#5021,10.);
#1278=VECTOR('',#5022,10.);
#1279=VECTOR('',#5023,10.);
#1280=VECTOR('',#5024,10.);
#1281=VECTOR('',#5027,10.);
#1282=VECTOR('',#5028,10.);
#1283=VECTOR('',#5029,10.);
#1284=VECTOR('',#5030,10.);
#1285=VECTOR('',#5031,10.);
#1286=VECTOR('',#5032,10.);
#1287=VECTOR('',#5033,10.);
#1288=VECTOR('',#5034,10.);
#1289=VECTOR('',#5035,10.);
#1290=VECTOR('',#5036,10.);
#1291=VECTOR('',#5037,10.);
#1292=VECTOR('',#5038,10.);
#1293=VECTOR('',#5039,10.);
#1294=VECTOR('',#5040,10.);
#1295=VECTOR('',#5041,10.);
#1296=VECTOR('',#5042,10.);
#1297=VECTOR('',#5043,10.);
#1298=VECTOR('',#5044,10.);
#1299=VECTOR('',#5045,10.);
#1300=VECTOR('',#5046,10.);
#1301=VECTOR('',#5047,10.);
#1302=VECTOR('',#5048,10.);
#1303=VECTOR('',#5049,10.);
#1304=VECTOR('',#5050,10.);
#1305=VECTOR('',#5051,10.);
#1306=VECTOR('',#5052,10.);
#1307=VECTOR('',#5053,10.);
#1308=VECTOR('',#5054,10.);
#1309=VECTOR('',#5055,10.);
#1310=VECTOR('',#5056,10.);
#1311=VECTOR('',#5057,10.);
#1312=VECTOR('',#5058,10.);
#1313=VECTOR('',#5059,10.);
#1314=VECTOR('',#5060,10.);
#1315=VECTOR('',#5061,10.);
#1316=VECTOR('',#5062,10.);
#1317=VECTOR('',#5063,10.);
#1318=VECTOR('',#5064,10.);
#1319=VECTOR('',#5065,10.);
#1320=VECTOR('',#5066,10.);
#1321=VECTOR('',#5067,10.);
#1322=VECTOR('',#5068,10.);
#1323=VECTOR('',#5069,10.);
#1324=VECTOR('',#5070,10.);
#1325=VECTOR('',#5071,10.);
#1326=VECTOR('',#5072,10.);
#1327=VECTOR('',#5073,10.);
#1328=VECTOR('',#5074,10.);
#1329=VECTOR('',#5075,10.);
#1330=VECTOR('',#5076,10.);
#1331=VECTOR('',#5077,10.);
#1332=VECTOR('',#5078,10.);
#1333=VECTOR('',#5079,10.);
#1334=VECTOR('',#5080,10.);
#1335=VECTOR('',#5081,10.);
#1336=VECTOR('',#5082,10.);
#1337=VECTOR('',#5083,10.);
#1338=VECTOR('',#5084,10.);
#1339=VECTOR('',#5085,10.);
#1340=VECTOR('',#5086,10.);
#1341=VECTOR('',#5087,10.);
#1342=VECTOR('',#5088,10.);
#1343=VECTOR('',#5089,10.);
#1344=VECTOR('',#5090,10.);
#1345=VECTOR('',#5091,10.);
#1346=VECTOR('',#5092,10.);
#1347=VECTOR('',#5093,10.);
#1348=VECTOR('',#5094,10.);
#1349=VECTOR('',#5095,10.);
#1350=VECTOR('',#5096,10.);
#1351=VECTOR('',#5097,10.);
#1352=VECTOR('',#5098,10.);
#1353=VECTOR('',#5099,10.);
#1354=VECTOR('',#5100,10.);
#1355=VECTOR('',#5101,10.);
#1356=VECTOR('',#5102,10.);
#1357=VECTOR('',#5103,10.);
#1358=VECTOR('',#5104,10.);
#1359=VECTOR('',#5105,10.);
#1360=VECTOR('',#5106,10.);
#1361=VECTOR('',#5107,10.);
#1362=VECTOR('',#5108,10.);
#1363=VECTOR('',#5109,10.);
#1364=VECTOR('',#5110,10.);
#1365=VECTOR('',#5111,10.);
#1366=VECTOR('',#5112,10.);
#1367=VECTOR('',#5113,10.);
#1368=VECTOR('',#5114,10.);
#1369=VECTOR('',#5115,10.);
#1370=VECTOR('',#5116,10.);
#1371=VECTOR('',#5117,10.);
#1372=VECTOR('',#5118,10.);
#1373=VECTOR('',#5119,10.);
#1374=VECTOR('',#5120,10.);
#1375=VECTOR('',#5121,10.);
#1376=VECTOR('',#5122,10.);
#1377=VECTOR('',#5123,10.);
#1378=VECTOR('',#5124,10.);
#1379=VECTOR('',#5125,10.);
#1380=VECTOR('',#5126,10.);
#1381=VECTOR('',#5127,10.);
#1382=VECTOR('',#5128,10.);
#1383=VECTOR('',#5129,10.);
#1384=VECTOR('',#5130,10.);
#1385=VECTOR('',#5131,10.);
#1386=VECTOR('',#5132,10.);
#1387=VECTOR('',#5133,10.);
#1388=VECTOR('',#5134,10.);
#1389=VECTOR('',#5135,10.);
#1390=VECTOR('',#5136,10.);
#1391=VECTOR('',#5137,10.);
#1392=VECTOR('',#5138,10.);
#1393=VECTOR('',#5139,10.);
#1394=VECTOR('',#5140,10.);
#1395=VECTOR('',#5141,10.);
#1396=VECTOR('',#5142,10.);
#1397=VECTOR('',#5143,10.);
#1398=VECTOR('',#5144,10.);
#1399=VECTOR('',#5145,10.);
#1400=VECTOR('',#5146,10.);
#1401=VECTOR('',#5147,10.);
#1402=VECTOR('',#5148,10.);
#1403=VECTOR('',#5149,10.);
#1404=VECTOR('',#5150,10.);
#1405=VECTOR('',#5151,10.);
#1406=VECTOR('',#5152,10.);
#1407=VECTOR('',#5153,10.);
#1408=VECTOR('',#5154,10.);
#1409=VECTOR('',#5155,10.);
#1410=VECTOR('',#5156,10.);
#1411=VECTOR('',#5157,10.);
#1412=VECTOR('',#5158,10.);
#1413=VECTOR('',#5159,10.);
#1414=VECTOR('',#5160,10.);
#1415=VECTOR('',#5161,10.);
#1416=VECTOR('',#5162,10.);
#1417=VECTOR('',#5163,10.);
#1418=VECTOR('',#5164,10.);
#1419=VECTOR('',#5165,10.);
#1420=VECTOR('',#5166,10.);
#1421=VECTOR('',#5167,10.);
#1422=VECTOR('',#5168,10.);
#1423=VECTOR('',#5169,10.);
#1424=VECTOR('',#5170,10.);
#1425=VECTOR('',#5171,10.);
#1426=VECTOR('',#5172,10.);
#1427=VECTOR('',#5173,10.);
#1428=VECTOR('',#5174,10.);
#1429=VECTOR('',#5175,10.);
#1430=VECTOR('',#5176,10.);
#1431=VECTOR('',#5177,10.);
#1432=VECTOR('',#5178,10.);
#1433=VECTOR('',#5179,10.);
#1434=VECTOR('',#5180,10.);
#1435=VECTOR('',#5181,10.);
#1436=VECTOR('',#5182,10.);
#1437=VECTOR('',#5183,10.);
#1438=VECTOR('',#5184,10.);
#1439=VECTOR('',#5185,10.);
#1440=VECTOR('',#5186,10.);
#1441=VECTOR('',#5187,10.);
#1442=VECTOR('',#5188,10.);
#1443=VECTOR('',#5189,10.);
#1444=VECTOR('',#5190,10.);
#1445=VECTOR('',#5191,10.);
#1446=VECTOR('',#5192,10.);
#1447=VECTOR('',#5193,10.);
#1448=VECTOR('',#5194,10.);
#1449=VECTOR('',#5195,10.);
#1450=VECTOR('',#5196,10.);
#1451=VECTOR('',#5199,10.);
#1452=VECTOR('',#5200,10.);
#1453=VECTOR('',#5201,10.);
#1454=VECTOR('',#5204,10.);
#1455=VECTOR('',#5205,10.);
#1456=VECTOR('',#5208,10.);
#1457=VECTOR('',#5209,10.);
#1458=VECTOR('',#5212,10.);
#1459=VECTOR('',#5213,10.);
#1460=VECTOR('',#5214,10.);
#1461=VECTOR('',#5215,10.);
#1462=VECTOR('',#5218,10.);
#1463=VECTOR('',#5219,10.);
#1464=VECTOR('',#5220,10.);
#1465=VECTOR('',#5223,10.);
#1466=VECTOR('',#5224,10.);
#1467=VECTOR('',#5225,10.);
#1468=VECTOR('',#5226,10.);
#1469=VECTOR('',#5229,10.);
#1470=VECTOR('',#5230,10.);
#1471=VECTOR('',#5231,10.);
#1472=VECTOR('',#5234,10.);
#1473=VECTOR('',#5235,10.);
#1474=VECTOR('',#5236,10.);
#1475=VECTOR('',#5239,10.);
#1476=VECTOR('',#5240,10.);
#1477=VECTOR('',#5241,10.);
#1478=VECTOR('',#5244,10.);
#1479=VECTOR('',#5245,10.);
#1480=VECTOR('',#5250,10.);
#1481=VECTOR('',#5251,10.);
#1482=VECTOR('',#5252,10.);
#1483=VECTOR('',#5253,10.);
#1484=VECTOR('',#5256,10.);
#1485=VECTOR('',#5257,10.);
#1486=VECTOR('',#5258,10.);
#1487=VECTOR('',#5261,10.);
#1488=VECTOR('',#5262,10.);
#1489=VECTOR('',#5263,10.);
#1490=VECTOR('',#5266,10.);
#1491=VECTOR('',#5267,10.);
#1492=VECTOR('',#5268,10.);
#1493=VECTOR('',#5271,10.);
#1494=VECTOR('',#5272,10.);
#1495=VECTOR('',#5277,10.);
#1496=VECTOR('',#5278,10.);
#1497=VECTOR('',#5279,10.);
#1498=VECTOR('',#5280,10.);
#1499=VECTOR('',#5283,10.);
#1500=VECTOR('',#5284,10.);
#1501=VECTOR('',#5285,10.);
#1502=VECTOR('',#5288,10.);
#1503=VECTOR('',#5289,10.);
#1504=VECTOR('',#5290,10.);
#1505=VECTOR('',#5293,10.);
#1506=VECTOR('',#5294,10.);
#1507=VECTOR('',#5295,10.);
#1508=VECTOR('',#5298,10.);
#1509=VECTOR('',#5299,10.);
#1510=VECTOR('',#5304,10.);
#1511=VECTOR('',#5305,10.);
#1512=VECTOR('',#5306,10.);
#1513=VECTOR('',#5307,10.);
#1514=VECTOR('',#5310,10.);
#1515=VECTOR('',#5311,10.);
#1516=VECTOR('',#5312,10.);
#1517=VECTOR('',#5315,10.);
#1518=VECTOR('',#5316,10.);
#1519=VECTOR('',#5317,10.);
#1520=VECTOR('',#5320,10.);
#1521=VECTOR('',#5321,10.);
#1522=VECTOR('',#5322,10.);
#1523=VECTOR('',#5325,10.);
#1524=VECTOR('',#5326,10.);
#1525=VECTOR('',#5331,10.);
#1526=VECTOR('',#5332,10.);
#1527=VECTOR('',#5333,10.);
#1528=VECTOR('',#5334,10.);
#1529=VECTOR('',#5335,10.);
#1530=VECTOR('',#5336,10.);
#1531=VECTOR('',#5339,10.);
#1532=VECTOR('',#5340,10.);
#1533=VECTOR('',#5341,10.);
#1534=VECTOR('',#5342,10.);
#1535=VECTOR('',#5343,10.);
#1536=VECTOR('',#5346,10.);
#1537=VECTOR('',#5347,10.);
#1538=VECTOR('',#5348,10.);
#1539=VECTOR('',#5349,10.);
#1540=VECTOR('',#5350,10.);
#1541=VECTOR('',#5351,10.);
#1542=VECTOR('',#5352,10.);
#1543=VECTOR('',#5353,10.);
#1544=VECTOR('',#5354,10.);
#1545=VECTOR('',#5355,10.);
#1546=VECTOR('',#5356,10.);
#1547=VECTOR('',#5357,10.);
#1548=VECTOR('',#5358,10.);
#1549=VECTOR('',#5359,10.);
#1550=VECTOR('',#5360,10.);
#1551=VECTOR('',#5361,10.);
#1552=VECTOR('',#5362,10.);
#1553=VECTOR('',#5363,10.);
#1554=VECTOR('',#5364,10.);
#1555=VECTOR('',#5365,10.);
#1556=VECTOR('',#5366,10.);
#1557=VECTOR('',#5367,10.);
#1558=VECTOR('',#5368,10.);
#1559=VECTOR('',#5369,10.);
#1560=VECTOR('',#5370,10.);
#1561=VECTOR('',#5371,10.);
#1562=VECTOR('',#5372,10.);
#1563=VECTOR('',#5373,10.);
#1564=VECTOR('',#5374,10.);
#1565=VECTOR('',#5375,10.);
#1566=VECTOR('',#5376,10.);
#1567=VECTOR('',#5377,10.);
#1568=VECTOR('',#5378,10.);
#1569=VECTOR('',#5379,10.);
#1570=VECTOR('',#5380,10.);
#1571=VECTOR('',#5381,10.);
#1572=VECTOR('',#5382,10.);
#1573=VECTOR('',#5383,10.);
#1574=VECTOR('',#5384,10.);
#1575=VECTOR('',#5385,10.);
#1576=VECTOR('',#5386,10.);
#1577=VECTOR('',#5387,10.);
#1578=VECTOR('',#5388,10.);
#1579=VECTOR('',#5389,10.);
#1580=VECTOR('',#5390,10.);
#1581=VECTOR('',#5391,10.);
#1582=VECTOR('',#5392,10.);
#1583=VECTOR('',#5393,10.);
#1584=VECTOR('',#5394,10.);
#1585=VECTOR('',#5395,10.);
#1586=VECTOR('',#5396,10.);
#1587=VECTOR('',#5397,10.);
#1588=VECTOR('',#5398,10.);
#1589=VECTOR('',#5399,10.);
#1590=VECTOR('',#5400,10.);
#1591=VECTOR('',#5401,10.);
#1592=VECTOR('',#5402,10.);
#1593=VECTOR('',#5403,10.);
#1594=VECTOR('',#5404,10.);
#1595=VECTOR('',#5405,10.);
#1596=VECTOR('',#5406,10.);
#1597=VECTOR('',#5407,10.);
#1598=VECTOR('',#5408,10.);
#1599=VECTOR('',#5409,10.);
#1600=VECTOR('',#5410,10.);
#1601=VECTOR('',#5411,10.);
#1602=VECTOR('',#5412,10.);
#1603=VECTOR('',#5413,10.);
#1604=VECTOR('',#5414,10.);
#1605=VECTOR('',#5415,10.);
#1606=VECTOR('',#5416,10.);
#1607=VECTOR('',#5417,10.);
#1608=VECTOR('',#5418,10.);
#1609=VECTOR('',#5419,10.);
#1610=VECTOR('',#5420,10.);
#1611=VECTOR('',#5421,10.);
#1612=VECTOR('',#5422,10.);
#1613=VECTOR('',#5423,10.);
#1614=VECTOR('',#5424,10.);
#1615=VECTOR('',#5425,10.);
#1616=VECTOR('',#5426,10.);
#1617=VECTOR('',#5427,10.);
#1618=VECTOR('',#5428,10.);
#1619=VECTOR('',#5429,10.);
#1620=VECTOR('',#5430,10.);
#1621=VECTOR('',#5431,10.);
#1622=VECTOR('',#5432,10.);
#1623=VECTOR('',#5433,10.);
#1624=VECTOR('',#5434,10.);
#1625=VECTOR('',#5435,10.);
#1626=VECTOR('',#5436,10.);
#1627=VECTOR('',#5437,10.);
#1628=VECTOR('',#5438,10.);
#1629=VECTOR('',#5439,10.);
#1630=VECTOR('',#5440,10.);
#1631=VECTOR('',#5441,10.);
#1632=VECTOR('',#5442,10.);
#1633=VECTOR('',#5443,10.);
#1634=VECTOR('',#5444,10.);
#1635=VECTOR('',#5445,10.);
#1636=VECTOR('',#5446,10.);
#1637=VECTOR('',#5447,10.);
#1638=VECTOR('',#5448,10.);
#1639=VECTOR('',#5449,10.);
#1640=VECTOR('',#5450,10.);
#1641=VECTOR('',#5451,10.);
#1642=VECTOR('',#5452,10.);
#1643=VECTOR('',#5453,10.);
#1644=VECTOR('',#5454,10.);
#1645=VECTOR('',#5455,10.);
#1646=VECTOR('',#5456,10.);
#1647=VECTOR('',#5457,10.);
#1648=VECTOR('',#5458,10.);
#1649=VECTOR('',#5459,10.);
#1650=VECTOR('',#5460,10.);
#1651=VECTOR('',#5461,10.);
#1652=VECTOR('',#5462,10.);
#1653=VECTOR('',#5463,10.);
#1654=VECTOR('',#5464,10.);
#1655=VECTOR('',#5465,10.);
#1656=VECTOR('',#5466,10.);
#1657=VECTOR('',#5467,10.);
#1658=VECTOR('',#5468,10.);
#1659=VECTOR('',#5469,10.);
#1660=VECTOR('',#5470,10.);
#1661=VECTOR('',#5471,10.);
#1662=VECTOR('',#5472,10.);
#1663=VECTOR('',#5473,10.);
#1664=VECTOR('',#5474,10.);
#1665=VECTOR('',#5475,10.);
#1666=VECTOR('',#5476,10.);
#1667=VECTOR('',#5477,10.);
#1668=VECTOR('',#5478,10.);
#1669=VECTOR('',#5479,10.);
#1670=VECTOR('',#5480,10.);
#1671=VECTOR('',#5481,10.);
#1672=VECTOR('',#5482,10.);
#1673=VECTOR('',#5483,10.);
#1674=VECTOR('',#5484,10.);
#1675=VECTOR('',#5485,10.);
#1676=VECTOR('',#5486,10.);
#1677=VECTOR('',#5487,10.);
#1678=VECTOR('',#5488,10.);
#1679=VECTOR('',#5489,10.);
#1680=VECTOR('',#5490,10.);
#1681=VECTOR('',#5491,10.);
#1682=VECTOR('',#5492,10.);
#1683=VECTOR('',#5493,10.);
#1684=VECTOR('',#5494,10.);
#1685=VECTOR('',#5495,10.);
#1686=VECTOR('',#5496,10.);
#1687=VECTOR('',#5497,10.);
#1688=VECTOR('',#5498,10.);
#1689=VECTOR('',#5499,10.);
#1690=VECTOR('',#5500,10.);
#1691=VECTOR('',#5501,10.);
#1692=VECTOR('',#5502,10.);
#1693=VECTOR('',#5503,10.);
#1694=VECTOR('',#5504,10.);
#1695=VECTOR('',#5505,10.);
#1696=VECTOR('',#5506,10.);
#1697=VECTOR('',#5507,10.);
#1698=VECTOR('',#5508,10.);
#1699=VECTOR('',#5509,10.);
#1700=VECTOR('',#5510,10.);
#1701=VECTOR('',#5511,10.);
#1702=VECTOR('',#5512,10.);
#1703=VECTOR('',#5513,10.);
#1704=VECTOR('',#5514,10.);
#1705=VECTOR('',#5515,10.);
#1706=VECTOR('',#5518,10.);
#1707=VECTOR('',#5519,10.);
#1708=VECTOR('',#5522,10.);
#1709=VECTOR('',#5525,10.);
#1710=VECTOR('',#5528,10.);
#1711=VECTOR('',#5531,10.);
#1712=VECTOR('',#5536,10.);
#1713=VECTOR('',#5537,10.);
#1714=VECTOR('',#5540,10.);
#1715=VECTOR('',#5543,10.);
#1716=VECTOR('',#5546,10.);
#1717=VECTOR('',#5549,10.);
#1718=VECTOR('',#5554,10.);
#1719=VECTOR('',#5555,10.);
#1720=VECTOR('',#5558,10.);
#1721=VECTOR('',#5561,10.);
#1722=VECTOR('',#5564,10.);
#1723=VECTOR('',#5567,10.);
#1724=VECTOR('',#5572,10.);
#1725=VECTOR('',#5573,10.);
#1726=VECTOR('',#5576,10.);
#1727=VECTOR('',#5579,10.);
#1728=VECTOR('',#5582,10.);
#1729=VECTOR('',#5585,10.);
#1730=VECTOR('',#5590,10.);
#1731=VECTOR('',#5591,10.);
#1732=VECTOR('',#5594,10.);
#1733=VECTOR('',#5597,10.);
#1734=VECTOR('',#5600,10.);
#1735=VECTOR('',#5603,10.);
#1736=VECTOR('',#5608,10.);
#1737=VECTOR('',#5609,10.);
#1738=VECTOR('',#5612,10.);
#1739=VECTOR('',#5615,10.);
#1740=VECTOR('',#5618,10.);
#1741=VECTOR('',#5621,10.);
#1742=VECTOR('',#5626,10.);
#1743=VECTOR('',#5627,10.);
#1744=VECTOR('',#5630,10.);
#1745=VECTOR('',#5633,10.);
#1746=VECTOR('',#5636,10.);
#1747=VECTOR('',#5639,10.);
#1748=VECTOR('',#5644,10.);
#1749=VECTOR('',#5645,10.);
#1750=VECTOR('',#5648,10.);
#1751=VECTOR('',#5651,10.);
#1752=VECTOR('',#5654,10.);
#1753=VECTOR('',#5657,10.);
#1754=VECTOR('',#5662,10.);
#1755=VECTOR('',#5663,10.);
#1756=VECTOR('',#5666,10.);
#1757=VECTOR('',#5669,10.);
#1758=VECTOR('',#5672,10.);
#1759=VECTOR('',#5675,10.);
#1760=VECTOR('',#5680,10.);
#1761=VECTOR('',#5681,10.);
#1762=VECTOR('',#5684,10.);
#1763=VECTOR('',#5687,10.);
#1764=VECTOR('',#5690,10.);
#1765=VECTOR('',#5693,10.);
#1766=VECTOR('',#5698,10.);
#1767=VECTOR('',#5699,10.);
#1768=VECTOR('',#5702,10.);
#1769=VECTOR('',#5705,10.);
#1770=VECTOR('',#5708,10.);
#1771=VECTOR('',#5711,10.);
#1772=VECTOR('',#5716,10.);
#1773=VECTOR('',#5717,10.);
#1774=VECTOR('',#5720,10.);
#1775=VECTOR('',#5723,10.);
#1776=VECTOR('',#5726,10.);
#1777=VECTOR('',#5729,10.);
#1778=VECTOR('',#5734,10.);
#1779=VECTOR('',#5735,10.);
#1780=VECTOR('',#5738,10.);
#1781=VECTOR('',#5741,10.);
#1782=VECTOR('',#5744,10.);
#1783=VECTOR('',#5747,10.);
#1784=VECTOR('',#5752,10.);
#1785=VECTOR('',#5753,10.);
#1786=VECTOR('',#5756,10.);
#1787=VECTOR('',#5759,10.);
#1788=VECTOR('',#5762,10.);
#1789=VECTOR('',#5765,10.);
#1790=VECTOR('',#5770,10.);
#1791=VECTOR('',#5771,10.);
#1792=VECTOR('',#5774,10.);
#1793=VECTOR('',#5777,10.);
#1794=VECTOR('',#5780,10.);
#1795=VECTOR('',#5783,10.);
#1796=VECTOR('',#5788,10.);
#1797=VECTOR('',#5789,10.);
#1798=VECTOR('',#5792,10.);
#1799=VECTOR('',#5795,10.);
#1800=VECTOR('',#5798,10.);
#1801=VECTOR('',#5801,10.);
#1802=VECTOR('',#5806,10.);
#1803=VECTOR('',#5807,10.);
#1804=VECTOR('',#5810,10.);
#1805=VECTOR('',#5813,10.);
#1806=VECTOR('',#5816,10.);
#1807=VECTOR('',#5819,10.);
#1808=VECTOR('',#5824,10.);
#1809=VECTOR('',#5825,10.);
#1810=VECTOR('',#5828,10.);
#1811=VECTOR('',#5831,10.);
#1812=VECTOR('',#5834,10.);
#1813=VECTOR('',#5837,10.);
#1814=VECTOR('',#5842,10.);
#1815=VECTOR('',#5843,10.);
#1816=VECTOR('',#5846,10.);
#1817=VECTOR('',#5849,10.);
#1818=VECTOR('',#5852,10.);
#1819=VECTOR('',#5855,10.);
#1820=VECTOR('',#5860,10.);
#1821=VECTOR('',#5861,10.);
#1822=VECTOR('',#5864,10.);
#1823=VECTOR('',#5867,10.);
#1824=VECTOR('',#5870,10.);
#1825=VECTOR('',#5873,10.);
#1826=VECTOR('',#5878,10.);
#1827=VECTOR('',#5879,10.);
#1828=VECTOR('',#5882,10.);
#1829=VECTOR('',#5885,10.);
#1830=VECTOR('',#5888,10.);
#1831=VECTOR('',#5891,10.);
#1832=VECTOR('',#5896,10.);
#1833=VECTOR('',#5897,10.);
#1834=VECTOR('',#5900,10.);
#1835=VECTOR('',#5903,10.);
#1836=VECTOR('',#5906,10.);
#1837=VECTOR('',#5909,10.);
#1838=VECTOR('',#5914,10.);
#1839=VECTOR('',#5915,10.);
#1840=VECTOR('',#5918,10.);
#1841=VECTOR('',#5921,10.);
#1842=VECTOR('',#5924,10.);
#1843=VECTOR('',#5927,10.);
#1844=VECTOR('',#5932,10.);
#1845=VECTOR('',#5933,10.);
#1846=VECTOR('',#5936,10.);
#1847=VECTOR('',#5939,10.);
#1848=VECTOR('',#5942,10.);
#1849=VECTOR('',#5945,10.);
#1850=VECTOR('',#5950,10.);
#1851=VECTOR('',#5951,10.);
#1852=VECTOR('',#5954,10.);
#1853=VECTOR('',#5957,10.);
#1854=VECTOR('',#5960,10.);
#1855=VECTOR('',#5963,10.);
#1856=VECTOR('',#5968,10.);
#1857=VECTOR('',#5969,10.);
#1858=VECTOR('',#5972,10.);
#1859=VECTOR('',#5975,10.);
#1860=VECTOR('',#5978,10.);
#1861=VECTOR('',#5981,10.);
#1862=VECTOR('',#5986,10.);
#1863=VECTOR('',#5987,10.);
#1864=VECTOR('',#5990,10.);
#1865=VECTOR('',#5993,10.);
#1866=VECTOR('',#5996,10.);
#1867=VECTOR('',#5999,10.);
#1868=VECTOR('',#6004,10.);
#1869=VECTOR('',#6005,10.);
#1870=VECTOR('',#6008,10.);
#1871=VECTOR('',#6011,10.);
#1872=VECTOR('',#6014,10.);
#1873=VECTOR('',#6017,10.);
#1874=VECTOR('',#6022,10.);
#1875=VECTOR('',#6023,10.);
#1876=VECTOR('',#6026,1.);
#1877=VECTOR('',#6031,10.);
#1878=VECTOR('',#6032,10.);
#1879=VECTOR('',#6035,1.);
#1880=VECTOR('',#6040,10.);
#1881=VECTOR('',#6041,10.);
#1882=VECTOR('',#6044,10.);
#1883=VECTOR('',#6049,10.);
#1884=VECTOR('',#6050,10.);
#1885=VECTOR('',#6051,10.);
#1886=VECTOR('',#6054,1.);
#1887=VECTOR('',#6059,10.);
#1888=VECTOR('',#6062,10.);
#1889=VECTOR('',#6063,10.);
#1890=VECTOR('',#6066,10.);
#1891=VECTOR('',#6069,10.);
#1892=VECTOR('',#6070,10.);
#1893=VECTOR('',#6073,10.);
#1894=VECTOR('',#6076,1.);
#1895=VERTEX_POINT('',#6083);
#1896=VERTEX_POINT('',#6084);
#1897=VERTEX_POINT('',#6086);
#1898=VERTEX_POINT('',#6088);
#1899=VERTEX_POINT('',#6092);
#1900=VERTEX_POINT('',#6094);
#1901=VERTEX_POINT('',#6098);
#1902=VERTEX_POINT('',#6099);
#1903=VERTEX_POINT('',#6101);
#1904=VERTEX_POINT('',#6103);
#1905=VERTEX_POINT('',#6107);
#1906=VERTEX_POINT('',#6109);
#1907=VERTEX_POINT('',#6113);
#1908=VERTEX_POINT('',#6115);
#1909=VERTEX_POINT('',#6117);
#1910=VERTEX_POINT('',#6121);
#1911=VERTEX_POINT('',#6123);
#1912=VERTEX_POINT('',#6125);
#1913=VERTEX_POINT('',#6129);
#1914=VERTEX_POINT('',#6131);
#1915=VERTEX_POINT('',#6133);
#1916=VERTEX_POINT('',#6137);
#1917=VERTEX_POINT('',#6139);
#1918=VERTEX_POINT('',#6141);
#1919=VERTEX_POINT('',#6145);
#1920=VERTEX_POINT('',#6146);
#1921=VERTEX_POINT('',#6148);
#1922=VERTEX_POINT('',#6150);
#1923=VERTEX_POINT('',#6156);
#1924=VERTEX_POINT('',#6157);
#1925=VERTEX_POINT('',#6159);
#1926=VERTEX_POINT('',#6161);
#1927=VERTEX_POINT('',#6163);
#1928=VERTEX_POINT('',#6165);
#1929=VERTEX_POINT('',#6168);
#1930=VERTEX_POINT('',#6169);
#1931=VERTEX_POINT('',#6171);
#1932=VERTEX_POINT('',#6173);
#1933=VERTEX_POINT('',#6175);
#1934=VERTEX_POINT('',#6177);
#1935=VERTEX_POINT('',#6180);
#1936=VERTEX_POINT('',#6181);
#1937=VERTEX_POINT('',#6183);
#1938=VERTEX_POINT('',#6185);
#1939=VERTEX_POINT('',#6187);
#1940=VERTEX_POINT('',#6189);
#1941=VERTEX_POINT('',#6192);
#1942=VERTEX_POINT('',#6193);
#1943=VERTEX_POINT('',#6195);
#1944=VERTEX_POINT('',#6197);
#1945=VERTEX_POINT('',#6199);
#1946=VERTEX_POINT('',#6201);
#1947=VERTEX_POINT('',#6204);
#1948=VERTEX_POINT('',#6205);
#1949=VERTEX_POINT('',#6207);
#1950=VERTEX_POINT('',#6209);
#1951=VERTEX_POINT('',#6211);
#1952=VERTEX_POINT('',#6213);
#1953=VERTEX_POINT('',#6216);
#1954=VERTEX_POINT('',#6217);
#1955=VERTEX_POINT('',#6219);
#1956=VERTEX_POINT('',#6221);
#1957=VERTEX_POINT('',#6223);
#1958=VERTEX_POINT('',#6225);
#1959=VERTEX_POINT('',#6228);
#1960=VERTEX_POINT('',#6229);
#1961=VERTEX_POINT('',#6231);
#1962=VERTEX_POINT('',#6233);
#1963=VERTEX_POINT('',#6235);
#1964=VERTEX_POINT('',#6237);
#1965=VERTEX_POINT('',#6240);
#1966=VERTEX_POINT('',#6241);
#1967=VERTEX_POINT('',#6243);
#1968=VERTEX_POINT('',#6245);
#1969=VERTEX_POINT('',#6247);
#1970=VERTEX_POINT('',#6249);
#1971=VERTEX_POINT('',#6252);
#1972=VERTEX_POINT('',#6253);
#1973=VERTEX_POINT('',#6255);
#1974=VERTEX_POINT('',#6257);
#1975=VERTEX_POINT('',#6259);
#1976=VERTEX_POINT('',#6261);
#1977=VERTEX_POINT('',#6264);
#1978=VERTEX_POINT('',#6265);
#1979=VERTEX_POINT('',#6267);
#1980=VERTEX_POINT('',#6269);
#1981=VERTEX_POINT('',#6271);
#1982=VERTEX_POINT('',#6273);
#1983=VERTEX_POINT('',#6276);
#1984=VERTEX_POINT('',#6277);
#1985=VERTEX_POINT('',#6279);
#1986=VERTEX_POINT('',#6281);
#1987=VERTEX_POINT('',#6283);
#1988=VERTEX_POINT('',#6285);
#1989=VERTEX_POINT('',#6288);
#1990=VERTEX_POINT('',#6289);
#1991=VERTEX_POINT('',#6291);
#1992=VERTEX_POINT('',#6293);
#1993=VERTEX_POINT('',#6295);
#1994=VERTEX_POINT('',#6297);
#1995=VERTEX_POINT('',#6300);
#1996=VERTEX_POINT('',#6301);
#1997=VERTEX_POINT('',#6303);
#1998=VERTEX_POINT('',#6305);
#1999=VERTEX_POINT('',#6307);
#2000=VERTEX_POINT('',#6309);
#2001=VERTEX_POINT('',#6312);
#2002=VERTEX_POINT('',#6313);
#2003=VERTEX_POINT('',#6315);
#2004=VERTEX_POINT('',#6317);
#2005=VERTEX_POINT('',#6319);
#2006=VERTEX_POINT('',#6321);
#2007=VERTEX_POINT('',#6324);
#2008=VERTEX_POINT('',#6325);
#2009=VERTEX_POINT('',#6327);
#2010=VERTEX_POINT('',#6329);
#2011=VERTEX_POINT('',#6331);
#2012=VERTEX_POINT('',#6333);
#2013=VERTEX_POINT('',#6336);
#2014=VERTEX_POINT('',#6337);
#2015=VERTEX_POINT('',#6339);
#2016=VERTEX_POINT('',#6341);
#2017=VERTEX_POINT('',#6343);
#2018=VERTEX_POINT('',#6345);
#2019=VERTEX_POINT('',#6348);
#2020=VERTEX_POINT('',#6349);
#2021=VERTEX_POINT('',#6351);
#2022=VERTEX_POINT('',#6353);
#2023=VERTEX_POINT('',#6355);
#2024=VERTEX_POINT('',#6357);
#2025=VERTEX_POINT('',#6360);
#2026=VERTEX_POINT('',#6361);
#2027=VERTEX_POINT('',#6363);
#2028=VERTEX_POINT('',#6365);
#2029=VERTEX_POINT('',#6367);
#2030=VERTEX_POINT('',#6369);
#2031=VERTEX_POINT('',#6372);
#2032=VERTEX_POINT('',#6373);
#2033=VERTEX_POINT('',#6375);
#2034=VERTEX_POINT('',#6377);
#2035=VERTEX_POINT('',#6379);
#2036=VERTEX_POINT('',#6381);
#2037=VERTEX_POINT('',#6384);
#2038=VERTEX_POINT('',#6385);
#2039=VERTEX_POINT('',#6387);
#2040=VERTEX_POINT('',#6389);
#2041=VERTEX_POINT('',#6391);
#2042=VERTEX_POINT('',#6393);
#2043=VERTEX_POINT('',#6396);
#2044=VERTEX_POINT('',#6397);
#2045=VERTEX_POINT('',#6399);
#2046=VERTEX_POINT('',#6401);
#2047=VERTEX_POINT('',#6403);
#2048=VERTEX_POINT('',#6405);
#2049=VERTEX_POINT('',#6408);
#2050=VERTEX_POINT('',#6409);
#2051=VERTEX_POINT('',#6411);
#2052=VERTEX_POINT('',#6413);
#2053=VERTEX_POINT('',#6415);
#2054=VERTEX_POINT('',#6417);
#2055=VERTEX_POINT('',#6420);
#2056=VERTEX_POINT('',#6421);
#2057=VERTEX_POINT('',#6423);
#2058=VERTEX_POINT('',#6425);
#2059=VERTEX_POINT('',#6427);
#2060=VERTEX_POINT('',#6429);
#2061=VERTEX_POINT('',#6432);
#2062=VERTEX_POINT('',#6433);
#2063=VERTEX_POINT('',#6435);
#2064=VERTEX_POINT('',#6437);
#2065=VERTEX_POINT('',#6439);
#2066=VERTEX_POINT('',#6441);
#2067=VERTEX_POINT('',#6444);
#2068=VERTEX_POINT('',#6445);
#2069=VERTEX_POINT('',#6447);
#2070=VERTEX_POINT('',#6449);
#2071=VERTEX_POINT('',#6451);
#2072=VERTEX_POINT('',#6453);
#2073=VERTEX_POINT('',#6456);
#2074=VERTEX_POINT('',#6457);
#2075=VERTEX_POINT('',#6459);
#2076=VERTEX_POINT('',#6461);
#2077=VERTEX_POINT('',#6463);
#2078=VERTEX_POINT('',#6465);
#2079=VERTEX_POINT('',#6468);
#2080=VERTEX_POINT('',#6469);
#2081=VERTEX_POINT('',#6471);
#2082=VERTEX_POINT('',#6473);
#2083=VERTEX_POINT('',#6475);
#2084=VERTEX_POINT('',#6477);
#2085=VERTEX_POINT('',#6480);
#2086=VERTEX_POINT('',#6481);
#2087=VERTEX_POINT('',#6483);
#2088=VERTEX_POINT('',#6485);
#2089=VERTEX_POINT('',#6487);
#2090=VERTEX_POINT('',#6489);
#2091=VERTEX_POINT('',#6493);
#2092=VERTEX_POINT('',#6495);
#2093=VERTEX_POINT('',#6499);
#2094=VERTEX_POINT('',#6503);
#2095=VERTEX_POINT('',#6507);
#2096=VERTEX_POINT('',#6508);
#2097=VERTEX_POINT('',#6510);
#2098=VERTEX_POINT('',#6512);
#2099=VERTEX_POINT('',#6516);
#2100=VERTEX_POINT('',#6518);
#2101=VERTEX_POINT('',#6522);
#2102=VERTEX_POINT('',#6523);
#2103=VERTEX_POINT('',#6525);
#2104=VERTEX_POINT('',#6527);
#2105=VERTEX_POINT('',#6531);
#2106=VERTEX_POINT('',#6533);
#2107=VERTEX_POINT('',#6537);
#2108=VERTEX_POINT('',#6539);
#2109=VERTEX_POINT('',#6543);
#2110=VERTEX_POINT('',#6545);
#2111=VERTEX_POINT('',#6549);
#2112=VERTEX_POINT('',#6552);
#2113=VERTEX_POINT('',#6555);
#2114=VERTEX_POINT('',#6556);
#2115=VERTEX_POINT('',#6558);
#2116=VERTEX_POINT('',#6560);
#2117=VERTEX_POINT('',#6564);
#2118=VERTEX_POINT('',#6566);
#2119=VERTEX_POINT('',#6570);
#2120=VERTEX_POINT('',#6572);
#2121=VERTEX_POINT('',#6576);
#2122=VERTEX_POINT('',#6578);
#2123=VERTEX_POINT('',#6582);
#2124=VERTEX_POINT('',#6585);
#2125=VERTEX_POINT('',#6588);
#2126=VERTEX_POINT('',#6589);
#2127=VERTEX_POINT('',#6591);
#2128=VERTEX_POINT('',#6593);
#2129=VERTEX_POINT('',#6597);
#2130=VERTEX_POINT('',#6599);
#2131=VERTEX_POINT('',#6603);
#2132=VERTEX_POINT('',#6605);
#2133=VERTEX_POINT('',#6609);
#2134=VERTEX_POINT('',#6611);
#2135=VERTEX_POINT('',#6615);
#2136=VERTEX_POINT('',#6618);
#2137=VERTEX_POINT('',#6621);
#2138=VERTEX_POINT('',#6622);
#2139=VERTEX_POINT('',#6624);
#2140=VERTEX_POINT('',#6626);
#2141=VERTEX_POINT('',#6630);
#2142=VERTEX_POINT('',#6632);
#2143=VERTEX_POINT('',#6636);
#2144=VERTEX_POINT('',#6638);
#2145=VERTEX_POINT('',#6642);
#2146=VERTEX_POINT('',#6644);
#2147=VERTEX_POINT('',#6648);
#2148=VERTEX_POINT('',#6651);
#2149=VERTEX_POINT('',#6654);
#2150=VERTEX_POINT('',#6656);
#2151=VERTEX_POINT('',#6660);
#2152=VERTEX_POINT('',#6665);
#2153=VERTEX_POINT('',#6668);
#2154=VERTEX_POINT('',#6674);
#2155=VERTEX_POINT('',#6675);
#2156=VERTEX_POINT('',#6677);
#2157=VERTEX_POINT('',#6679);
#2158=VERTEX_POINT('',#6681);
#2159=VERTEX_POINT('',#6683);
#2160=VERTEX_POINT('',#6686);
#2161=VERTEX_POINT('',#6687);
#2162=VERTEX_POINT('',#6689);
#2163=VERTEX_POINT('',#6691);
#2164=VERTEX_POINT('',#6693);
#2165=VERTEX_POINT('',#6695);
#2166=VERTEX_POINT('',#6698);
#2167=VERTEX_POINT('',#6699);
#2168=VERTEX_POINT('',#6701);
#2169=VERTEX_POINT('',#6703);
#2170=VERTEX_POINT('',#6705);
#2171=VERTEX_POINT('',#6707);
#2172=VERTEX_POINT('',#6710);
#2173=VERTEX_POINT('',#6711);
#2174=VERTEX_POINT('',#6713);
#2175=VERTEX_POINT('',#6715);
#2176=VERTEX_POINT('',#6717);
#2177=VERTEX_POINT('',#6719);
#2178=VERTEX_POINT('',#6722);
#2179=VERTEX_POINT('',#6723);
#2180=VERTEX_POINT('',#6725);
#2181=VERTEX_POINT('',#6727);
#2182=VERTEX_POINT('',#6729);
#2183=VERTEX_POINT('',#6731);
#2184=VERTEX_POINT('',#6734);
#2185=VERTEX_POINT('',#6735);
#2186=VERTEX_POINT('',#6737);
#2187=VERTEX_POINT('',#6739);
#2188=VERTEX_POINT('',#6741);
#2189=VERTEX_POINT('',#6743);
#2190=VERTEX_POINT('',#6746);
#2191=VERTEX_POINT('',#6747);
#2192=VERTEX_POINT('',#6749);
#2193=VERTEX_POINT('',#6751);
#2194=VERTEX_POINT('',#6753);
#2195=VERTEX_POINT('',#6755);
#2196=VERTEX_POINT('',#6758);
#2197=VERTEX_POINT('',#6759);
#2198=VERTEX_POINT('',#6761);
#2199=VERTEX_POINT('',#6763);
#2200=VERTEX_POINT('',#6765);
#2201=VERTEX_POINT('',#6767);
#2202=VERTEX_POINT('',#6770);
#2203=VERTEX_POINT('',#6771);
#2204=VERTEX_POINT('',#6773);
#2205=VERTEX_POINT('',#6775);
#2206=VERTEX_POINT('',#6777);
#2207=VERTEX_POINT('',#6779);
#2208=VERTEX_POINT('',#6782);
#2209=VERTEX_POINT('',#6783);
#2210=VERTEX_POINT('',#6785);
#2211=VERTEX_POINT('',#6787);
#2212=VERTEX_POINT('',#6789);
#2213=VERTEX_POINT('',#6791);
#2214=VERTEX_POINT('',#6794);
#2215=VERTEX_POINT('',#6795);
#2216=VERTEX_POINT('',#6797);
#2217=VERTEX_POINT('',#6799);
#2218=VERTEX_POINT('',#6801);
#2219=VERTEX_POINT('',#6803);
#2220=VERTEX_POINT('',#6806);
#2221=VERTEX_POINT('',#6807);
#2222=VERTEX_POINT('',#6809);
#2223=VERTEX_POINT('',#6811);
#2224=VERTEX_POINT('',#6813);
#2225=VERTEX_POINT('',#6815);
#2226=VERTEX_POINT('',#6818);
#2227=VERTEX_POINT('',#6819);
#2228=VERTEX_POINT('',#6821);
#2229=VERTEX_POINT('',#6823);
#2230=VERTEX_POINT('',#6825);
#2231=VERTEX_POINT('',#6827);
#2232=VERTEX_POINT('',#6830);
#2233=VERTEX_POINT('',#6831);
#2234=VERTEX_POINT('',#6833);
#2235=VERTEX_POINT('',#6835);
#2236=VERTEX_POINT('',#6837);
#2237=VERTEX_POINT('',#6839);
#2238=VERTEX_POINT('',#6842);
#2239=VERTEX_POINT('',#6843);
#2240=VERTEX_POINT('',#6845);
#2241=VERTEX_POINT('',#6847);
#2242=VERTEX_POINT('',#6849);
#2243=VERTEX_POINT('',#6851);
#2244=VERTEX_POINT('',#6854);
#2245=VERTEX_POINT('',#6855);
#2246=VERTEX_POINT('',#6857);
#2247=VERTEX_POINT('',#6859);
#2248=VERTEX_POINT('',#6861);
#2249=VERTEX_POINT('',#6863);
#2250=VERTEX_POINT('',#6866);
#2251=VERTEX_POINT('',#6867);
#2252=VERTEX_POINT('',#6869);
#2253=VERTEX_POINT('',#6871);
#2254=VERTEX_POINT('',#6873);
#2255=VERTEX_POINT('',#6875);
#2256=VERTEX_POINT('',#6878);
#2257=VERTEX_POINT('',#6879);
#2258=VERTEX_POINT('',#6881);
#2259=VERTEX_POINT('',#6883);
#2260=VERTEX_POINT('',#6885);
#2261=VERTEX_POINT('',#6887);
#2262=VERTEX_POINT('',#6890);
#2263=VERTEX_POINT('',#6891);
#2264=VERTEX_POINT('',#6893);
#2265=VERTEX_POINT('',#6895);
#2266=VERTEX_POINT('',#6897);
#2267=VERTEX_POINT('',#6899);
#2268=VERTEX_POINT('',#6902);
#2269=VERTEX_POINT('',#6903);
#2270=VERTEX_POINT('',#6905);
#2271=VERTEX_POINT('',#6907);
#2272=VERTEX_POINT('',#6909);
#2273=VERTEX_POINT('',#6911);
#2274=VERTEX_POINT('',#6914);
#2275=VERTEX_POINT('',#6915);
#2276=VERTEX_POINT('',#6917);
#2277=VERTEX_POINT('',#6919);
#2278=VERTEX_POINT('',#6921);
#2279=VERTEX_POINT('',#6923);
#2280=VERTEX_POINT('',#6926);
#2281=VERTEX_POINT('',#6927);
#2282=VERTEX_POINT('',#6929);
#2283=VERTEX_POINT('',#6931);
#2284=VERTEX_POINT('',#6933);
#2285=VERTEX_POINT('',#6935);
#2286=VERTEX_POINT('',#6938);
#2287=VERTEX_POINT('',#6939);
#2288=VERTEX_POINT('',#6941);
#2289=VERTEX_POINT('',#6943);
#2290=VERTEX_POINT('',#6945);
#2291=VERTEX_POINT('',#6947);
#2292=VERTEX_POINT('',#6950);
#2293=VERTEX_POINT('',#6951);
#2294=VERTEX_POINT('',#6953);
#2295=VERTEX_POINT('',#6955);
#2296=VERTEX_POINT('',#6957);
#2297=VERTEX_POINT('',#6959);
#2298=VERTEX_POINT('',#6962);
#2299=VERTEX_POINT('',#6963);
#2300=VERTEX_POINT('',#6965);
#2301=VERTEX_POINT('',#6967);
#2302=VERTEX_POINT('',#6969);
#2303=VERTEX_POINT('',#6971);
#2304=VERTEX_POINT('',#6974);
#2305=VERTEX_POINT('',#6975);
#2306=VERTEX_POINT('',#6977);
#2307=VERTEX_POINT('',#6979);
#2308=VERTEX_POINT('',#6981);
#2309=VERTEX_POINT('',#6983);
#2310=VERTEX_POINT('',#6986);
#2311=VERTEX_POINT('',#6987);
#2312=VERTEX_POINT('',#6989);
#2313=VERTEX_POINT('',#6991);
#2314=VERTEX_POINT('',#6993);
#2315=VERTEX_POINT('',#6995);
#2316=VERTEX_POINT('',#6998);
#2317=VERTEX_POINT('',#6999);
#2318=VERTEX_POINT('',#7001);
#2319=VERTEX_POINT('',#7003);
#2320=VERTEX_POINT('',#7005);
#2321=VERTEX_POINT('',#7007);
#2322=VERTEX_POINT('',#7347);
#2323=VERTEX_POINT('',#7351);
#2324=VERTEX_POINT('',#7358);
#2325=VERTEX_POINT('',#7362);
#2326=VERTEX_POINT('',#7369);
#2327=VERTEX_POINT('',#7371);
#2328=VERTEX_POINT('',#7375);
#2329=VERTEX_POINT('',#7386);
#2330=VERTEX_POINT('',#7392);
#2331=EDGE_CURVE('',#1895,#1896,#599,.T.);
#2332=EDGE_CURVE('',#1896,#1897,#600,.T.);
#2333=EDGE_CURVE('',#1897,#1898,#601,.T.);
#2334=EDGE_CURVE('',#1895,#1898,#602,.T.);
#2335=EDGE_CURVE('',#1898,#1899,#603,.T.);
#2336=EDGE_CURVE('',#1900,#1897,#604,.T.);
#2337=EDGE_CURVE('',#1899,#1900,#605,.T.);
#2338=EDGE_CURVE('',#1901,#1902,#606,.T.);
#2339=EDGE_CURVE('',#1902,#1903,#607,.T.);
#2340=EDGE_CURVE('',#1903,#1904,#608,.T.);
#2341=EDGE_CURVE('',#1901,#1904,#609,.T.);
#2342=EDGE_CURVE('',#1904,#1905,#610,.T.);
#2343=EDGE_CURVE('',#1906,#1903,#611,.T.);
#2344=EDGE_CURVE('',#1905,#1906,#612,.T.);
#2345=EDGE_CURVE('',#1907,#1896,#613,.T.);
#2346=EDGE_CURVE('',#1896,#1908,#614,.T.);
#2347=EDGE_CURVE('',#1909,#1908,#615,.T.);
#2348=EDGE_CURVE('',#1909,#1907,#616,.T.);
#2349=EDGE_CURVE('',#1910,#1895,#617,.T.);
#2350=EDGE_CURVE('',#1910,#1911,#618,.T.);
#2351=EDGE_CURVE('',#1911,#1912,#619,.T.);
#2352=EDGE_CURVE('',#1912,#1895,#620,.T.);
#2353=EDGE_CURVE('',#1913,#1902,#621,.T.);
#2354=EDGE_CURVE('',#1902,#1914,#622,.T.);
#2355=EDGE_CURVE('',#1915,#1914,#623,.T.);
#2356=EDGE_CURVE('',#1915,#1913,#624,.T.);
#2357=EDGE_CURVE('',#1916,#1901,#625,.T.);
#2358=EDGE_CURVE('',#1917,#1916,#626,.T.);
#2359=EDGE_CURVE('',#1917,#1918,#627,.T.);
#2360=EDGE_CURVE('',#1918,#1901,#628,.T.);
#2361=EDGE_CURVE('',#1919,#1920,#629,.T.);
#2362=EDGE_CURVE('',#1919,#1921,#630,.T.);
#2363=EDGE_CURVE('',#1922,#1921,#631,.T.);
#2364=EDGE_CURVE('',#1922,#1920,#632,.T.);
#2365=EDGE_CURVE('',#1914,#1912,#633,.T.);
#2366=EDGE_CURVE('',#1908,#1918,#634,.T.);
#2367=EDGE_CURVE('',#1923,#1924,#635,.T.);
#2368=EDGE_CURVE('',#1924,#1925,#636,.T.);
#2369=EDGE_CURVE('',#1925,#1926,#637,.T.);
#2370=EDGE_CURVE('',#1926,#1927,#638,.T.);
#2371=EDGE_CURVE('',#1927,#1928,#639,.T.);
#2372=EDGE_CURVE('',#1928,#1923,#640,.T.);
#2373=EDGE_CURVE('',#1929,#1930,#641,.T.);
#2374=EDGE_CURVE('',#1930,#1931,#642,.T.);
#2375=EDGE_CURVE('',#1931,#1932,#643,.T.);
#2376=EDGE_CURVE('',#1932,#1933,#644,.T.);
#2377=EDGE_CURVE('',#1933,#1934,#645,.T.);
#2378=EDGE_CURVE('',#1934,#1929,#646,.T.);
#2379=EDGE_CURVE('',#1935,#1936,#647,.T.);
#2380=EDGE_CURVE('',#1936,#1937,#648,.T.);
#2381=EDGE_CURVE('',#1937,#1938,#649,.T.);
#2382=EDGE_CURVE('',#1938,#1939,#650,.T.);
#2383=EDGE_CURVE('',#1939,#1940,#651,.T.);
#2384=EDGE_CURVE('',#1940,#1935,#652,.T.);
#2385=EDGE_CURVE('',#1941,#1942,#653,.T.);
#2386=EDGE_CURVE('',#1942,#1943,#654,.T.);
#2387=EDGE_CURVE('',#1943,#1944,#655,.T.);
#2388=EDGE_CURVE('',#1944,#1945,#656,.T.);
#2389=EDGE_CURVE('',#1945,#1946,#657,.T.);
#2390=EDGE_CURVE('',#1946,#1941,#658,.T.);
#2391=EDGE_CURVE('',#1947,#1948,#659,.T.);
#2392=EDGE_CURVE('',#1948,#1949,#660,.T.);
#2393=EDGE_CURVE('',#1949,#1950,#661,.T.);
#2394=EDGE_CURVE('',#1950,#1951,#662,.T.);
#2395=EDGE_CURVE('',#1951,#1952,#663,.T.);
#2396=EDGE_CURVE('',#1952,#1947,#664,.T.);
#2397=EDGE_CURVE('',#1953,#1954,#665,.T.);
#2398=EDGE_CURVE('',#1954,#1955,#666,.T.);
#2399=EDGE_CURVE('',#1955,#1956,#667,.T.);
#2400=EDGE_CURVE('',#1956,#1957,#668,.T.);
#2401=EDGE_CURVE('',#1957,#1958,#669,.T.);
#2402=EDGE_CURVE('',#1958,#1953,#670,.T.);
#2403=EDGE_CURVE('',#1959,#1960,#671,.T.);
#2404=EDGE_CURVE('',#1960,#1961,#672,.T.);
#2405=EDGE_CURVE('',#1961,#1962,#673,.T.);
#2406=EDGE_CURVE('',#1962,#1963,#674,.T.);
#2407=EDGE_CURVE('',#1963,#1964,#675,.T.);
#2408=EDGE_CURVE('',#1964,#1959,#676,.T.);
#2409=EDGE_CURVE('',#1965,#1966,#677,.T.);
#2410=EDGE_CURVE('',#1966,#1967,#678,.T.);
#2411=EDGE_CURVE('',#1967,#1968,#679,.T.);
#2412=EDGE_CURVE('',#1968,#1969,#680,.T.);
#2413=EDGE_CURVE('',#1969,#1970,#681,.T.);
#2414=EDGE_CURVE('',#1970,#1965,#682,.T.);
#2415=EDGE_CURVE('',#1971,#1972,#683,.T.);
#2416=EDGE_CURVE('',#1972,#1973,#684,.T.);
#2417=EDGE_CURVE('',#1973,#1974,#685,.T.);
#2418=EDGE_CURVE('',#1974,#1975,#686,.T.);
#2419=EDGE_CURVE('',#1975,#1976,#687,.T.);
#2420=EDGE_CURVE('',#1976,#1971,#688,.T.);
#2421=EDGE_CURVE('',#1977,#1978,#689,.T.);
#2422=EDGE_CURVE('',#1978,#1979,#690,.T.);
#2423=EDGE_CURVE('',#1979,#1980,#691,.T.);
#2424=EDGE_CURVE('',#1980,#1981,#692,.T.);
#2425=EDGE_CURVE('',#1981,#1982,#693,.T.);
#2426=EDGE_CURVE('',#1982,#1977,#694,.T.);
#2427=EDGE_CURVE('',#1983,#1984,#695,.T.);
#2428=EDGE_CURVE('',#1984,#1985,#696,.T.);
#2429=EDGE_CURVE('',#1985,#1986,#697,.T.);
#2430=EDGE_CURVE('',#1986,#1987,#698,.T.);
#2431=EDGE_CURVE('',#1987,#1988,#699,.T.);
#2432=EDGE_CURVE('',#1988,#1983,#700,.T.);
#2433=EDGE_CURVE('',#1989,#1990,#701,.T.);
#2434=EDGE_CURVE('',#1990,#1991,#702,.T.);
#2435=EDGE_CURVE('',#1991,#1992,#703,.T.);
#2436=EDGE_CURVE('',#1992,#1993,#704,.T.);
#2437=EDGE_CURVE('',#1993,#1994,#705,.T.);
#2438=EDGE_CURVE('',#1994,#1989,#706,.T.);
#2439=EDGE_CURVE('',#1995,#1996,#707,.T.);
#2440=EDGE_CURVE('',#1996,#1997,#708,.T.);
#2441=EDGE_CURVE('',#1997,#1998,#709,.T.);
#2442=EDGE_CURVE('',#1998,#1999,#710,.T.);
#2443=EDGE_CURVE('',#1999,#2000,#711,.T.);
#2444=EDGE_CURVE('',#2000,#1995,#712,.T.);
#2445=EDGE_CURVE('',#2001,#2002,#713,.T.);
#2446=EDGE_CURVE('',#2002,#2003,#714,.T.);
#2447=EDGE_CURVE('',#2003,#2004,#715,.T.);
#2448=EDGE_CURVE('',#2004,#2005,#716,.T.);
#2449=EDGE_CURVE('',#2005,#2006,#717,.T.);
#2450=EDGE_CURVE('',#2006,#2001,#718,.T.);
#2451=EDGE_CURVE('',#2007,#2008,#719,.T.);
#2452=EDGE_CURVE('',#2008,#2009,#720,.T.);
#2453=EDGE_CURVE('',#2009,#2010,#721,.T.);
#2454=EDGE_CURVE('',#2010,#2011,#722,.T.);
#2455=EDGE_CURVE('',#2011,#2012,#723,.T.);
#2456=EDGE_CURVE('',#2012,#2007,#724,.T.);
#2457=EDGE_CURVE('',#2013,#2014,#725,.T.);
#2458=EDGE_CURVE('',#2014,#2015,#726,.T.);
#2459=EDGE_CURVE('',#2015,#2016,#727,.T.);
#2460=EDGE_CURVE('',#2016,#2017,#728,.T.);
#2461=EDGE_CURVE('',#2017,#2018,#729,.T.);
#2462=EDGE_CURVE('',#2018,#2013,#730,.T.);
#2463=EDGE_CURVE('',#2019,#2020,#731,.T.);
#2464=EDGE_CURVE('',#2020,#2021,#732,.T.);
#2465=EDGE_CURVE('',#2021,#2022,#733,.T.);
#2466=EDGE_CURVE('',#2022,#2023,#734,.T.);
#2467=EDGE_CURVE('',#2023,#2024,#735,.T.);
#2468=EDGE_CURVE('',#2024,#2019,#736,.T.);
#2469=EDGE_CURVE('',#2025,#2026,#737,.T.);
#2470=EDGE_CURVE('',#2026,#2027,#738,.T.);
#2471=EDGE_CURVE('',#2027,#2028,#739,.T.);
#2472=EDGE_CURVE('',#2028,#2029,#740,.T.);
#2473=EDGE_CURVE('',#2029,#2030,#741,.T.);
#2474=EDGE_CURVE('',#2030,#2025,#742,.T.);
#2475=EDGE_CURVE('',#2031,#2032,#743,.T.);
#2476=EDGE_CURVE('',#2032,#2033,#744,.T.);
#2477=EDGE_CURVE('',#2033,#2034,#745,.T.);
#2478=EDGE_CURVE('',#2034,#2035,#746,.T.);
#2479=EDGE_CURVE('',#2035,#2036,#747,.T.);
#2480=EDGE_CURVE('',#2036,#2031,#748,.T.);
#2481=EDGE_CURVE('',#2037,#2038,#749,.T.);
#2482=EDGE_CURVE('',#2038,#2039,#750,.T.);
#2483=EDGE_CURVE('',#2039,#2040,#751,.T.);
#2484=EDGE_CURVE('',#2040,#2041,#752,.T.);
#2485=EDGE_CURVE('',#2041,#2042,#753,.T.);
#2486=EDGE_CURVE('',#2042,#2037,#754,.T.);
#2487=EDGE_CURVE('',#2043,#2044,#755,.T.);
#2488=EDGE_CURVE('',#2044,#2045,#756,.T.);
#2489=EDGE_CURVE('',#2045,#2046,#757,.T.);
#2490=EDGE_CURVE('',#2046,#2047,#758,.T.);
#2491=EDGE_CURVE('',#2047,#2048,#759,.T.);
#2492=EDGE_CURVE('',#2048,#2043,#760,.T.);
#2493=EDGE_CURVE('',#2049,#2050,#761,.T.);
#2494=EDGE_CURVE('',#2050,#2051,#762,.T.);
#2495=EDGE_CURVE('',#2051,#2052,#763,.T.);
#2496=EDGE_CURVE('',#2052,#2053,#764,.T.);
#2497=EDGE_CURVE('',#2053,#2054,#765,.T.);
#2498=EDGE_CURVE('',#2054,#2049,#766,.T.);
#2499=EDGE_CURVE('',#2055,#2056,#767,.T.);
#2500=EDGE_CURVE('',#2056,#2057,#768,.T.);
#2501=EDGE_CURVE('',#2057,#2058,#769,.T.);
#2502=EDGE_CURVE('',#2058,#2059,#770,.T.);
#2503=EDGE_CURVE('',#2059,#2060,#771,.T.);
#2504=EDGE_CURVE('',#2060,#2055,#772,.T.);
#2505=EDGE_CURVE('',#2061,#2062,#773,.T.);
#2506=EDGE_CURVE('',#2062,#2063,#774,.T.);
#2507=EDGE_CURVE('',#2063,#2064,#775,.T.);
#2508=EDGE_CURVE('',#2064,#2065,#776,.T.);
#2509=EDGE_CURVE('',#2065,#2066,#777,.T.);
#2510=EDGE_CURVE('',#2066,#2061,#778,.T.);
#2511=EDGE_CURVE('',#2067,#2068,#779,.T.);
#2512=EDGE_CURVE('',#2068,#2069,#780,.T.);
#2513=EDGE_CURVE('',#2069,#2070,#781,.T.);
#2514=EDGE_CURVE('',#2070,#2071,#782,.T.);
#2515=EDGE_CURVE('',#2071,#2072,#783,.T.);
#2516=EDGE_CURVE('',#2072,#2067,#784,.T.);
#2517=EDGE_CURVE('',#2073,#2074,#785,.T.);
#2518=EDGE_CURVE('',#2074,#2075,#786,.T.);
#2519=EDGE_CURVE('',#2075,#2076,#787,.T.);
#2520=EDGE_CURVE('',#2076,#2077,#788,.T.);
#2521=EDGE_CURVE('',#2077,#2078,#789,.T.);
#2522=EDGE_CURVE('',#2078,#2073,#790,.T.);
#2523=EDGE_CURVE('',#2079,#2080,#791,.T.);
#2524=EDGE_CURVE('',#2080,#2081,#792,.T.);
#2525=EDGE_CURVE('',#2081,#2082,#793,.T.);
#2526=EDGE_CURVE('',#2082,#2083,#794,.T.);
#2527=EDGE_CURVE('',#2083,#2084,#795,.T.);
#2528=EDGE_CURVE('',#2084,#2079,#796,.T.);
#2529=EDGE_CURVE('',#2085,#2086,#797,.T.);
#2530=EDGE_CURVE('',#2086,#2087,#798,.T.);
#2531=EDGE_CURVE('',#2087,#2088,#799,.T.);
#2532=EDGE_CURVE('',#2088,#2089,#800,.T.);
#2533=EDGE_CURVE('',#2089,#2090,#801,.T.);
#2534=EDGE_CURVE('',#2090,#2085,#802,.T.);
#2535=EDGE_CURVE('',#2091,#1920,#803,.T.);
#2536=EDGE_CURVE('',#2092,#2091,#804,.T.);
#2537=EDGE_CURVE('',#2092,#1919,#805,.T.);
#2538=EDGE_CURVE('',#2093,#1899,#806,.T.);
#2539=EDGE_CURVE('',#1910,#2093,#807,.T.);
#2540=EDGE_CURVE('',#2094,#1905,#808,.T.);
#2541=EDGE_CURVE('',#2094,#1916,#809,.T.);
#2542=EDGE_CURVE('',#2095,#2096,#810,.T.);
#2543=EDGE_CURVE('',#2095,#2097,#811,.T.);
#2544=EDGE_CURVE('',#2098,#2097,#812,.T.);
#2545=EDGE_CURVE('',#2098,#2096,#813,.T.);
#2546=EDGE_CURVE('',#2099,#2097,#814,.T.);
#2547=EDGE_CURVE('',#2099,#2100,#815,.T.);
#2548=EDGE_CURVE('',#2100,#2098,#816,.T.);
#2549=EDGE_CURVE('',#2101,#2102,#817,.T.);
#2550=EDGE_CURVE('',#2101,#2103,#818,.T.);
#2551=EDGE_CURVE('',#2103,#2104,#819,.T.);
#2552=EDGE_CURVE('',#2102,#2104,#820,.T.);
#2553=EDGE_CURVE('',#2105,#2101,#821,.T.);
#2554=EDGE_CURVE('',#2105,#2106,#822,.T.);
#2555=EDGE_CURVE('',#2106,#2103,#823,.T.);
#2556=EDGE_CURVE('',#2107,#2105,#824,.T.);
#2557=EDGE_CURVE('',#2108,#2107,#825,.T.);
#2558=EDGE_CURVE('',#2108,#2106,#826,.T.);
#2559=EDGE_CURVE('',#2102,#2109,#827,.T.);
#2560=EDGE_CURVE('',#2104,#2110,#828,.T.);
#2561=EDGE_CURVE('',#2109,#2110,#829,.T.);
#2562=EDGE_CURVE('',#2111,#2108,#830,.T.);
#2563=EDGE_CURVE('',#2110,#2111,#831,.T.);
#2564=EDGE_CURVE('',#2112,#2112,#19,.T.);
#2565=EDGE_CURVE('',#2113,#2114,#832,.T.);
#2566=EDGE_CURVE('',#2113,#2115,#833,.T.);
#2567=EDGE_CURVE('',#2115,#2116,#834,.T.);
#2568=EDGE_CURVE('',#2114,#2116,#835,.T.);
#2569=EDGE_CURVE('',#2117,#2113,#836,.T.);
#2570=EDGE_CURVE('',#2117,#2118,#837,.T.);
#2571=EDGE_CURVE('',#2118,#2115,#838,.T.);
#2572=EDGE_CURVE('',#2119,#2117,#839,.T.);
#2573=EDGE_CURVE('',#2120,#2119,#840,.T.);
#2574=EDGE_CURVE('',#2120,#2118,#841,.T.);
#2575=EDGE_CURVE('',#2114,#2121,#842,.T.);
#2576=EDGE_CURVE('',#2116,#2122,#843,.T.);
#2577=EDGE_CURVE('',#2121,#2122,#844,.T.);
#2578=EDGE_CURVE('',#2123,#2120,#845,.T.);
#2579=EDGE_CURVE('',#2122,#2123,#846,.T.);
#2580=EDGE_CURVE('',#2124,#2124,#20,.T.);
#2581=EDGE_CURVE('',#2125,#2126,#847,.T.);
#2582=EDGE_CURVE('',#2125,#2127,#848,.T.);
#2583=EDGE_CURVE('',#2127,#2128,#849,.T.);
#2584=EDGE_CURVE('',#2126,#2128,#850,.T.);
#2585=EDGE_CURVE('',#2129,#2125,#851,.T.);
#2586=EDGE_CURVE('',#2129,#2130,#852,.T.);
#2587=EDGE_CURVE('',#2130,#2127,#853,.T.);
#2588=EDGE_CURVE('',#2131,#2129,#854,.T.);
#2589=EDGE_CURVE('',#2131,#2132,#855,.T.);
#2590=EDGE_CURVE('',#2132,#2130,#856,.T.);
#2591=EDGE_CURVE('',#2133,#2131,#857,.T.);
#2592=EDGE_CURVE('',#2134,#2133,#858,.T.);
#2593=EDGE_CURVE('',#2134,#2132,#859,.T.);
#2594=EDGE_CURVE('',#2128,#2135,#860,.T.);
#2595=EDGE_CURVE('',#2135,#2134,#861,.T.);
#2596=EDGE_CURVE('',#2136,#2136,#21,.T.);
#2597=EDGE_CURVE('',#2137,#2138,#862,.T.);
#2598=EDGE_CURVE('',#2137,#2139,#863,.T.);
#2599=EDGE_CURVE('',#2139,#2140,#864,.T.);
#2600=EDGE_CURVE('',#2138,#2140,#865,.T.);
#2601=EDGE_CURVE('',#2141,#2137,#866,.T.);
#2602=EDGE_CURVE('',#2141,#2142,#867,.T.);
#2603=EDGE_CURVE('',#2142,#2139,#868,.T.);
#2604=EDGE_CURVE('',#2143,#2141,#869,.T.);
#2605=EDGE_CURVE('',#2144,#2143,#870,.T.);
#2606=EDGE_CURVE('',#2144,#2142,#871,.T.);
#2607=EDGE_CURVE('',#2138,#2145,#872,.T.);
#2608=EDGE_CURVE('',#2140,#2146,#873,.T.);
#2609=EDGE_CURVE('',#2145,#2146,#874,.T.);
#2610=EDGE_CURVE('',#2147,#2144,#875,.T.);
#2611=EDGE_CURVE('',#2146,#2147,#876,.T.);
#2612=EDGE_CURVE('',#2148,#2148,#22,.T.);
#2613=EDGE_CURVE('',#2149,#1900,#877,.T.);
#2614=EDGE_CURVE('',#2149,#2150,#878,.T.);
#2615=EDGE_CURVE('',#2150,#2111,#879,.T.);
#2616=EDGE_CURVE('',#2121,#2107,#880,.T.);
#2617=EDGE_CURVE('',#2151,#2123,#881,.T.);
#2618=EDGE_CURVE('',#2151,#2093,#882,.T.);
#2619=EDGE_CURVE('',#2145,#2119,#883,.T.);
#2620=EDGE_CURVE('',#2152,#2147,#884,.T.);
#2621=EDGE_CURVE('',#2152,#2091,#885,.T.);
#2622=EDGE_CURVE('',#2153,#1922,#886,.T.);
#2623=EDGE_CURVE('',#2153,#2151,#887,.T.);
#2624=EDGE_CURVE('',#2109,#2133,#888,.T.);
#2625=EDGE_CURVE('',#2126,#2143,#889,.T.);
#2626=EDGE_CURVE('',#2154,#2155,#890,.T.);
#2627=EDGE_CURVE('',#2155,#2156,#891,.T.);
#2628=EDGE_CURVE('',#2156,#2157,#892,.T.);
#2629=EDGE_CURVE('',#2157,#2158,#893,.T.);
#2630=EDGE_CURVE('',#2158,#2159,#894,.T.);
#2631=EDGE_CURVE('',#2159,#2154,#895,.T.);
#2632=EDGE_CURVE('',#2160,#2161,#896,.T.);
#2633=EDGE_CURVE('',#2161,#2162,#897,.T.);
#2634=EDGE_CURVE('',#2162,#2163,#898,.T.);
#2635=EDGE_CURVE('',#2163,#2164,#899,.T.);
#2636=EDGE_CURVE('',#2164,#2165,#900,.T.);
#2637=EDGE_CURVE('',#2165,#2160,#901,.T.);
#2638=EDGE_CURVE('',#2166,#2167,#902,.T.);
#2639=EDGE_CURVE('',#2167,#2168,#903,.T.);
#2640=EDGE_CURVE('',#2168,#2169,#904,.T.);
#2641=EDGE_CURVE('',#2169,#2170,#905,.T.);
#2642=EDGE_CURVE('',#2170,#2171,#906,.T.);
#2643=EDGE_CURVE('',#2171,#2166,#907,.T.);
#2644=EDGE_CURVE('',#2172,#2173,#908,.T.);
#2645=EDGE_CURVE('',#2173,#2174,#909,.T.);
#2646=EDGE_CURVE('',#2174,#2175,#910,.T.);
#2647=EDGE_CURVE('',#2175,#2176,#911,.T.);
#2648=EDGE_CURVE('',#2176,#2177,#912,.T.);
#2649=EDGE_CURVE('',#2177,#2172,#913,.T.);
#2650=EDGE_CURVE('',#2178,#2179,#914,.T.);
#2651=EDGE_CURVE('',#2179,#2180,#915,.T.);
#2652=EDGE_CURVE('',#2180,#2181,#916,.T.);
#2653=EDGE_CURVE('',#2181,#2182,#917,.T.);
#2654=EDGE_CURVE('',#2182,#2183,#918,.T.);
#2655=EDGE_CURVE('',#2183,#2178,#919,.T.);
#2656=EDGE_CURVE('',#2184,#2185,#920,.T.);
#2657=EDGE_CURVE('',#2185,#2186,#921,.T.);
#2658=EDGE_CURVE('',#2186,#2187,#922,.T.);
#2659=EDGE_CURVE('',#2187,#2188,#923,.T.);
#2660=EDGE_CURVE('',#2188,#2189,#924,.T.);
#2661=EDGE_CURVE('',#2189,#2184,#925,.T.);
#2662=EDGE_CURVE('',#2190,#2191,#926,.T.);
#2663=EDGE_CURVE('',#2191,#2192,#927,.T.);
#2664=EDGE_CURVE('',#2192,#2193,#928,.T.);
#2665=EDGE_CURVE('',#2193,#2194,#929,.T.);
#2666=EDGE_CURVE('',#2194,#2195,#930,.T.);
#2667=EDGE_CURVE('',#2195,#2190,#931,.T.);
#2668=EDGE_CURVE('',#2196,#2197,#932,.T.);
#2669=EDGE_CURVE('',#2197,#2198,#933,.T.);
#2670=EDGE_CURVE('',#2198,#2199,#934,.T.);
#2671=EDGE_CURVE('',#2199,#2200,#935,.T.);
#2672=EDGE_CURVE('',#2200,#2201,#936,.T.);
#2673=EDGE_CURVE('',#2201,#2196,#937,.T.);
#2674=EDGE_CURVE('',#2202,#2203,#938,.T.);
#2675=EDGE_CURVE('',#2203,#2204,#939,.T.);
#2676=EDGE_CURVE('',#2204,#2205,#940,.T.);
#2677=EDGE_CURVE('',#2205,#2206,#941,.T.);
#2678=EDGE_CURVE('',#2206,#2207,#942,.T.);
#2679=EDGE_CURVE('',#2207,#2202,#943,.T.);
#2680=EDGE_CURVE('',#2208,#2209,#944,.T.);
#2681=EDGE_CURVE('',#2209,#2210,#945,.T.);
#2682=EDGE_CURVE('',#2210,#2211,#946,.T.);
#2683=EDGE_CURVE('',#2211,#2212,#947,.T.);
#2684=EDGE_CURVE('',#2212,#2213,#948,.T.);
#2685=EDGE_CURVE('',#2213,#2208,#949,.T.);
#2686=EDGE_CURVE('',#2214,#2215,#950,.T.);
#2687=EDGE_CURVE('',#2215,#2216,#951,.T.);
#2688=EDGE_CURVE('',#2216,#2217,#952,.T.);
#2689=EDGE_CURVE('',#2217,#2218,#953,.T.);
#2690=EDGE_CURVE('',#2218,#2219,#954,.T.);
#2691=EDGE_CURVE('',#2219,#2214,#955,.T.);
#2692=EDGE_CURVE('',#2220,#2221,#956,.T.);
#2693=EDGE_CURVE('',#2221,#2222,#957,.T.);
#2694=EDGE_CURVE('',#2222,#2223,#958,.T.);
#2695=EDGE_CURVE('',#2223,#2224,#959,.T.);
#2696=EDGE_CURVE('',#2224,#2225,#960,.T.);
#2697=EDGE_CURVE('',#2225,#2220,#961,.T.);
#2698=EDGE_CURVE('',#2226,#2227,#962,.T.);
#2699=EDGE_CURVE('',#2227,#2228,#963,.T.);
#2700=EDGE_CURVE('',#2228,#2229,#964,.T.);
#2701=EDGE_CURVE('',#2229,#2230,#965,.T.);
#2702=EDGE_CURVE('',#2230,#2231,#966,.T.);
#2703=EDGE_CURVE('',#2231,#2226,#967,.T.);
#2704=EDGE_CURVE('',#2232,#2233,#968,.T.);
#2705=EDGE_CURVE('',#2233,#2234,#969,.T.);
#2706=EDGE_CURVE('',#2234,#2235,#970,.T.);
#2707=EDGE_CURVE('',#2235,#2236,#971,.T.);
#2708=EDGE_CURVE('',#2236,#2237,#972,.T.);
#2709=EDGE_CURVE('',#2237,#2232,#973,.T.);
#2710=EDGE_CURVE('',#2238,#2239,#974,.T.);
#2711=EDGE_CURVE('',#2239,#2240,#975,.T.);
#2712=EDGE_CURVE('',#2240,#2241,#976,.T.);
#2713=EDGE_CURVE('',#2241,#2242,#977,.T.);
#2714=EDGE_CURVE('',#2242,#2243,#978,.T.);
#2715=EDGE_CURVE('',#2243,#2238,#979,.T.);
#2716=EDGE_CURVE('',#2244,#2245,#980,.T.);
#2717=EDGE_CURVE('',#2245,#2246,#981,.T.);
#2718=EDGE_CURVE('',#2246,#2247,#982,.T.);
#2719=EDGE_CURVE('',#2247,#2248,#983,.T.);
#2720=EDGE_CURVE('',#2248,#2249,#984,.T.);
#2721=EDGE_CURVE('',#2249,#2244,#985,.T.);
#2722=EDGE_CURVE('',#2250,#2251,#986,.T.);
#2723=EDGE_CURVE('',#2251,#2252,#987,.T.);
#2724=EDGE_CURVE('',#2252,#2253,#988,.T.);
#2725=EDGE_CURVE('',#2253,#2254,#989,.T.);
#2726=EDGE_CURVE('',#2254,#2255,#990,.T.);
#2727=EDGE_CURVE('',#2255,#2250,#991,.T.);
#2728=EDGE_CURVE('',#2256,#2257,#992,.T.);
#2729=EDGE_CURVE('',#2257,#2258,#993,.T.);
#2730=EDGE_CURVE('',#2258,#2259,#994,.T.);
#2731=EDGE_CURVE('',#2259,#2260,#995,.T.);
#2732=EDGE_CURVE('',#2260,#2261,#996,.T.);
#2733=EDGE_CURVE('',#2261,#2256,#997,.T.);
#2734=EDGE_CURVE('',#2262,#2263,#998,.T.);
#2735=EDGE_CURVE('',#2263,#2264,#999,.T.);
#2736=EDGE_CURVE('',#2264,#2265,#1000,.T.);
#2737=EDGE_CURVE('',#2265,#2266,#1001,.T.);
#2738=EDGE_CURVE('',#2266,#2267,#1002,.T.);
#2739=EDGE_CURVE('',#2267,#2262,#1003,.T.);
#2740=EDGE_CURVE('',#2268,#2269,#1004,.T.);
#2741=EDGE_CURVE('',#2269,#2270,#1005,.T.);
#2742=EDGE_CURVE('',#2270,#2271,#1006,.T.);
#2743=EDGE_CURVE('',#2271,#2272,#1007,.T.);
#2744=EDGE_CURVE('',#2272,#2273,#1008,.T.);
#2745=EDGE_CURVE('',#2273,#2268,#1009,.T.);
#2746=EDGE_CURVE('',#2274,#2275,#1010,.T.);
#2747=EDGE_CURVE('',#2275,#2276,#1011,.T.);
#2748=EDGE_CURVE('',#2276,#2277,#1012,.T.);
#2749=EDGE_CURVE('',#2277,#2278,#1013,.T.);
#2750=EDGE_CURVE('',#2278,#2279,#1014,.T.);
#2751=EDGE_CURVE('',#2279,#2274,#1015,.T.);
#2752=EDGE_CURVE('',#2280,#2281,#1016,.T.);
#2753=EDGE_CURVE('',#2281,#2282,#1017,.T.);
#2754=EDGE_CURVE('',#2282,#2283,#1018,.T.);
#2755=EDGE_CURVE('',#2283,#2284,#1019,.T.);
#2756=EDGE_CURVE('',#2284,#2285,#1020,.T.);
#2757=EDGE_CURVE('',#2285,#2280,#1021,.T.);
#2758=EDGE_CURVE('',#2286,#2287,#1022,.T.);
#2759=EDGE_CURVE('',#2287,#2288,#1023,.T.);
#2760=EDGE_CURVE('',#2288,#2289,#1024,.T.);
#2761=EDGE_CURVE('',#2289,#2290,#1025,.T.);
#2762=EDGE_CURVE('',#2290,#2291,#1026,.T.);
#2763=EDGE_CURVE('',#2291,#2286,#1027,.T.);
#2764=EDGE_CURVE('',#2292,#2293,#1028,.T.);
#2765=EDGE_CURVE('',#2293,#2294,#1029,.T.);
#2766=EDGE_CURVE('',#2294,#2295,#1030,.T.);
#2767=EDGE_CURVE('',#2295,#2296,#1031,.T.);
#2768=EDGE_CURVE('',#2296,#2297,#1032,.T.);
#2769=EDGE_CURVE('',#2297,#2292,#1033,.T.);
#2770=EDGE_CURVE('',#2298,#2299,#1034,.T.);
#2771=EDGE_CURVE('',#2299,#2300,#1035,.T.);
#2772=EDGE_CURVE('',#2300,#2301,#1036,.T.);
#2773=EDGE_CURVE('',#2301,#2302,#1037,.T.);
#2774=EDGE_CURVE('',#2302,#2303,#1038,.T.);
#2775=EDGE_CURVE('',#2303,#2298,#1039,.T.);
#2776=EDGE_CURVE('',#2304,#2305,#1040,.T.);
#2777=EDGE_CURVE('',#2305,#2306,#1041,.T.);
#2778=EDGE_CURVE('',#2306,#2307,#1042,.T.);
#2779=EDGE_CURVE('',#2307,#2308,#1043,.T.);
#2780=EDGE_CURVE('',#2308,#2309,#1044,.T.);
#2781=EDGE_CURVE('',#2309,#2304,#1045,.T.);
#2782=EDGE_CURVE('',#2310,#2311,#1046,.T.);
#2783=EDGE_CURVE('',#2311,#2312,#1047,.T.);
#2784=EDGE_CURVE('',#2312,#2313,#1048,.T.);
#2785=EDGE_CURVE('',#2313,#2314,#1049,.T.);
#2786=EDGE_CURVE('',#2314,#2315,#1050,.T.);
#2787=EDGE_CURVE('',#2315,#2310,#1051,.T.);
#2788=EDGE_CURVE('',#2316,#2317,#1052,.T.);
#2789=EDGE_CURVE('',#2317,#2318,#1053,.T.);
#2790=EDGE_CURVE('',#2318,#2319,#1054,.T.);
#2791=EDGE_CURVE('',#2319,#2320,#1055,.T.);
#2792=EDGE_CURVE('',#2320,#2321,#1056,.T.);
#2793=EDGE_CURVE('',#2321,#2316,#1057,.T.);
#2794=EDGE_CURVE('',#2155,#2085,#1058,.T.);
#2795=EDGE_CURVE('',#2154,#2086,#1059,.T.);
#2796=EDGE_CURVE('',#2159,#2087,#1060,.T.);
#2797=EDGE_CURVE('',#2158,#2088,#1061,.T.);
#2798=EDGE_CURVE('',#2157,#2089,#1062,.T.);
#2799=EDGE_CURVE('',#2156,#2090,#1063,.T.);
#2800=EDGE_CURVE('',#2161,#2079,#1064,.T.);
#2801=EDGE_CURVE('',#2160,#2080,#1065,.T.);
#2802=EDGE_CURVE('',#2165,#2081,#1066,.T.);
#2803=EDGE_CURVE('',#2164,#2082,#1067,.T.);
#2804=EDGE_CURVE('',#2163,#2083,#1068,.T.);
#2805=EDGE_CURVE('',#2162,#2084,#1069,.T.);
#2806=EDGE_CURVE('',#2167,#2073,#1070,.T.);
#2807=EDGE_CURVE('',#2166,#2074,#1071,.T.);
#2808=EDGE_CURVE('',#2171,#2075,#1072,.T.);
#2809=EDGE_CURVE('',#2170,#2076,#1073,.T.);
#2810=EDGE_CURVE('',#2169,#2077,#1074,.T.);
#2811=EDGE_CURVE('',#2168,#2078,#1075,.T.);
#2812=EDGE_CURVE('',#2173,#2067,#1076,.T.);
#2813=EDGE_CURVE('',#2172,#2068,#1077,.T.);
#2814=EDGE_CURVE('',#2177,#2069,#1078,.T.);
#2815=EDGE_CURVE('',#2176,#2070,#1079,.T.);
#2816=EDGE_CURVE('',#2175,#2071,#1080,.T.);
#2817=EDGE_CURVE('',#2174,#2072,#1081,.T.);
#2818=EDGE_CURVE('',#2179,#2061,#1082,.T.);
#2819=EDGE_CURVE('',#2178,#2062,#1083,.T.);
#2820=EDGE_CURVE('',#2183,#2063,#1084,.T.);
#2821=EDGE_CURVE('',#2182,#2064,#1085,.T.);
#2822=EDGE_CURVE('',#2181,#2065,#1086,.T.);
#2823=EDGE_CURVE('',#2180,#2066,#1087,.T.);
#2824=EDGE_CURVE('',#2185,#2055,#1088,.T.);
#2825=EDGE_CURVE('',#2184,#2056,#1089,.T.);
#2826=EDGE_CURVE('',#2189,#2057,#1090,.T.);
#2827=EDGE_CURVE('',#2188,#2058,#1091,.T.);
#2828=EDGE_CURVE('',#2187,#2059,#1092,.T.);
#2829=EDGE_CURVE('',#2186,#2060,#1093,.T.);
#2830=EDGE_CURVE('',#2191,#2049,#1094,.T.);
#2831=EDGE_CURVE('',#2190,#2050,#1095,.T.);
#2832=EDGE_CURVE('',#2195,#2051,#1096,.T.);
#2833=EDGE_CURVE('',#2194,#2052,#1097,.T.);
#2834=EDGE_CURVE('',#2193,#2053,#1098,.T.);
#2835=EDGE_CURVE('',#2192,#2054,#1099,.T.);
#2836=EDGE_CURVE('',#2197,#2043,#1100,.T.);
#2837=EDGE_CURVE('',#2196,#2044,#1101,.T.);
#2838=EDGE_CURVE('',#2201,#2045,#1102,.T.);
#2839=EDGE_CURVE('',#2200,#2046,#1103,.T.);
#2840=EDGE_CURVE('',#2199,#2047,#1104,.T.);
#2841=EDGE_CURVE('',#2198,#2048,#1105,.T.);
#2842=EDGE_CURVE('',#2203,#2037,#1106,.T.);
#2843=EDGE_CURVE('',#2202,#2038,#1107,.T.);
#2844=EDGE_CURVE('',#2207,#2039,#1108,.T.);
#2845=EDGE_CURVE('',#2206,#2040,#1109,.T.);
#2846=EDGE_CURVE('',#2205,#2041,#1110,.T.);
#2847=EDGE_CURVE('',#2204,#2042,#1111,.T.);
#2848=EDGE_CURVE('',#2209,#2031,#1112,.T.);
#2849=EDGE_CURVE('',#2208,#2032,#1113,.T.);
#2850=EDGE_CURVE('',#2213,#2033,#1114,.T.);
#2851=EDGE_CURVE('',#2212,#2034,#1115,.T.);
#2852=EDGE_CURVE('',#2211,#2035,#1116,.T.);
#2853=EDGE_CURVE('',#2210,#2036,#1117,.T.);
#2854=EDGE_CURVE('',#2215,#2025,#1118,.T.);
#2855=EDGE_CURVE('',#2214,#2026,#1119,.T.);
#2856=EDGE_CURVE('',#2219,#2027,#1120,.T.);
#2857=EDGE_CURVE('',#2218,#2028,#1121,.T.);
#2858=EDGE_CURVE('',#2217,#2029,#1122,.T.);
#2859=EDGE_CURVE('',#2216,#2030,#1123,.T.);
#2860=EDGE_CURVE('',#2221,#2019,#1124,.T.);
#2861=EDGE_CURVE('',#2220,#2020,#1125,.T.);
#2862=EDGE_CURVE('',#2225,#2021,#1126,.T.);
#2863=EDGE_CURVE('',#2224,#2022,#1127,.T.);
#2864=EDGE_CURVE('',#2223,#2023,#1128,.T.);
#2865=EDGE_CURVE('',#2222,#2024,#1129,.T.);
#2866=EDGE_CURVE('',#2227,#2013,#1130,.T.);
#2867=EDGE_CURVE('',#2226,#2014,#1131,.T.);
#2868=EDGE_CURVE('',#2231,#2015,#1132,.T.);
#2869=EDGE_CURVE('',#2230,#2016,#1133,.T.);
#2870=EDGE_CURVE('',#2229,#2017,#1134,.T.);
#2871=EDGE_CURVE('',#2228,#2018,#1135,.T.);
#2872=EDGE_CURVE('',#2233,#2007,#1136,.T.);
#2873=EDGE_CURVE('',#2232,#2008,#1137,.T.);
#2874=EDGE_CURVE('',#2237,#2009,#1138,.T.);
#2875=EDGE_CURVE('',#2236,#2010,#1139,.T.);
#2876=EDGE_CURVE('',#2235,#2011,#1140,.T.);
#2877=EDGE_CURVE('',#2234,#2012,#1141,.T.);
#2878=EDGE_CURVE('',#2239,#2001,#1142,.T.);
#2879=EDGE_CURVE('',#2238,#2002,#1143,.T.);
#2880=EDGE_CURVE('',#2243,#2003,#1144,.T.);
#2881=EDGE_CURVE('',#2242,#2004,#1145,.T.);
#2882=EDGE_CURVE('',#2241,#2005,#1146,.T.);
#2883=EDGE_CURVE('',#2240,#2006,#1147,.T.);
#2884=EDGE_CURVE('',#2245,#1995,#1148,.T.);
#2885=EDGE_CURVE('',#2244,#1996,#1149,.T.);
#2886=EDGE_CURVE('',#2249,#1997,#1150,.T.);
#2887=EDGE_CURVE('',#2248,#1998,#1151,.T.);
#2888=EDGE_CURVE('',#2247,#1999,#1152,.T.);
#2889=EDGE_CURVE('',#2246,#2000,#1153,.T.);
#2890=EDGE_CURVE('',#2251,#1989,#1154,.T.);
#2891=EDGE_CURVE('',#2250,#1990,#1155,.T.);
#2892=EDGE_CURVE('',#2255,#1991,#1156,.T.);
#2893=EDGE_CURVE('',#2254,#1992,#1157,.T.);
#2894=EDGE_CURVE('',#2253,#1993,#1158,.T.);
#2895=EDGE_CURVE('',#2252,#1994,#1159,.T.);
#2896=EDGE_CURVE('',#2257,#1983,#1160,.T.);
#2897=EDGE_CURVE('',#2256,#1984,#1161,.T.);
#2898=EDGE_CURVE('',#2261,#1985,#1162,.T.);
#2899=EDGE_CURVE('',#2260,#1986,#1163,.T.);
#2900=EDGE_CURVE('',#2259,#1987,#1164,.T.);
#2901=EDGE_CURVE('',#2258,#1988,#1165,.T.);
#2902=EDGE_CURVE('',#2263,#1977,#1166,.T.);
#2903=EDGE_CURVE('',#2262,#1978,#1167,.T.);
#2904=EDGE_CURVE('',#2267,#1979,#1168,.T.);
#2905=EDGE_CURVE('',#2266,#1980,#1169,.T.);
#2906=EDGE_CURVE('',#2265,#1981,#1170,.T.);
#2907=EDGE_CURVE('',#2264,#1982,#1171,.T.);
#2908=EDGE_CURVE('',#2269,#1971,#1172,.T.);
#2909=EDGE_CURVE('',#2268,#1972,#1173,.T.);
#2910=EDGE_CURVE('',#2273,#1973,#1174,.T.);
#2911=EDGE_CURVE('',#2272,#1974,#1175,.T.);
#2912=EDGE_CURVE('',#2271,#1975,#1176,.T.);
#2913=EDGE_CURVE('',#2270,#1976,#1177,.T.);
#2914=EDGE_CURVE('',#2275,#1965,#1178,.T.);
#2915=EDGE_CURVE('',#2274,#1966,#1179,.T.);
#2916=EDGE_CURVE('',#2279,#1967,#1180,.T.);
#2917=EDGE_CURVE('',#2278,#1968,#1181,.T.);
#2918=EDGE_CURVE('',#2277,#1969,#1182,.T.);
#2919=EDGE_CURVE('',#2276,#1970,#1183,.T.);
#2920=EDGE_CURVE('',#2281,#1959,#1184,.T.);
#2921=EDGE_CURVE('',#2280,#1960,#1185,.T.);
#2922=EDGE_CURVE('',#2285,#1961,#1186,.T.);
#2923=EDGE_CURVE('',#2284,#1962,#1187,.T.);
#2924=EDGE_CURVE('',#2283,#1963,#1188,.T.);
#2925=EDGE_CURVE('',#2282,#1964,#1189,.T.);
#2926=EDGE_CURVE('',#2287,#1953,#1190,.T.);
#2927=EDGE_CURVE('',#2286,#1954,#1191,.T.);
#2928=EDGE_CURVE('',#2291,#1955,#1192,.T.);
#2929=EDGE_CURVE('',#2290,#1956,#1193,.T.);
#2930=EDGE_CURVE('',#2289,#1957,#1194,.T.);
#2931=EDGE_CURVE('',#2288,#1958,#1195,.T.);
#2932=EDGE_CURVE('',#2293,#1947,#1196,.T.);
#2933=EDGE_CURVE('',#2292,#1948,#1197,.T.);
#2934=EDGE_CURVE('',#2297,#1949,#1198,.T.);
#2935=EDGE_CURVE('',#2296,#1950,#1199,.T.);
#2936=EDGE_CURVE('',#2295,#1951,#1200,.T.);
#2937=EDGE_CURVE('',#2294,#1952,#1201,.T.);
#2938=EDGE_CURVE('',#2299,#1941,#1202,.T.);
#2939=EDGE_CURVE('',#2298,#1942,#1203,.T.);
#2940=EDGE_CURVE('',#2303,#1943,#1204,.T.);
#2941=EDGE_CURVE('',#2302,#1944,#1205,.T.);
#2942=EDGE_CURVE('',#2301,#1945,#1206,.T.);
#2943=EDGE_CURVE('',#2300,#1946,#1207,.T.);
#2944=EDGE_CURVE('',#2305,#1935,#1208,.T.);
#2945=EDGE_CURVE('',#2304,#1936,#1209,.T.);
#2946=EDGE_CURVE('',#2309,#1937,#1210,.T.);
#2947=EDGE_CURVE('',#2308,#1938,#1211,.T.);
#2948=EDGE_CURVE('',#2307,#1939,#1212,.T.);
#2949=EDGE_CURVE('',#2306,#1940,#1213,.T.);
#2950=EDGE_CURVE('',#2311,#1929,#1214,.T.);
#2951=EDGE_CURVE('',#2310,#1930,#1215,.T.);
#2952=EDGE_CURVE('',#2315,#1931,#1216,.T.);
#2953=EDGE_CURVE('',#2314,#1932,#1217,.T.);
#2954=EDGE_CURVE('',#2313,#1933,#1218,.T.);
#2955=EDGE_CURVE('',#2312,#1934,#1219,.T.);
#2956=EDGE_CURVE('',#2317,#1923,#1220,.T.);
#2957=EDGE_CURVE('',#2316,#1924,#1221,.T.);
#2958=EDGE_CURVE('',#2321,#1925,#1222,.T.);
#2959=EDGE_CURVE('',#2320,#1926,#1223,.T.);
#2960=EDGE_CURVE('',#2319,#1927,#1224,.T.);
#2961=EDGE_CURVE('',#2318,#1928,#1225,.T.);
#2962=EDGE_CURVE('',#2322,#1913,#1226,.T.);
#2963=EDGE_CURVE('',#2322,#1906,#1227,.T.);
#2964=EDGE_CURVE('',#2148,#2323,#1228,.T.);
#2965=EDGE_CURVE('',#2323,#2323,#23,.T.);
#2966=EDGE_CURVE('',#2092,#1915,#1229,.T.);
#2967=EDGE_CURVE('',#2322,#2152,#1230,.T.);
#2968=EDGE_CURVE('',#2124,#2324,#1231,.T.);
#2969=EDGE_CURVE('',#2324,#2324,#24,.T.);
#2970=EDGE_CURVE('',#2325,#1921,#1232,.T.);
#2971=EDGE_CURVE('',#2153,#2325,#1233,.T.);
#2972=EDGE_CURVE('',#1911,#2325,#1234,.T.);
#2973=EDGE_CURVE('',#2326,#2096,#1235,.T.);
#2974=EDGE_CURVE('',#2327,#2326,#1236,.T.);
#2975=EDGE_CURVE('',#2327,#2095,#1237,.T.);
#2976=EDGE_CURVE('',#2112,#2328,#1238,.T.);
#2977=EDGE_CURVE('',#2328,#2328,#25,.T.);
#2978=EDGE_CURVE('',#2149,#1907,#1239,.T.);
#2979=EDGE_CURVE('',#2099,#1917,#1240,.T.);
#2980=EDGE_CURVE('',#2327,#1909,#1241,.T.);
#2981=EDGE_CURVE('',#2150,#2326,#1242,.T.);
#2982=EDGE_CURVE('',#2329,#2135,#1243,.T.);
#2983=EDGE_CURVE('',#2329,#2094,#1244,.T.);
#2984=EDGE_CURVE('',#2100,#2329,#1245,.T.);
#2985=EDGE_CURVE('',#2136,#2330,#1246,.T.);
#2986=EDGE_CURVE('',#2330,#2330,#26,.T.);
#2987=ORIENTED_EDGE('',*,*,#2331,.T.);
#2988=ORIENTED_EDGE('',*,*,#2332,.T.);
#2989=ORIENTED_EDGE('',*,*,#2333,.T.);
#2990=ORIENTED_EDGE('',*,*,#2334,.F.);
#2991=ORIENTED_EDGE('',*,*,#2335,.F.);
#2992=ORIENTED_EDGE('',*,*,#2333,.F.);
#2993=ORIENTED_EDGE('',*,*,#2336,.F.);
#2994=ORIENTED_EDGE('',*,*,#2337,.F.);
#2995=ORIENTED_EDGE('',*,*,#2338,.T.);
#2996=ORIENTED_EDGE('',*,*,#2339,.T.);
#2997=ORIENTED_EDGE('',*,*,#2340,.T.);
#2998=ORIENTED_EDGE('',*,*,#2341,.F.);
#2999=ORIENTED_EDGE('',*,*,#2342,.F.);
#3000=ORIENTED_EDGE('',*,*,#2340,.F.);
#3001=ORIENTED_EDGE('',*,*,#2343,.F.);
#3002=ORIENTED_EDGE('',*,*,#2344,.F.);
#3003=ORIENTED_EDGE('',*,*,#2345,.T.);
#3004=ORIENTED_EDGE('',*,*,#2346,.T.);
#3005=ORIENTED_EDGE('',*,*,#2347,.F.);
#3006=ORIENTED_EDGE('',*,*,#2348,.T.);
#3007=ORIENTED_EDGE('',*,*,#2349,.F.);
#3008=ORIENTED_EDGE('',*,*,#2350,.T.);
#3009=ORIENTED_EDGE('',*,*,#2351,.T.);
#3010=ORIENTED_EDGE('',*,*,#2352,.T.);
#3011=ORIENTED_EDGE('',*,*,#2353,.T.);
#3012=ORIENTED_EDGE('',*,*,#2354,.T.);
#3013=ORIENTED_EDGE('',*,*,#2355,.F.);
#3014=ORIENTED_EDGE('',*,*,#2356,.T.);
#3015=ORIENTED_EDGE('',*,*,#2357,.F.);
#3016=ORIENTED_EDGE('',*,*,#2358,.F.);
#3017=ORIENTED_EDGE('',*,*,#2359,.T.);
#3018=ORIENTED_EDGE('',*,*,#2360,.T.);
#3019=ORIENTED_EDGE('',*,*,#2361,.F.);
#3020=ORIENTED_EDGE('',*,*,#2362,.T.);
#3021=ORIENTED_EDGE('',*,*,#2363,.F.);
#3022=ORIENTED_EDGE('',*,*,#2364,.T.);
#3023=ORIENTED_EDGE('',*,*,#2365,.F.);
#3024=ORIENTED_EDGE('',*,*,#2354,.F.);
#3025=ORIENTED_EDGE('',*,*,#2338,.F.);
#3026=ORIENTED_EDGE('',*,*,#2360,.F.);
#3027=ORIENTED_EDGE('',*,*,#2366,.F.);
#3028=ORIENTED_EDGE('',*,*,#2346,.F.);
#3029=ORIENTED_EDGE('',*,*,#2331,.F.);
#3030=ORIENTED_EDGE('',*,*,#2352,.F.);
#3031=ORIENTED_EDGE('',*,*,#2367,.T.);
#3032=ORIENTED_EDGE('',*,*,#2368,.T.);
#3033=ORIENTED_EDGE('',*,*,#2369,.T.);
#3034=ORIENTED_EDGE('',*,*,#2370,.T.);
#3035=ORIENTED_EDGE('',*,*,#2371,.T.);
#3036=ORIENTED_EDGE('',*,*,#2372,.T.);
#3037=ORIENTED_EDGE('',*,*,#2373,.T.);
#3038=ORIENTED_EDGE('',*,*,#2374,.T.);
#3039=ORIENTED_EDGE('',*,*,#2375,.T.);
#3040=ORIENTED_EDGE('',*,*,#2376,.T.);
#3041=ORIENTED_EDGE('',*,*,#2377,.T.);
#3042=ORIENTED_EDGE('',*,*,#2378,.T.);
#3043=ORIENTED_EDGE('',*,*,#2379,.T.);
#3044=ORIENTED_EDGE('',*,*,#2380,.T.);
#3045=ORIENTED_EDGE('',*,*,#2381,.T.);
#3046=ORIENTED_EDGE('',*,*,#2382,.T.);
#3047=ORIENTED_EDGE('',*,*,#2383,.T.);
#3048=ORIENTED_EDGE('',*,*,#2384,.T.);
#3049=ORIENTED_EDGE('',*,*,#2385,.T.);
#3050=ORIENTED_EDGE('',*,*,#2386,.T.);
#3051=ORIENTED_EDGE('',*,*,#2387,.T.);
#3052=ORIENTED_EDGE('',*,*,#2388,.T.);
#3053=ORIENTED_EDGE('',*,*,#2389,.T.);
#3054=ORIENTED_EDGE('',*,*,#2390,.T.);
#3055=ORIENTED_EDGE('',*,*,#2391,.T.);
#3056=ORIENTED_EDGE('',*,*,#2392,.T.);
#3057=ORIENTED_EDGE('',*,*,#2393,.T.);
#3058=ORIENTED_EDGE('',*,*,#2394,.T.);
#3059=ORIENTED_EDGE('',*,*,#2395,.T.);
#3060=ORIENTED_EDGE('',*,*,#2396,.T.);
#3061=ORIENTED_EDGE('',*,*,#2397,.T.);
#3062=ORIENTED_EDGE('',*,*,#2398,.T.);
#3063=ORIENTED_EDGE('',*,*,#2399,.T.);
#3064=ORIENTED_EDGE('',*,*,#2400,.T.);
#3065=ORIENTED_EDGE('',*,*,#2401,.T.);
#3066=ORIENTED_EDGE('',*,*,#2402,.T.);
#3067=ORIENTED_EDGE('',*,*,#2403,.T.);
#3068=ORIENTED_EDGE('',*,*,#2404,.T.);
#3069=ORIENTED_EDGE('',*,*,#2405,.T.);
#3070=ORIENTED_EDGE('',*,*,#2406,.T.);
#3071=ORIENTED_EDGE('',*,*,#2407,.T.);
#3072=ORIENTED_EDGE('',*,*,#2408,.T.);
#3073=ORIENTED_EDGE('',*,*,#2409,.T.);
#3074=ORIENTED_EDGE('',*,*,#2410,.T.);
#3075=ORIENTED_EDGE('',*,*,#2411,.T.);
#3076=ORIENTED_EDGE('',*,*,#2412,.T.);
#3077=ORIENTED_EDGE('',*,*,#2413,.T.);
#3078=ORIENTED_EDGE('',*,*,#2414,.T.);
#3079=ORIENTED_EDGE('',*,*,#2415,.T.);
#3080=ORIENTED_EDGE('',*,*,#2416,.T.);
#3081=ORIENTED_EDGE('',*,*,#2417,.T.);
#3082=ORIENTED_EDGE('',*,*,#2418,.T.);
#3083=ORIENTED_EDGE('',*,*,#2419,.T.);
#3084=ORIENTED_EDGE('',*,*,#2420,.T.);
#3085=ORIENTED_EDGE('',*,*,#2421,.T.);
#3086=ORIENTED_EDGE('',*,*,#2422,.T.);
#3087=ORIENTED_EDGE('',*,*,#2423,.T.);
#3088=ORIENTED_EDGE('',*,*,#2424,.T.);
#3089=ORIENTED_EDGE('',*,*,#2425,.T.);
#3090=ORIENTED_EDGE('',*,*,#2426,.T.);
#3091=ORIENTED_EDGE('',*,*,#2427,.T.);
#3092=ORIENTED_EDGE('',*,*,#2428,.T.);
#3093=ORIENTED_EDGE('',*,*,#2429,.T.);
#3094=ORIENTED_EDGE('',*,*,#2430,.T.);
#3095=ORIENTED_EDGE('',*,*,#2431,.T.);
#3096=ORIENTED_EDGE('',*,*,#2432,.T.);
#3097=ORIENTED_EDGE('',*,*,#2433,.T.);
#3098=ORIENTED_EDGE('',*,*,#2434,.T.);
#3099=ORIENTED_EDGE('',*,*,#2435,.T.);
#3100=ORIENTED_EDGE('',*,*,#2436,.T.);
#3101=ORIENTED_EDGE('',*,*,#2437,.T.);
#3102=ORIENTED_EDGE('',*,*,#2438,.T.);
#3103=ORIENTED_EDGE('',*,*,#2439,.T.);
#3104=ORIENTED_EDGE('',*,*,#2440,.T.);
#3105=ORIENTED_EDGE('',*,*,#2441,.T.);
#3106=ORIENTED_EDGE('',*,*,#2442,.T.);
#3107=ORIENTED_EDGE('',*,*,#2443,.T.);
#3108=ORIENTED_EDGE('',*,*,#2444,.T.);
#3109=ORIENTED_EDGE('',*,*,#2445,.T.);
#3110=ORIENTED_EDGE('',*,*,#2446,.T.);
#3111=ORIENTED_EDGE('',*,*,#2447,.T.);
#3112=ORIENTED_EDGE('',*,*,#2448,.T.);
#3113=ORIENTED_EDGE('',*,*,#2449,.T.);
#3114=ORIENTED_EDGE('',*,*,#2450,.T.);
#3115=ORIENTED_EDGE('',*,*,#2451,.T.);
#3116=ORIENTED_EDGE('',*,*,#2452,.T.);
#3117=ORIENTED_EDGE('',*,*,#2453,.T.);
#3118=ORIENTED_EDGE('',*,*,#2454,.T.);
#3119=ORIENTED_EDGE('',*,*,#2455,.T.);
#3120=ORIENTED_EDGE('',*,*,#2456,.T.);
#3121=ORIENTED_EDGE('',*,*,#2457,.T.);
#3122=ORIENTED_EDGE('',*,*,#2458,.T.);
#3123=ORIENTED_EDGE('',*,*,#2459,.T.);
#3124=ORIENTED_EDGE('',*,*,#2460,.T.);
#3125=ORIENTED_EDGE('',*,*,#2461,.T.);
#3126=ORIENTED_EDGE('',*,*,#2462,.T.);
#3127=ORIENTED_EDGE('',*,*,#2463,.T.);
#3128=ORIENTED_EDGE('',*,*,#2464,.T.);
#3129=ORIENTED_EDGE('',*,*,#2465,.T.);
#3130=ORIENTED_EDGE('',*,*,#2466,.T.);
#3131=ORIENTED_EDGE('',*,*,#2467,.T.);
#3132=ORIENTED_EDGE('',*,*,#2468,.T.);
#3133=ORIENTED_EDGE('',*,*,#2469,.T.);
#3134=ORIENTED_EDGE('',*,*,#2470,.T.);
#3135=ORIENTED_EDGE('',*,*,#2471,.T.);
#3136=ORIENTED_EDGE('',*,*,#2472,.T.);
#3137=ORIENTED_EDGE('',*,*,#2473,.T.);
#3138=ORIENTED_EDGE('',*,*,#2474,.T.);
#3139=ORIENTED_EDGE('',*,*,#2475,.T.);
#3140=ORIENTED_EDGE('',*,*,#2476,.T.);
#3141=ORIENTED_EDGE('',*,*,#2477,.T.);
#3142=ORIENTED_EDGE('',*,*,#2478,.T.);
#3143=ORIENTED_EDGE('',*,*,#2479,.T.);
#3144=ORIENTED_EDGE('',*,*,#2480,.T.);
#3145=ORIENTED_EDGE('',*,*,#2481,.T.);
#3146=ORIENTED_EDGE('',*,*,#2482,.T.);
#3147=ORIENTED_EDGE('',*,*,#2483,.T.);
#3148=ORIENTED_EDGE('',*,*,#2484,.T.);
#3149=ORIENTED_EDGE('',*,*,#2485,.T.);
#3150=ORIENTED_EDGE('',*,*,#2486,.T.);
#3151=ORIENTED_EDGE('',*,*,#2487,.T.);
#3152=ORIENTED_EDGE('',*,*,#2488,.T.);
#3153=ORIENTED_EDGE('',*,*,#2489,.T.);
#3154=ORIENTED_EDGE('',*,*,#2490,.T.);
#3155=ORIENTED_EDGE('',*,*,#2491,.T.);
#3156=ORIENTED_EDGE('',*,*,#2492,.T.);
#3157=ORIENTED_EDGE('',*,*,#2493,.T.);
#3158=ORIENTED_EDGE('',*,*,#2494,.T.);
#3159=ORIENTED_EDGE('',*,*,#2495,.T.);
#3160=ORIENTED_EDGE('',*,*,#2496,.T.);
#3161=ORIENTED_EDGE('',*,*,#2497,.T.);
#3162=ORIENTED_EDGE('',*,*,#2498,.T.);
#3163=ORIENTED_EDGE('',*,*,#2499,.T.);
#3164=ORIENTED_EDGE('',*,*,#2500,.T.);
#3165=ORIENTED_EDGE('',*,*,#2501,.T.);
#3166=ORIENTED_EDGE('',*,*,#2502,.T.);
#3167=ORIENTED_EDGE('',*,*,#2503,.T.);
#3168=ORIENTED_EDGE('',*,*,#2504,.T.);
#3169=ORIENTED_EDGE('',*,*,#2505,.T.);
#3170=ORIENTED_EDGE('',*,*,#2506,.T.);
#3171=ORIENTED_EDGE('',*,*,#2507,.T.);
#3172=ORIENTED_EDGE('',*,*,#2508,.T.);
#3173=ORIENTED_EDGE('',*,*,#2509,.T.);
#3174=ORIENTED_EDGE('',*,*,#2510,.T.);
#3175=ORIENTED_EDGE('',*,*,#2511,.T.);
#3176=ORIENTED_EDGE('',*,*,#2512,.T.);
#3177=ORIENTED_EDGE('',*,*,#2513,.T.);
#3178=ORIENTED_EDGE('',*,*,#2514,.T.);
#3179=ORIENTED_EDGE('',*,*,#2515,.T.);
#3180=ORIENTED_EDGE('',*,*,#2516,.T.);
#3181=ORIENTED_EDGE('',*,*,#2517,.T.);
#3182=ORIENTED_EDGE('',*,*,#2518,.T.);
#3183=ORIENTED_EDGE('',*,*,#2519,.T.);
#3184=ORIENTED_EDGE('',*,*,#2520,.T.);
#3185=ORIENTED_EDGE('',*,*,#2521,.T.);
#3186=ORIENTED_EDGE('',*,*,#2522,.T.);
#3187=ORIENTED_EDGE('',*,*,#2523,.T.);
#3188=ORIENTED_EDGE('',*,*,#2524,.T.);
#3189=ORIENTED_EDGE('',*,*,#2525,.T.);
#3190=ORIENTED_EDGE('',*,*,#2526,.T.);
#3191=ORIENTED_EDGE('',*,*,#2527,.T.);
#3192=ORIENTED_EDGE('',*,*,#2528,.T.);
#3193=ORIENTED_EDGE('',*,*,#2529,.T.);
#3194=ORIENTED_EDGE('',*,*,#2530,.T.);
#3195=ORIENTED_EDGE('',*,*,#2531,.T.);
#3196=ORIENTED_EDGE('',*,*,#2532,.T.);
#3197=ORIENTED_EDGE('',*,*,#2533,.T.);
#3198=ORIENTED_EDGE('',*,*,#2534,.T.);
#3199=ORIENTED_EDGE('',*,*,#2361,.T.);
#3200=ORIENTED_EDGE('',*,*,#2535,.F.);
#3201=ORIENTED_EDGE('',*,*,#2536,.F.);
#3202=ORIENTED_EDGE('',*,*,#2537,.T.);
#3203=ORIENTED_EDGE('',*,*,#2538,.F.);
#3204=ORIENTED_EDGE('',*,*,#2539,.F.);
#3205=ORIENTED_EDGE('',*,*,#2349,.T.);
#3206=ORIENTED_EDGE('',*,*,#2334,.T.);
#3207=ORIENTED_EDGE('',*,*,#2335,.T.);
#3208=ORIENTED_EDGE('',*,*,#2540,.F.);
#3209=ORIENTED_EDGE('',*,*,#2541,.T.);
#3210=ORIENTED_EDGE('',*,*,#2357,.T.);
#3211=ORIENTED_EDGE('',*,*,#2341,.T.);
#3212=ORIENTED_EDGE('',*,*,#2342,.T.);
#3213=ORIENTED_EDGE('',*,*,#2542,.F.);
#3214=ORIENTED_EDGE('',*,*,#2543,.T.);
#3215=ORIENTED_EDGE('',*,*,#2544,.F.);
#3216=ORIENTED_EDGE('',*,*,#2545,.T.);
#3217=ORIENTED_EDGE('',*,*,#2544,.T.);
#3218=ORIENTED_EDGE('',*,*,#2546,.F.);
#3219=ORIENTED_EDGE('',*,*,#2547,.T.);
#3220=ORIENTED_EDGE('',*,*,#2548,.T.);
#3221=ORIENTED_EDGE('',*,*,#2549,.F.);
#3222=ORIENTED_EDGE('',*,*,#2550,.T.);
#3223=ORIENTED_EDGE('',*,*,#2551,.T.);
#3224=ORIENTED_EDGE('',*,*,#2552,.F.);
#3225=ORIENTED_EDGE('',*,*,#2553,.F.);
#3226=ORIENTED_EDGE('',*,*,#2554,.T.);
#3227=ORIENTED_EDGE('',*,*,#2555,.T.);
#3228=ORIENTED_EDGE('',*,*,#2550,.F.);
#3229=ORIENTED_EDGE('',*,*,#2556,.F.);
#3230=ORIENTED_EDGE('',*,*,#2557,.F.);
#3231=ORIENTED_EDGE('',*,*,#2558,.T.);
#3232=ORIENTED_EDGE('',*,*,#2554,.F.);
#3233=ORIENTED_EDGE('',*,*,#2559,.F.);
#3234=ORIENTED_EDGE('',*,*,#2552,.T.);
#3235=ORIENTED_EDGE('',*,*,#2560,.T.);
#3236=ORIENTED_EDGE('',*,*,#2561,.F.);
#3237=ORIENTED_EDGE('',*,*,#2560,.F.);
#3238=ORIENTED_EDGE('',*,*,#2551,.F.);
#3239=ORIENTED_EDGE('',*,*,#2555,.F.);
#3240=ORIENTED_EDGE('',*,*,#2558,.F.);
#3241=ORIENTED_EDGE('',*,*,#2562,.F.);
#3242=ORIENTED_EDGE('',*,*,#2563,.F.);
#3243=ORIENTED_EDGE('',*,*,#2564,.F.);
#3244=ORIENTED_EDGE('',*,*,#2565,.F.);
#3245=ORIENTED_EDGE('',*,*,#2566,.T.);
#3246=ORIENTED_EDGE('',*,*,#2567,.T.);
#3247=ORIENTED_EDGE('',*,*,#2568,.F.);
#3248=ORIENTED_EDGE('',*,*,#2569,.F.);
#3249=ORIENTED_EDGE('',*,*,#2570,.T.);
#3250=ORIENTED_EDGE('',*,*,#2571,.T.);
#3251=ORIENTED_EDGE('',*,*,#2566,.F.);
#3252=ORIENTED_EDGE('',*,*,#2572,.F.);
#3253=ORIENTED_EDGE('',*,*,#2573,.F.);
#3254=ORIENTED_EDGE('',*,*,#2574,.T.);
#3255=ORIENTED_EDGE('',*,*,#2570,.F.);
#3256=ORIENTED_EDGE('',*,*,#2575,.F.);
#3257=ORIENTED_EDGE('',*,*,#2568,.T.);
#3258=ORIENTED_EDGE('',*,*,#2576,.T.);
#3259=ORIENTED_EDGE('',*,*,#2577,.F.);
#3260=ORIENTED_EDGE('',*,*,#2576,.F.);
#3261=ORIENTED_EDGE('',*,*,#2567,.F.);
#3262=ORIENTED_EDGE('',*,*,#2571,.F.);
#3263=ORIENTED_EDGE('',*,*,#2574,.F.);
#3264=ORIENTED_EDGE('',*,*,#2578,.F.);
#3265=ORIENTED_EDGE('',*,*,#2579,.F.);
#3266=ORIENTED_EDGE('',*,*,#2580,.F.);
#3267=ORIENTED_EDGE('',*,*,#2581,.F.);
#3268=ORIENTED_EDGE('',*,*,#2582,.T.);
#3269=ORIENTED_EDGE('',*,*,#2583,.T.);
#3270=ORIENTED_EDGE('',*,*,#2584,.F.);
#3271=ORIENTED_EDGE('',*,*,#2585,.F.);
#3272=ORIENTED_EDGE('',*,*,#2586,.T.);
#3273=ORIENTED_EDGE('',*,*,#2587,.T.);
#3274=ORIENTED_EDGE('',*,*,#2582,.F.);
#3275=ORIENTED_EDGE('',*,*,#2588,.F.);
#3276=ORIENTED_EDGE('',*,*,#2589,.T.);
#3277=ORIENTED_EDGE('',*,*,#2590,.T.);
#3278=ORIENTED_EDGE('',*,*,#2586,.F.);
#3279=ORIENTED_EDGE('',*,*,#2591,.F.);
#3280=ORIENTED_EDGE('',*,*,#2592,.F.);
#3281=ORIENTED_EDGE('',*,*,#2593,.T.);
#3282=ORIENTED_EDGE('',*,*,#2589,.F.);
#3283=ORIENTED_EDGE('',*,*,#2594,.F.);
#3284=ORIENTED_EDGE('',*,*,#2583,.F.);
#3285=ORIENTED_EDGE('',*,*,#2587,.F.);
#3286=ORIENTED_EDGE('',*,*,#2590,.F.);
#3287=ORIENTED_EDGE('',*,*,#2593,.F.);
#3288=ORIENTED_EDGE('',*,*,#2595,.F.);
#3289=ORIENTED_EDGE('',*,*,#2596,.F.);
#3290=ORIENTED_EDGE('',*,*,#2597,.F.);
#3291=ORIENTED_EDGE('',*,*,#2598,.T.);
#3292=ORIENTED_EDGE('',*,*,#2599,.T.);
#3293=ORIENTED_EDGE('',*,*,#2600,.F.);
#3294=ORIENTED_EDGE('',*,*,#2601,.F.);
#3295=ORIENTED_EDGE('',*,*,#2602,.T.);
#3296=ORIENTED_EDGE('',*,*,#2603,.T.);
#3297=ORIENTED_EDGE('',*,*,#2598,.F.);
#3298=ORIENTED_EDGE('',*,*,#2604,.F.);
#3299=ORIENTED_EDGE('',*,*,#2605,.F.);
#3300=ORIENTED_EDGE('',*,*,#2606,.T.);
#3301=ORIENTED_EDGE('',*,*,#2602,.F.);
#3302=ORIENTED_EDGE('',*,*,#2607,.F.);
#3303=ORIENTED_EDGE('',*,*,#2600,.T.);
#3304=ORIENTED_EDGE('',*,*,#2608,.T.);
#3305=ORIENTED_EDGE('',*,*,#2609,.F.);
#3306=ORIENTED_EDGE('',*,*,#2608,.F.);
#3307=ORIENTED_EDGE('',*,*,#2599,.F.);
#3308=ORIENTED_EDGE('',*,*,#2603,.F.);
#3309=ORIENTED_EDGE('',*,*,#2606,.F.);
#3310=ORIENTED_EDGE('',*,*,#2610,.F.);
#3311=ORIENTED_EDGE('',*,*,#2611,.F.);
#3312=ORIENTED_EDGE('',*,*,#2612,.F.);
#3313=ORIENTED_EDGE('',*,*,#2613,.F.);
#3314=ORIENTED_EDGE('',*,*,#2614,.T.);
#3315=ORIENTED_EDGE('',*,*,#2615,.T.);
#3316=ORIENTED_EDGE('',*,*,#2562,.T.);
#3317=ORIENTED_EDGE('',*,*,#2557,.T.);
#3318=ORIENTED_EDGE('',*,*,#2616,.F.);
#3319=ORIENTED_EDGE('',*,*,#2577,.T.);
#3320=ORIENTED_EDGE('',*,*,#2579,.T.);
#3321=ORIENTED_EDGE('',*,*,#2617,.F.);
#3322=ORIENTED_EDGE('',*,*,#2618,.T.);
#3323=ORIENTED_EDGE('',*,*,#2538,.T.);
#3324=ORIENTED_EDGE('',*,*,#2337,.T.);
#3325=ORIENTED_EDGE('',*,*,#2578,.T.);
#3326=ORIENTED_EDGE('',*,*,#2573,.T.);
#3327=ORIENTED_EDGE('',*,*,#2619,.F.);
#3328=ORIENTED_EDGE('',*,*,#2609,.T.);
#3329=ORIENTED_EDGE('',*,*,#2611,.T.);
#3330=ORIENTED_EDGE('',*,*,#2620,.F.);
#3331=ORIENTED_EDGE('',*,*,#2621,.T.);
#3332=ORIENTED_EDGE('',*,*,#2535,.T.);
#3333=ORIENTED_EDGE('',*,*,#2364,.F.);
#3334=ORIENTED_EDGE('',*,*,#2622,.F.);
#3335=ORIENTED_EDGE('',*,*,#2623,.T.);
#3336=ORIENTED_EDGE('',*,*,#2617,.T.);
#3337=ORIENTED_EDGE('',*,*,#2556,.T.);
#3338=ORIENTED_EDGE('',*,*,#2553,.T.);
#3339=ORIENTED_EDGE('',*,*,#2549,.T.);
#3340=ORIENTED_EDGE('',*,*,#2559,.T.);
#3341=ORIENTED_EDGE('',*,*,#2624,.T.);
#3342=ORIENTED_EDGE('',*,*,#2591,.T.);
#3343=ORIENTED_EDGE('',*,*,#2588,.T.);
#3344=ORIENTED_EDGE('',*,*,#2585,.T.);
#3345=ORIENTED_EDGE('',*,*,#2581,.T.);
#3346=ORIENTED_EDGE('',*,*,#2625,.T.);
#3347=ORIENTED_EDGE('',*,*,#2604,.T.);
#3348=ORIENTED_EDGE('',*,*,#2601,.T.);
#3349=ORIENTED_EDGE('',*,*,#2597,.T.);
#3350=ORIENTED_EDGE('',*,*,#2607,.T.);
#3351=ORIENTED_EDGE('',*,*,#2619,.T.);
#3352=ORIENTED_EDGE('',*,*,#2572,.T.);
#3353=ORIENTED_EDGE('',*,*,#2569,.T.);
#3354=ORIENTED_EDGE('',*,*,#2565,.T.);
#3355=ORIENTED_EDGE('',*,*,#2575,.T.);
#3356=ORIENTED_EDGE('',*,*,#2616,.T.);
#3357=ORIENTED_EDGE('',*,*,#2626,.T.);
#3358=ORIENTED_EDGE('',*,*,#2627,.T.);
#3359=ORIENTED_EDGE('',*,*,#2628,.T.);
#3360=ORIENTED_EDGE('',*,*,#2629,.T.);
#3361=ORIENTED_EDGE('',*,*,#2630,.T.);
#3362=ORIENTED_EDGE('',*,*,#2631,.T.);
#3363=ORIENTED_EDGE('',*,*,#2632,.T.);
#3364=ORIENTED_EDGE('',*,*,#2633,.T.);
#3365=ORIENTED_EDGE('',*,*,#2634,.T.);
#3366=ORIENTED_EDGE('',*,*,#2635,.T.);
#3367=ORIENTED_EDGE('',*,*,#2636,.T.);
#3368=ORIENTED_EDGE('',*,*,#2637,.T.);
#3369=ORIENTED_EDGE('',*,*,#2638,.T.);
#3370=ORIENTED_EDGE('',*,*,#2639,.T.);
#3371=ORIENTED_EDGE('',*,*,#2640,.T.);
#3372=ORIENTED_EDGE('',*,*,#2641,.T.);
#3373=ORIENTED_EDGE('',*,*,#2642,.T.);
#3374=ORIENTED_EDGE('',*,*,#2643,.T.);
#3375=ORIENTED_EDGE('',*,*,#2644,.T.);
#3376=ORIENTED_EDGE('',*,*,#2645,.T.);
#3377=ORIENTED_EDGE('',*,*,#2646,.T.);
#3378=ORIENTED_EDGE('',*,*,#2647,.T.);
#3379=ORIENTED_EDGE('',*,*,#2648,.T.);
#3380=ORIENTED_EDGE('',*,*,#2649,.T.);
#3381=ORIENTED_EDGE('',*,*,#2650,.T.);
#3382=ORIENTED_EDGE('',*,*,#2651,.T.);
#3383=ORIENTED_EDGE('',*,*,#2652,.T.);
#3384=ORIENTED_EDGE('',*,*,#2653,.T.);
#3385=ORIENTED_EDGE('',*,*,#2654,.T.);
#3386=ORIENTED_EDGE('',*,*,#2655,.T.);
#3387=ORIENTED_EDGE('',*,*,#2656,.T.);
#3388=ORIENTED_EDGE('',*,*,#2657,.T.);
#3389=ORIENTED_EDGE('',*,*,#2658,.T.);
#3390=ORIENTED_EDGE('',*,*,#2659,.T.);
#3391=ORIENTED_EDGE('',*,*,#2660,.T.);
#3392=ORIENTED_EDGE('',*,*,#2661,.T.);
#3393=ORIENTED_EDGE('',*,*,#2662,.T.);
#3394=ORIENTED_EDGE('',*,*,#2663,.T.);
#3395=ORIENTED_EDGE('',*,*,#2664,.T.);
#3396=ORIENTED_EDGE('',*,*,#2665,.T.);
#3397=ORIENTED_EDGE('',*,*,#2666,.T.);
#3398=ORIENTED_EDGE('',*,*,#2667,.T.);
#3399=ORIENTED_EDGE('',*,*,#2668,.T.);
#3400=ORIENTED_EDGE('',*,*,#2669,.T.);
#3401=ORIENTED_EDGE('',*,*,#2670,.T.);
#3402=ORIENTED_EDGE('',*,*,#2671,.T.);
#3403=ORIENTED_EDGE('',*,*,#2672,.T.);
#3404=ORIENTED_EDGE('',*,*,#2673,.T.);
#3405=ORIENTED_EDGE('',*,*,#2674,.T.);
#3406=ORIENTED_EDGE('',*,*,#2675,.T.);
#3407=ORIENTED_EDGE('',*,*,#2676,.T.);
#3408=ORIENTED_EDGE('',*,*,#2677,.T.);
#3409=ORIENTED_EDGE('',*,*,#2678,.T.);
#3410=ORIENTED_EDGE('',*,*,#2679,.T.);
#3411=ORIENTED_EDGE('',*,*,#2680,.T.);
#3412=ORIENTED_EDGE('',*,*,#2681,.T.);
#3413=ORIENTED_EDGE('',*,*,#2682,.T.);
#3414=ORIENTED_EDGE('',*,*,#2683,.T.);
#3415=ORIENTED_EDGE('',*,*,#2684,.T.);
#3416=ORIENTED_EDGE('',*,*,#2685,.T.);
#3417=ORIENTED_EDGE('',*,*,#2686,.T.);
#3418=ORIENTED_EDGE('',*,*,#2687,.T.);
#3419=ORIENTED_EDGE('',*,*,#2688,.T.);
#3420=ORIENTED_EDGE('',*,*,#2689,.T.);
#3421=ORIENTED_EDGE('',*,*,#2690,.T.);
#3422=ORIENTED_EDGE('',*,*,#2691,.T.);
#3423=ORIENTED_EDGE('',*,*,#2692,.T.);
#3424=ORIENTED_EDGE('',*,*,#2693,.T.);
#3425=ORIENTED_EDGE('',*,*,#2694,.T.);
#3426=ORIENTED_EDGE('',*,*,#2695,.T.);
#3427=ORIENTED_EDGE('',*,*,#2696,.T.);
#3428=ORIENTED_EDGE('',*,*,#2697,.T.);
#3429=ORIENTED_EDGE('',*,*,#2698,.T.);
#3430=ORIENTED_EDGE('',*,*,#2699,.T.);
#3431=ORIENTED_EDGE('',*,*,#2700,.T.);
#3432=ORIENTED_EDGE('',*,*,#2701,.T.);
#3433=ORIENTED_EDGE('',*,*,#2702,.T.);
#3434=ORIENTED_EDGE('',*,*,#2703,.T.);
#3435=ORIENTED_EDGE('',*,*,#2704,.T.);
#3436=ORIENTED_EDGE('',*,*,#2705,.T.);
#3437=ORIENTED_EDGE('',*,*,#2706,.T.);
#3438=ORIENTED_EDGE('',*,*,#2707,.T.);
#3439=ORIENTED_EDGE('',*,*,#2708,.T.);
#3440=ORIENTED_EDGE('',*,*,#2709,.T.);
#3441=ORIENTED_EDGE('',*,*,#2710,.T.);
#3442=ORIENTED_EDGE('',*,*,#2711,.T.);
#3443=ORIENTED_EDGE('',*,*,#2712,.T.);
#3444=ORIENTED_EDGE('',*,*,#2713,.T.);
#3445=ORIENTED_EDGE('',*,*,#2714,.T.);
#3446=ORIENTED_EDGE('',*,*,#2715,.T.);
#3447=ORIENTED_EDGE('',*,*,#2716,.T.);
#3448=ORIENTED_EDGE('',*,*,#2717,.T.);
#3449=ORIENTED_EDGE('',*,*,#2718,.T.);
#3450=ORIENTED_EDGE('',*,*,#2719,.T.);
#3451=ORIENTED_EDGE('',*,*,#2720,.T.);
#3452=ORIENTED_EDGE('',*,*,#2721,.T.);
#3453=ORIENTED_EDGE('',*,*,#2722,.T.);
#3454=ORIENTED_EDGE('',*,*,#2723,.T.);
#3455=ORIENTED_EDGE('',*,*,#2724,.T.);
#3456=ORIENTED_EDGE('',*,*,#2725,.T.);
#3457=ORIENTED_EDGE('',*,*,#2726,.T.);
#3458=ORIENTED_EDGE('',*,*,#2727,.T.);
#3459=ORIENTED_EDGE('',*,*,#2728,.T.);
#3460=ORIENTED_EDGE('',*,*,#2729,.T.);
#3461=ORIENTED_EDGE('',*,*,#2730,.T.);
#3462=ORIENTED_EDGE('',*,*,#2731,.T.);
#3463=ORIENTED_EDGE('',*,*,#2732,.T.);
#3464=ORIENTED_EDGE('',*,*,#2733,.T.);
#3465=ORIENTED_EDGE('',*,*,#2734,.T.);
#3466=ORIENTED_EDGE('',*,*,#2735,.T.);
#3467=ORIENTED_EDGE('',*,*,#2736,.T.);
#3468=ORIENTED_EDGE('',*,*,#2737,.T.);
#3469=ORIENTED_EDGE('',*,*,#2738,.T.);
#3470=ORIENTED_EDGE('',*,*,#2739,.T.);
#3471=ORIENTED_EDGE('',*,*,#2740,.T.);
#3472=ORIENTED_EDGE('',*,*,#2741,.T.);
#3473=ORIENTED_EDGE('',*,*,#2742,.T.);
#3474=ORIENTED_EDGE('',*,*,#2743,.T.);
#3475=ORIENTED_EDGE('',*,*,#2744,.T.);
#3476=ORIENTED_EDGE('',*,*,#2745,.T.);
#3477=ORIENTED_EDGE('',*,*,#2746,.T.);
#3478=ORIENTED_EDGE('',*,*,#2747,.T.);
#3479=ORIENTED_EDGE('',*,*,#2748,.T.);
#3480=ORIENTED_EDGE('',*,*,#2749,.T.);
#3481=ORIENTED_EDGE('',*,*,#2750,.T.);
#3482=ORIENTED_EDGE('',*,*,#2751,.T.);
#3483=ORIENTED_EDGE('',*,*,#2752,.T.);
#3484=ORIENTED_EDGE('',*,*,#2753,.T.);
#3485=ORIENTED_EDGE('',*,*,#2754,.T.);
#3486=ORIENTED_EDGE('',*,*,#2755,.T.);
#3487=ORIENTED_EDGE('',*,*,#2756,.T.);
#3488=ORIENTED_EDGE('',*,*,#2757,.T.);
#3489=ORIENTED_EDGE('',*,*,#2758,.T.);
#3490=ORIENTED_EDGE('',*,*,#2759,.T.);
#3491=ORIENTED_EDGE('',*,*,#2760,.T.);
#3492=ORIENTED_EDGE('',*,*,#2761,.T.);
#3493=ORIENTED_EDGE('',*,*,#2762,.T.);
#3494=ORIENTED_EDGE('',*,*,#2763,.T.);
#3495=ORIENTED_EDGE('',*,*,#2764,.T.);
#3496=ORIENTED_EDGE('',*,*,#2765,.T.);
#3497=ORIENTED_EDGE('',*,*,#2766,.T.);
#3498=ORIENTED_EDGE('',*,*,#2767,.T.);
#3499=ORIENTED_EDGE('',*,*,#2768,.T.);
#3500=ORIENTED_EDGE('',*,*,#2769,.T.);
#3501=ORIENTED_EDGE('',*,*,#2770,.T.);
#3502=ORIENTED_EDGE('',*,*,#2771,.T.);
#3503=ORIENTED_EDGE('',*,*,#2772,.T.);
#3504=ORIENTED_EDGE('',*,*,#2773,.T.);
#3505=ORIENTED_EDGE('',*,*,#2774,.T.);
#3506=ORIENTED_EDGE('',*,*,#2775,.T.);
#3507=ORIENTED_EDGE('',*,*,#2776,.T.);
#3508=ORIENTED_EDGE('',*,*,#2777,.T.);
#3509=ORIENTED_EDGE('',*,*,#2778,.T.);
#3510=ORIENTED_EDGE('',*,*,#2779,.T.);
#3511=ORIENTED_EDGE('',*,*,#2780,.T.);
#3512=ORIENTED_EDGE('',*,*,#2781,.T.);
#3513=ORIENTED_EDGE('',*,*,#2782,.T.);
#3514=ORIENTED_EDGE('',*,*,#2783,.T.);
#3515=ORIENTED_EDGE('',*,*,#2784,.T.);
#3516=ORIENTED_EDGE('',*,*,#2785,.T.);
#3517=ORIENTED_EDGE('',*,*,#2786,.T.);
#3518=ORIENTED_EDGE('',*,*,#2787,.T.);
#3519=ORIENTED_EDGE('',*,*,#2788,.T.);
#3520=ORIENTED_EDGE('',*,*,#2789,.T.);
#3521=ORIENTED_EDGE('',*,*,#2790,.T.);
#3522=ORIENTED_EDGE('',*,*,#2791,.T.);
#3523=ORIENTED_EDGE('',*,*,#2792,.T.);
#3524=ORIENTED_EDGE('',*,*,#2793,.T.);
#3525=ORIENTED_EDGE('',*,*,#2529,.F.);
#3526=ORIENTED_EDGE('',*,*,#2794,.F.);
#3527=ORIENTED_EDGE('',*,*,#2626,.F.);
#3528=ORIENTED_EDGE('',*,*,#2795,.T.);
#3529=ORIENTED_EDGE('',*,*,#2530,.F.);
#3530=ORIENTED_EDGE('',*,*,#2795,.F.);
#3531=ORIENTED_EDGE('',*,*,#2631,.F.);
#3532=ORIENTED_EDGE('',*,*,#2796,.T.);
#3533=ORIENTED_EDGE('',*,*,#2531,.F.);
#3534=ORIENTED_EDGE('',*,*,#2796,.F.);
#3535=ORIENTED_EDGE('',*,*,#2630,.F.);
#3536=ORIENTED_EDGE('',*,*,#2797,.T.);
#3537=ORIENTED_EDGE('',*,*,#2532,.F.);
#3538=ORIENTED_EDGE('',*,*,#2797,.F.);
#3539=ORIENTED_EDGE('',*,*,#2629,.F.);
#3540=ORIENTED_EDGE('',*,*,#2798,.T.);
#3541=ORIENTED_EDGE('',*,*,#2533,.F.);
#3542=ORIENTED_EDGE('',*,*,#2798,.F.);
#3543=ORIENTED_EDGE('',*,*,#2628,.F.);
#3544=ORIENTED_EDGE('',*,*,#2799,.T.);
#3545=ORIENTED_EDGE('',*,*,#2534,.F.);
#3546=ORIENTED_EDGE('',*,*,#2799,.F.);
#3547=ORIENTED_EDGE('',*,*,#2627,.F.);
#3548=ORIENTED_EDGE('',*,*,#2794,.T.);
#3549=ORIENTED_EDGE('',*,*,#2523,.F.);
#3550=ORIENTED_EDGE('',*,*,#2800,.F.);
#3551=ORIENTED_EDGE('',*,*,#2632,.F.);
#3552=ORIENTED_EDGE('',*,*,#2801,.T.);
#3553=ORIENTED_EDGE('',*,*,#2524,.F.);
#3554=ORIENTED_EDGE('',*,*,#2801,.F.);
#3555=ORIENTED_EDGE('',*,*,#2637,.F.);
#3556=ORIENTED_EDGE('',*,*,#2802,.T.);
#3557=ORIENTED_EDGE('',*,*,#2525,.F.);
#3558=ORIENTED_EDGE('',*,*,#2802,.F.);
#3559=ORIENTED_EDGE('',*,*,#2636,.F.);
#3560=ORIENTED_EDGE('',*,*,#2803,.T.);
#3561=ORIENTED_EDGE('',*,*,#2526,.F.);
#3562=ORIENTED_EDGE('',*,*,#2803,.F.);
#3563=ORIENTED_EDGE('',*,*,#2635,.F.);
#3564=ORIENTED_EDGE('',*,*,#2804,.T.);
#3565=ORIENTED_EDGE('',*,*,#2527,.F.);
#3566=ORIENTED_EDGE('',*,*,#2804,.F.);
#3567=ORIENTED_EDGE('',*,*,#2634,.F.);
#3568=ORIENTED_EDGE('',*,*,#2805,.T.);
#3569=ORIENTED_EDGE('',*,*,#2528,.F.);
#3570=ORIENTED_EDGE('',*,*,#2805,.F.);
#3571=ORIENTED_EDGE('',*,*,#2633,.F.);
#3572=ORIENTED_EDGE('',*,*,#2800,.T.);
#3573=ORIENTED_EDGE('',*,*,#2517,.F.);
#3574=ORIENTED_EDGE('',*,*,#2806,.F.);
#3575=ORIENTED_EDGE('',*,*,#2638,.F.);
#3576=ORIENTED_EDGE('',*,*,#2807,.T.);
#3577=ORIENTED_EDGE('',*,*,#2518,.F.);
#3578=ORIENTED_EDGE('',*,*,#2807,.F.);
#3579=ORIENTED_EDGE('',*,*,#2643,.F.);
#3580=ORIENTED_EDGE('',*,*,#2808,.T.);
#3581=ORIENTED_EDGE('',*,*,#2519,.F.);
#3582=ORIENTED_EDGE('',*,*,#2808,.F.);
#3583=ORIENTED_EDGE('',*,*,#2642,.F.);
#3584=ORIENTED_EDGE('',*,*,#2809,.T.);
#3585=ORIENTED_EDGE('',*,*,#2520,.F.);
#3586=ORIENTED_EDGE('',*,*,#2809,.F.);
#3587=ORIENTED_EDGE('',*,*,#2641,.F.);
#3588=ORIENTED_EDGE('',*,*,#2810,.T.);
#3589=ORIENTED_EDGE('',*,*,#2521,.F.);
#3590=ORIENTED_EDGE('',*,*,#2810,.F.);
#3591=ORIENTED_EDGE('',*,*,#2640,.F.);
#3592=ORIENTED_EDGE('',*,*,#2811,.T.);
#3593=ORIENTED_EDGE('',*,*,#2522,.F.);
#3594=ORIENTED_EDGE('',*,*,#2811,.F.);
#3595=ORIENTED_EDGE('',*,*,#2639,.F.);
#3596=ORIENTED_EDGE('',*,*,#2806,.T.);
#3597=ORIENTED_EDGE('',*,*,#2511,.F.);
#3598=ORIENTED_EDGE('',*,*,#2812,.F.);
#3599=ORIENTED_EDGE('',*,*,#2644,.F.);
#3600=ORIENTED_EDGE('',*,*,#2813,.T.);
#3601=ORIENTED_EDGE('',*,*,#2512,.F.);
#3602=ORIENTED_EDGE('',*,*,#2813,.F.);
#3603=ORIENTED_EDGE('',*,*,#2649,.F.);
#3604=ORIENTED_EDGE('',*,*,#2814,.T.);
#3605=ORIENTED_EDGE('',*,*,#2513,.F.);
#3606=ORIENTED_EDGE('',*,*,#2814,.F.);
#3607=ORIENTED_EDGE('',*,*,#2648,.F.);
#3608=ORIENTED_EDGE('',*,*,#2815,.T.);
#3609=ORIENTED_EDGE('',*,*,#2514,.F.);
#3610=ORIENTED_EDGE('',*,*,#2815,.F.);
#3611=ORIENTED_EDGE('',*,*,#2647,.F.);
#3612=ORIENTED_EDGE('',*,*,#2816,.T.);
#3613=ORIENTED_EDGE('',*,*,#2515,.F.);
#3614=ORIENTED_EDGE('',*,*,#2816,.F.);
#3615=ORIENTED_EDGE('',*,*,#2646,.F.);
#3616=ORIENTED_EDGE('',*,*,#2817,.T.);
#3617=ORIENTED_EDGE('',*,*,#2516,.F.);
#3618=ORIENTED_EDGE('',*,*,#2817,.F.);
#3619=ORIENTED_EDGE('',*,*,#2645,.F.);
#3620=ORIENTED_EDGE('',*,*,#2812,.T.);
#3621=ORIENTED_EDGE('',*,*,#2505,.F.);
#3622=ORIENTED_EDGE('',*,*,#2818,.F.);
#3623=ORIENTED_EDGE('',*,*,#2650,.F.);
#3624=ORIENTED_EDGE('',*,*,#2819,.T.);
#3625=ORIENTED_EDGE('',*,*,#2506,.F.);
#3626=ORIENTED_EDGE('',*,*,#2819,.F.);
#3627=ORIENTED_EDGE('',*,*,#2655,.F.);
#3628=ORIENTED_EDGE('',*,*,#2820,.T.);
#3629=ORIENTED_EDGE('',*,*,#2507,.F.);
#3630=ORIENTED_EDGE('',*,*,#2820,.F.);
#3631=ORIENTED_EDGE('',*,*,#2654,.F.);
#3632=ORIENTED_EDGE('',*,*,#2821,.T.);
#3633=ORIENTED_EDGE('',*,*,#2508,.F.);
#3634=ORIENTED_EDGE('',*,*,#2821,.F.);
#3635=ORIENTED_EDGE('',*,*,#2653,.F.);
#3636=ORIENTED_EDGE('',*,*,#2822,.T.);
#3637=ORIENTED_EDGE('',*,*,#2509,.F.);
#3638=ORIENTED_EDGE('',*,*,#2822,.F.);
#3639=ORIENTED_EDGE('',*,*,#2652,.F.);
#3640=ORIENTED_EDGE('',*,*,#2823,.T.);
#3641=ORIENTED_EDGE('',*,*,#2510,.F.);
#3642=ORIENTED_EDGE('',*,*,#2823,.F.);
#3643=ORIENTED_EDGE('',*,*,#2651,.F.);
#3644=ORIENTED_EDGE('',*,*,#2818,.T.);
#3645=ORIENTED_EDGE('',*,*,#2499,.F.);
#3646=ORIENTED_EDGE('',*,*,#2824,.F.);
#3647=ORIENTED_EDGE('',*,*,#2656,.F.);
#3648=ORIENTED_EDGE('',*,*,#2825,.T.);
#3649=ORIENTED_EDGE('',*,*,#2500,.F.);
#3650=ORIENTED_EDGE('',*,*,#2825,.F.);
#3651=ORIENTED_EDGE('',*,*,#2661,.F.);
#3652=ORIENTED_EDGE('',*,*,#2826,.T.);
#3653=ORIENTED_EDGE('',*,*,#2501,.F.);
#3654=ORIENTED_EDGE('',*,*,#2826,.F.);
#3655=ORIENTED_EDGE('',*,*,#2660,.F.);
#3656=ORIENTED_EDGE('',*,*,#2827,.T.);
#3657=ORIENTED_EDGE('',*,*,#2502,.F.);
#3658=ORIENTED_EDGE('',*,*,#2827,.F.);
#3659=ORIENTED_EDGE('',*,*,#2659,.F.);
#3660=ORIENTED_EDGE('',*,*,#2828,.T.);
#3661=ORIENTED_EDGE('',*,*,#2503,.F.);
#3662=ORIENTED_EDGE('',*,*,#2828,.F.);
#3663=ORIENTED_EDGE('',*,*,#2658,.F.);
#3664=ORIENTED_EDGE('',*,*,#2829,.T.);
#3665=ORIENTED_EDGE('',*,*,#2504,.F.);
#3666=ORIENTED_EDGE('',*,*,#2829,.F.);
#3667=ORIENTED_EDGE('',*,*,#2657,.F.);
#3668=ORIENTED_EDGE('',*,*,#2824,.T.);
#3669=ORIENTED_EDGE('',*,*,#2493,.F.);
#3670=ORIENTED_EDGE('',*,*,#2830,.F.);
#3671=ORIENTED_EDGE('',*,*,#2662,.F.);
#3672=ORIENTED_EDGE('',*,*,#2831,.T.);
#3673=ORIENTED_EDGE('',*,*,#2494,.F.);
#3674=ORIENTED_EDGE('',*,*,#2831,.F.);
#3675=ORIENTED_EDGE('',*,*,#2667,.F.);
#3676=ORIENTED_EDGE('',*,*,#2832,.T.);
#3677=ORIENTED_EDGE('',*,*,#2495,.F.);
#3678=ORIENTED_EDGE('',*,*,#2832,.F.);
#3679=ORIENTED_EDGE('',*,*,#2666,.F.);
#3680=ORIENTED_EDGE('',*,*,#2833,.T.);
#3681=ORIENTED_EDGE('',*,*,#2496,.F.);
#3682=ORIENTED_EDGE('',*,*,#2833,.F.);
#3683=ORIENTED_EDGE('',*,*,#2665,.F.);
#3684=ORIENTED_EDGE('',*,*,#2834,.T.);
#3685=ORIENTED_EDGE('',*,*,#2497,.F.);
#3686=ORIENTED_EDGE('',*,*,#2834,.F.);
#3687=ORIENTED_EDGE('',*,*,#2664,.F.);
#3688=ORIENTED_EDGE('',*,*,#2835,.T.);
#3689=ORIENTED_EDGE('',*,*,#2498,.F.);
#3690=ORIENTED_EDGE('',*,*,#2835,.F.);
#3691=ORIENTED_EDGE('',*,*,#2663,.F.);
#3692=ORIENTED_EDGE('',*,*,#2830,.T.);
#3693=ORIENTED_EDGE('',*,*,#2487,.F.);
#3694=ORIENTED_EDGE('',*,*,#2836,.F.);
#3695=ORIENTED_EDGE('',*,*,#2668,.F.);
#3696=ORIENTED_EDGE('',*,*,#2837,.T.);
#3697=ORIENTED_EDGE('',*,*,#2488,.F.);
#3698=ORIENTED_EDGE('',*,*,#2837,.F.);
#3699=ORIENTED_EDGE('',*,*,#2673,.F.);
#3700=ORIENTED_EDGE('',*,*,#2838,.T.);
#3701=ORIENTED_EDGE('',*,*,#2489,.F.);
#3702=ORIENTED_EDGE('',*,*,#2838,.F.);
#3703=ORIENTED_EDGE('',*,*,#2672,.F.);
#3704=ORIENTED_EDGE('',*,*,#2839,.T.);
#3705=ORIENTED_EDGE('',*,*,#2490,.F.);
#3706=ORIENTED_EDGE('',*,*,#2839,.F.);
#3707=ORIENTED_EDGE('',*,*,#2671,.F.);
#3708=ORIENTED_EDGE('',*,*,#2840,.T.);
#3709=ORIENTED_EDGE('',*,*,#2491,.F.);
#3710=ORIENTED_EDGE('',*,*,#2840,.F.);
#3711=ORIENTED_EDGE('',*,*,#2670,.F.);
#3712=ORIENTED_EDGE('',*,*,#2841,.T.);
#3713=ORIENTED_EDGE('',*,*,#2492,.F.);
#3714=ORIENTED_EDGE('',*,*,#2841,.F.);
#3715=ORIENTED_EDGE('',*,*,#2669,.F.);
#3716=ORIENTED_EDGE('',*,*,#2836,.T.);
#3717=ORIENTED_EDGE('',*,*,#2481,.F.);
#3718=ORIENTED_EDGE('',*,*,#2842,.F.);
#3719=ORIENTED_EDGE('',*,*,#2674,.F.);
#3720=ORIENTED_EDGE('',*,*,#2843,.T.);
#3721=ORIENTED_EDGE('',*,*,#2482,.F.);
#3722=ORIENTED_EDGE('',*,*,#2843,.F.);
#3723=ORIENTED_EDGE('',*,*,#2679,.F.);
#3724=ORIENTED_EDGE('',*,*,#2844,.T.);
#3725=ORIENTED_EDGE('',*,*,#2483,.F.);
#3726=ORIENTED_EDGE('',*,*,#2844,.F.);
#3727=ORIENTED_EDGE('',*,*,#2678,.F.);
#3728=ORIENTED_EDGE('',*,*,#2845,.T.);
#3729=ORIENTED_EDGE('',*,*,#2484,.F.);
#3730=ORIENTED_EDGE('',*,*,#2845,.F.);
#3731=ORIENTED_EDGE('',*,*,#2677,.F.);
#3732=ORIENTED_EDGE('',*,*,#2846,.T.);
#3733=ORIENTED_EDGE('',*,*,#2485,.F.);
#3734=ORIENTED_EDGE('',*,*,#2846,.F.);
#3735=ORIENTED_EDGE('',*,*,#2676,.F.);
#3736=ORIENTED_EDGE('',*,*,#2847,.T.);
#3737=ORIENTED_EDGE('',*,*,#2486,.F.);
#3738=ORIENTED_EDGE('',*,*,#2847,.F.);
#3739=ORIENTED_EDGE('',*,*,#2675,.F.);
#3740=ORIENTED_EDGE('',*,*,#2842,.T.);
#3741=ORIENTED_EDGE('',*,*,#2475,.F.);
#3742=ORIENTED_EDGE('',*,*,#2848,.F.);
#3743=ORIENTED_EDGE('',*,*,#2680,.F.);
#3744=ORIENTED_EDGE('',*,*,#2849,.T.);
#3745=ORIENTED_EDGE('',*,*,#2476,.F.);
#3746=ORIENTED_EDGE('',*,*,#2849,.F.);
#3747=ORIENTED_EDGE('',*,*,#2685,.F.);
#3748=ORIENTED_EDGE('',*,*,#2850,.T.);
#3749=ORIENTED_EDGE('',*,*,#2477,.F.);
#3750=ORIENTED_EDGE('',*,*,#2850,.F.);
#3751=ORIENTED_EDGE('',*,*,#2684,.F.);
#3752=ORIENTED_EDGE('',*,*,#2851,.T.);
#3753=ORIENTED_EDGE('',*,*,#2478,.F.);
#3754=ORIENTED_EDGE('',*,*,#2851,.F.);
#3755=ORIENTED_EDGE('',*,*,#2683,.F.);
#3756=ORIENTED_EDGE('',*,*,#2852,.T.);
#3757=ORIENTED_EDGE('',*,*,#2479,.F.);
#3758=ORIENTED_EDGE('',*,*,#2852,.F.);
#3759=ORIENTED_EDGE('',*,*,#2682,.F.);
#3760=ORIENTED_EDGE('',*,*,#2853,.T.);
#3761=ORIENTED_EDGE('',*,*,#2480,.F.);
#3762=ORIENTED_EDGE('',*,*,#2853,.F.);
#3763=ORIENTED_EDGE('',*,*,#2681,.F.);
#3764=ORIENTED_EDGE('',*,*,#2848,.T.);
#3765=ORIENTED_EDGE('',*,*,#2469,.F.);
#3766=ORIENTED_EDGE('',*,*,#2854,.F.);
#3767=ORIENTED_EDGE('',*,*,#2686,.F.);
#3768=ORIENTED_EDGE('',*,*,#2855,.T.);
#3769=ORIENTED_EDGE('',*,*,#2470,.F.);
#3770=ORIENTED_EDGE('',*,*,#2855,.F.);
#3771=ORIENTED_EDGE('',*,*,#2691,.F.);
#3772=ORIENTED_EDGE('',*,*,#2856,.T.);
#3773=ORIENTED_EDGE('',*,*,#2471,.F.);
#3774=ORIENTED_EDGE('',*,*,#2856,.F.);
#3775=ORIENTED_EDGE('',*,*,#2690,.F.);
#3776=ORIENTED_EDGE('',*,*,#2857,.T.);
#3777=ORIENTED_EDGE('',*,*,#2472,.F.);
#3778=ORIENTED_EDGE('',*,*,#2857,.F.);
#3779=ORIENTED_EDGE('',*,*,#2689,.F.);
#3780=ORIENTED_EDGE('',*,*,#2858,.T.);
#3781=ORIENTED_EDGE('',*,*,#2473,.F.);
#3782=ORIENTED_EDGE('',*,*,#2858,.F.);
#3783=ORIENTED_EDGE('',*,*,#2688,.F.);
#3784=ORIENTED_EDGE('',*,*,#2859,.T.);
#3785=ORIENTED_EDGE('',*,*,#2474,.F.);
#3786=ORIENTED_EDGE('',*,*,#2859,.F.);
#3787=ORIENTED_EDGE('',*,*,#2687,.F.);
#3788=ORIENTED_EDGE('',*,*,#2854,.T.);
#3789=ORIENTED_EDGE('',*,*,#2463,.F.);
#3790=ORIENTED_EDGE('',*,*,#2860,.F.);
#3791=ORIENTED_EDGE('',*,*,#2692,.F.);
#3792=ORIENTED_EDGE('',*,*,#2861,.T.);
#3793=ORIENTED_EDGE('',*,*,#2464,.F.);
#3794=ORIENTED_EDGE('',*,*,#2861,.F.);
#3795=ORIENTED_EDGE('',*,*,#2697,.F.);
#3796=ORIENTED_EDGE('',*,*,#2862,.T.);
#3797=ORIENTED_EDGE('',*,*,#2465,.F.);
#3798=ORIENTED_EDGE('',*,*,#2862,.F.);
#3799=ORIENTED_EDGE('',*,*,#2696,.F.);
#3800=ORIENTED_EDGE('',*,*,#2863,.T.);
#3801=ORIENTED_EDGE('',*,*,#2466,.F.);
#3802=ORIENTED_EDGE('',*,*,#2863,.F.);
#3803=ORIENTED_EDGE('',*,*,#2695,.F.);
#3804=ORIENTED_EDGE('',*,*,#2864,.T.);
#3805=ORIENTED_EDGE('',*,*,#2467,.F.);
#3806=ORIENTED_EDGE('',*,*,#2864,.F.);
#3807=ORIENTED_EDGE('',*,*,#2694,.F.);
#3808=ORIENTED_EDGE('',*,*,#2865,.T.);
#3809=ORIENTED_EDGE('',*,*,#2468,.F.);
#3810=ORIENTED_EDGE('',*,*,#2865,.F.);
#3811=ORIENTED_EDGE('',*,*,#2693,.F.);
#3812=ORIENTED_EDGE('',*,*,#2860,.T.);
#3813=ORIENTED_EDGE('',*,*,#2457,.F.);
#3814=ORIENTED_EDGE('',*,*,#2866,.F.);
#3815=ORIENTED_EDGE('',*,*,#2698,.F.);
#3816=ORIENTED_EDGE('',*,*,#2867,.T.);
#3817=ORIENTED_EDGE('',*,*,#2458,.F.);
#3818=ORIENTED_EDGE('',*,*,#2867,.F.);
#3819=ORIENTED_EDGE('',*,*,#2703,.F.);
#3820=ORIENTED_EDGE('',*,*,#2868,.T.);
#3821=ORIENTED_EDGE('',*,*,#2459,.F.);
#3822=ORIENTED_EDGE('',*,*,#2868,.F.);
#3823=ORIENTED_EDGE('',*,*,#2702,.F.);
#3824=ORIENTED_EDGE('',*,*,#2869,.T.);
#3825=ORIENTED_EDGE('',*,*,#2460,.F.);
#3826=ORIENTED_EDGE('',*,*,#2869,.F.);
#3827=ORIENTED_EDGE('',*,*,#2701,.F.);
#3828=ORIENTED_EDGE('',*,*,#2870,.T.);
#3829=ORIENTED_EDGE('',*,*,#2461,.F.);
#3830=ORIENTED_EDGE('',*,*,#2870,.F.);
#3831=ORIENTED_EDGE('',*,*,#2700,.F.);
#3832=ORIENTED_EDGE('',*,*,#2871,.T.);
#3833=ORIENTED_EDGE('',*,*,#2462,.F.);
#3834=ORIENTED_EDGE('',*,*,#2871,.F.);
#3835=ORIENTED_EDGE('',*,*,#2699,.F.);
#3836=ORIENTED_EDGE('',*,*,#2866,.T.);
#3837=ORIENTED_EDGE('',*,*,#2451,.F.);
#3838=ORIENTED_EDGE('',*,*,#2872,.F.);
#3839=ORIENTED_EDGE('',*,*,#2704,.F.);
#3840=ORIENTED_EDGE('',*,*,#2873,.T.);
#3841=ORIENTED_EDGE('',*,*,#2452,.F.);
#3842=ORIENTED_EDGE('',*,*,#2873,.F.);
#3843=ORIENTED_EDGE('',*,*,#2709,.F.);
#3844=ORIENTED_EDGE('',*,*,#2874,.T.);
#3845=ORIENTED_EDGE('',*,*,#2453,.F.);
#3846=ORIENTED_EDGE('',*,*,#2874,.F.);
#3847=ORIENTED_EDGE('',*,*,#2708,.F.);
#3848=ORIENTED_EDGE('',*,*,#2875,.T.);
#3849=ORIENTED_EDGE('',*,*,#2454,.F.);
#3850=ORIENTED_EDGE('',*,*,#2875,.F.);
#3851=ORIENTED_EDGE('',*,*,#2707,.F.);
#3852=ORIENTED_EDGE('',*,*,#2876,.T.);
#3853=ORIENTED_EDGE('',*,*,#2455,.F.);
#3854=ORIENTED_EDGE('',*,*,#2876,.F.);
#3855=ORIENTED_EDGE('',*,*,#2706,.F.);
#3856=ORIENTED_EDGE('',*,*,#2877,.T.);
#3857=ORIENTED_EDGE('',*,*,#2456,.F.);
#3858=ORIENTED_EDGE('',*,*,#2877,.F.);
#3859=ORIENTED_EDGE('',*,*,#2705,.F.);
#3860=ORIENTED_EDGE('',*,*,#2872,.T.);
#3861=ORIENTED_EDGE('',*,*,#2445,.F.);
#3862=ORIENTED_EDGE('',*,*,#2878,.F.);
#3863=ORIENTED_EDGE('',*,*,#2710,.F.);
#3864=ORIENTED_EDGE('',*,*,#2879,.T.);
#3865=ORIENTED_EDGE('',*,*,#2446,.F.);
#3866=ORIENTED_EDGE('',*,*,#2879,.F.);
#3867=ORIENTED_EDGE('',*,*,#2715,.F.);
#3868=ORIENTED_EDGE('',*,*,#2880,.T.);
#3869=ORIENTED_EDGE('',*,*,#2447,.F.);
#3870=ORIENTED_EDGE('',*,*,#2880,.F.);
#3871=ORIENTED_EDGE('',*,*,#2714,.F.);
#3872=ORIENTED_EDGE('',*,*,#2881,.T.);
#3873=ORIENTED_EDGE('',*,*,#2448,.F.);
#3874=ORIENTED_EDGE('',*,*,#2881,.F.);
#3875=ORIENTED_EDGE('',*,*,#2713,.F.);
#3876=ORIENTED_EDGE('',*,*,#2882,.T.);
#3877=ORIENTED_EDGE('',*,*,#2449,.F.);
#3878=ORIENTED_EDGE('',*,*,#2882,.F.);
#3879=ORIENTED_EDGE('',*,*,#2712,.F.);
#3880=ORIENTED_EDGE('',*,*,#2883,.T.);
#3881=ORIENTED_EDGE('',*,*,#2450,.F.);
#3882=ORIENTED_EDGE('',*,*,#2883,.F.);
#3883=ORIENTED_EDGE('',*,*,#2711,.F.);
#3884=ORIENTED_EDGE('',*,*,#2878,.T.);
#3885=ORIENTED_EDGE('',*,*,#2439,.F.);
#3886=ORIENTED_EDGE('',*,*,#2884,.F.);
#3887=ORIENTED_EDGE('',*,*,#2716,.F.);
#3888=ORIENTED_EDGE('',*,*,#2885,.T.);
#3889=ORIENTED_EDGE('',*,*,#2440,.F.);
#3890=ORIENTED_EDGE('',*,*,#2885,.F.);
#3891=ORIENTED_EDGE('',*,*,#2721,.F.);
#3892=ORIENTED_EDGE('',*,*,#2886,.T.);
#3893=ORIENTED_EDGE('',*,*,#2441,.F.);
#3894=ORIENTED_EDGE('',*,*,#2886,.F.);
#3895=ORIENTED_EDGE('',*,*,#2720,.F.);
#3896=ORIENTED_EDGE('',*,*,#2887,.T.);
#3897=ORIENTED_EDGE('',*,*,#2442,.F.);
#3898=ORIENTED_EDGE('',*,*,#2887,.F.);
#3899=ORIENTED_EDGE('',*,*,#2719,.F.);
#3900=ORIENTED_EDGE('',*,*,#2888,.T.);
#3901=ORIENTED_EDGE('',*,*,#2443,.F.);
#3902=ORIENTED_EDGE('',*,*,#2888,.F.);
#3903=ORIENTED_EDGE('',*,*,#2718,.F.);
#3904=ORIENTED_EDGE('',*,*,#2889,.T.);
#3905=ORIENTED_EDGE('',*,*,#2444,.F.);
#3906=ORIENTED_EDGE('',*,*,#2889,.F.);
#3907=ORIENTED_EDGE('',*,*,#2717,.F.);
#3908=ORIENTED_EDGE('',*,*,#2884,.T.);
#3909=ORIENTED_EDGE('',*,*,#2433,.F.);
#3910=ORIENTED_EDGE('',*,*,#2890,.F.);
#3911=ORIENTED_EDGE('',*,*,#2722,.F.);
#3912=ORIENTED_EDGE('',*,*,#2891,.T.);
#3913=ORIENTED_EDGE('',*,*,#2434,.F.);
#3914=ORIENTED_EDGE('',*,*,#2891,.F.);
#3915=ORIENTED_EDGE('',*,*,#2727,.F.);
#3916=ORIENTED_EDGE('',*,*,#2892,.T.);
#3917=ORIENTED_EDGE('',*,*,#2435,.F.);
#3918=ORIENTED_EDGE('',*,*,#2892,.F.);
#3919=ORIENTED_EDGE('',*,*,#2726,.F.);
#3920=ORIENTED_EDGE('',*,*,#2893,.T.);
#3921=ORIENTED_EDGE('',*,*,#2436,.F.);
#3922=ORIENTED_EDGE('',*,*,#2893,.F.);
#3923=ORIENTED_EDGE('',*,*,#2725,.F.);
#3924=ORIENTED_EDGE('',*,*,#2894,.T.);
#3925=ORIENTED_EDGE('',*,*,#2437,.F.);
#3926=ORIENTED_EDGE('',*,*,#2894,.F.);
#3927=ORIENTED_EDGE('',*,*,#2724,.F.);
#3928=ORIENTED_EDGE('',*,*,#2895,.T.);
#3929=ORIENTED_EDGE('',*,*,#2438,.F.);
#3930=ORIENTED_EDGE('',*,*,#2895,.F.);
#3931=ORIENTED_EDGE('',*,*,#2723,.F.);
#3932=ORIENTED_EDGE('',*,*,#2890,.T.);
#3933=ORIENTED_EDGE('',*,*,#2427,.F.);
#3934=ORIENTED_EDGE('',*,*,#2896,.F.);
#3935=ORIENTED_EDGE('',*,*,#2728,.F.);
#3936=ORIENTED_EDGE('',*,*,#2897,.T.);
#3937=ORIENTED_EDGE('',*,*,#2428,.F.);
#3938=ORIENTED_EDGE('',*,*,#2897,.F.);
#3939=ORIENTED_EDGE('',*,*,#2733,.F.);
#3940=ORIENTED_EDGE('',*,*,#2898,.T.);
#3941=ORIENTED_EDGE('',*,*,#2429,.F.);
#3942=ORIENTED_EDGE('',*,*,#2898,.F.);
#3943=ORIENTED_EDGE('',*,*,#2732,.F.);
#3944=ORIENTED_EDGE('',*,*,#2899,.T.);
#3945=ORIENTED_EDGE('',*,*,#2430,.F.);
#3946=ORIENTED_EDGE('',*,*,#2899,.F.);
#3947=ORIENTED_EDGE('',*,*,#2731,.F.);
#3948=ORIENTED_EDGE('',*,*,#2900,.T.);
#3949=ORIENTED_EDGE('',*,*,#2431,.F.);
#3950=ORIENTED_EDGE('',*,*,#2900,.F.);
#3951=ORIENTED_EDGE('',*,*,#2730,.F.);
#3952=ORIENTED_EDGE('',*,*,#2901,.T.);
#3953=ORIENTED_EDGE('',*,*,#2432,.F.);
#3954=ORIENTED_EDGE('',*,*,#2901,.F.);
#3955=ORIENTED_EDGE('',*,*,#2729,.F.);
#3956=ORIENTED_EDGE('',*,*,#2896,.T.);
#3957=ORIENTED_EDGE('',*,*,#2421,.F.);
#3958=ORIENTED_EDGE('',*,*,#2902,.F.);
#3959=ORIENTED_EDGE('',*,*,#2734,.F.);
#3960=ORIENTED_EDGE('',*,*,#2903,.T.);
#3961=ORIENTED_EDGE('',*,*,#2422,.F.);
#3962=ORIENTED_EDGE('',*,*,#2903,.F.);
#3963=ORIENTED_EDGE('',*,*,#2739,.F.);
#3964=ORIENTED_EDGE('',*,*,#2904,.T.);
#3965=ORIENTED_EDGE('',*,*,#2423,.F.);
#3966=ORIENTED_EDGE('',*,*,#2904,.F.);
#3967=ORIENTED_EDGE('',*,*,#2738,.F.);
#3968=ORIENTED_EDGE('',*,*,#2905,.T.);
#3969=ORIENTED_EDGE('',*,*,#2424,.F.);
#3970=ORIENTED_EDGE('',*,*,#2905,.F.);
#3971=ORIENTED_EDGE('',*,*,#2737,.F.);
#3972=ORIENTED_EDGE('',*,*,#2906,.T.);
#3973=ORIENTED_EDGE('',*,*,#2425,.F.);
#3974=ORIENTED_EDGE('',*,*,#2906,.F.);
#3975=ORIENTED_EDGE('',*,*,#2736,.F.);
#3976=ORIENTED_EDGE('',*,*,#2907,.T.);
#3977=ORIENTED_EDGE('',*,*,#2426,.F.);
#3978=ORIENTED_EDGE('',*,*,#2907,.F.);
#3979=ORIENTED_EDGE('',*,*,#2735,.F.);
#3980=ORIENTED_EDGE('',*,*,#2902,.T.);
#3981=ORIENTED_EDGE('',*,*,#2415,.F.);
#3982=ORIENTED_EDGE('',*,*,#2908,.F.);
#3983=ORIENTED_EDGE('',*,*,#2740,.F.);
#3984=ORIENTED_EDGE('',*,*,#2909,.T.);
#3985=ORIENTED_EDGE('',*,*,#2416,.F.);
#3986=ORIENTED_EDGE('',*,*,#2909,.F.);
#3987=ORIENTED_EDGE('',*,*,#2745,.F.);
#3988=ORIENTED_EDGE('',*,*,#2910,.T.);
#3989=ORIENTED_EDGE('',*,*,#2417,.F.);
#3990=ORIENTED_EDGE('',*,*,#2910,.F.);
#3991=ORIENTED_EDGE('',*,*,#2744,.F.);
#3992=ORIENTED_EDGE('',*,*,#2911,.T.);
#3993=ORIENTED_EDGE('',*,*,#2418,.F.);
#3994=ORIENTED_EDGE('',*,*,#2911,.F.);
#3995=ORIENTED_EDGE('',*,*,#2743,.F.);
#3996=ORIENTED_EDGE('',*,*,#2912,.T.);
#3997=ORIENTED_EDGE('',*,*,#2419,.F.);
#3998=ORIENTED_EDGE('',*,*,#2912,.F.);
#3999=ORIENTED_EDGE('',*,*,#2742,.F.);
#4000=ORIENTED_EDGE('',*,*,#2913,.T.);
#4001=ORIENTED_EDGE('',*,*,#2420,.F.);
#4002=ORIENTED_EDGE('',*,*,#2913,.F.);
#4003=ORIENTED_EDGE('',*,*,#2741,.F.);
#4004=ORIENTED_EDGE('',*,*,#2908,.T.);
#4005=ORIENTED_EDGE('',*,*,#2409,.F.);
#4006=ORIENTED_EDGE('',*,*,#2914,.F.);
#4007=ORIENTED_EDGE('',*,*,#2746,.F.);
#4008=ORIENTED_EDGE('',*,*,#2915,.T.);
#4009=ORIENTED_EDGE('',*,*,#2410,.F.);
#4010=ORIENTED_EDGE('',*,*,#2915,.F.);
#4011=ORIENTED_EDGE('',*,*,#2751,.F.);
#4012=ORIENTED_EDGE('',*,*,#2916,.T.);
#4013=ORIENTED_EDGE('',*,*,#2411,.F.);
#4014=ORIENTED_EDGE('',*,*,#2916,.F.);
#4015=ORIENTED_EDGE('',*,*,#2750,.F.);
#4016=ORIENTED_EDGE('',*,*,#2917,.T.);
#4017=ORIENTED_EDGE('',*,*,#2412,.F.);
#4018=ORIENTED_EDGE('',*,*,#2917,.F.);
#4019=ORIENTED_EDGE('',*,*,#2749,.F.);
#4020=ORIENTED_EDGE('',*,*,#2918,.T.);
#4021=ORIENTED_EDGE('',*,*,#2413,.F.);
#4022=ORIENTED_EDGE('',*,*,#2918,.F.);
#4023=ORIENTED_EDGE('',*,*,#2748,.F.);
#4024=ORIENTED_EDGE('',*,*,#2919,.T.);
#4025=ORIENTED_EDGE('',*,*,#2414,.F.);
#4026=ORIENTED_EDGE('',*,*,#2919,.F.);
#4027=ORIENTED_EDGE('',*,*,#2747,.F.);
#4028=ORIENTED_EDGE('',*,*,#2914,.T.);
#4029=ORIENTED_EDGE('',*,*,#2403,.F.);
#4030=ORIENTED_EDGE('',*,*,#2920,.F.);
#4031=ORIENTED_EDGE('',*,*,#2752,.F.);
#4032=ORIENTED_EDGE('',*,*,#2921,.T.);
#4033=ORIENTED_EDGE('',*,*,#2404,.F.);
#4034=ORIENTED_EDGE('',*,*,#2921,.F.);
#4035=ORIENTED_EDGE('',*,*,#2757,.F.);
#4036=ORIENTED_EDGE('',*,*,#2922,.T.);
#4037=ORIENTED_EDGE('',*,*,#2405,.F.);
#4038=ORIENTED_EDGE('',*,*,#2922,.F.);
#4039=ORIENTED_EDGE('',*,*,#2756,.F.);
#4040=ORIENTED_EDGE('',*,*,#2923,.T.);
#4041=ORIENTED_EDGE('',*,*,#2406,.F.);
#4042=ORIENTED_EDGE('',*,*,#2923,.F.);
#4043=ORIENTED_EDGE('',*,*,#2755,.F.);
#4044=ORIENTED_EDGE('',*,*,#2924,.T.);
#4045=ORIENTED_EDGE('',*,*,#2407,.F.);
#4046=ORIENTED_EDGE('',*,*,#2924,.F.);
#4047=ORIENTED_EDGE('',*,*,#2754,.F.);
#4048=ORIENTED_EDGE('',*,*,#2925,.T.);
#4049=ORIENTED_EDGE('',*,*,#2408,.F.);
#4050=ORIENTED_EDGE('',*,*,#2925,.F.);
#4051=ORIENTED_EDGE('',*,*,#2753,.F.);
#4052=ORIENTED_EDGE('',*,*,#2920,.T.);
#4053=ORIENTED_EDGE('',*,*,#2397,.F.);
#4054=ORIENTED_EDGE('',*,*,#2926,.F.);
#4055=ORIENTED_EDGE('',*,*,#2758,.F.);
#4056=ORIENTED_EDGE('',*,*,#2927,.T.);
#4057=ORIENTED_EDGE('',*,*,#2398,.F.);
#4058=ORIENTED_EDGE('',*,*,#2927,.F.);
#4059=ORIENTED_EDGE('',*,*,#2763,.F.);
#4060=ORIENTED_EDGE('',*,*,#2928,.T.);
#4061=ORIENTED_EDGE('',*,*,#2399,.F.);
#4062=ORIENTED_EDGE('',*,*,#2928,.F.);
#4063=ORIENTED_EDGE('',*,*,#2762,.F.);
#4064=ORIENTED_EDGE('',*,*,#2929,.T.);
#4065=ORIENTED_EDGE('',*,*,#2400,.F.);
#4066=ORIENTED_EDGE('',*,*,#2929,.F.);
#4067=ORIENTED_EDGE('',*,*,#2761,.F.);
#4068=ORIENTED_EDGE('',*,*,#2930,.T.);
#4069=ORIENTED_EDGE('',*,*,#2401,.F.);
#4070=ORIENTED_EDGE('',*,*,#2930,.F.);
#4071=ORIENTED_EDGE('',*,*,#2760,.F.);
#4072=ORIENTED_EDGE('',*,*,#2931,.T.);
#4073=ORIENTED_EDGE('',*,*,#2402,.F.);
#4074=ORIENTED_EDGE('',*,*,#2931,.F.);
#4075=ORIENTED_EDGE('',*,*,#2759,.F.);
#4076=ORIENTED_EDGE('',*,*,#2926,.T.);
#4077=ORIENTED_EDGE('',*,*,#2391,.F.);
#4078=ORIENTED_EDGE('',*,*,#2932,.F.);
#4079=ORIENTED_EDGE('',*,*,#2764,.F.);
#4080=ORIENTED_EDGE('',*,*,#2933,.T.);
#4081=ORIENTED_EDGE('',*,*,#2392,.F.);
#4082=ORIENTED_EDGE('',*,*,#2933,.F.);
#4083=ORIENTED_EDGE('',*,*,#2769,.F.);
#4084=ORIENTED_EDGE('',*,*,#2934,.T.);
#4085=ORIENTED_EDGE('',*,*,#2393,.F.);
#4086=ORIENTED_EDGE('',*,*,#2934,.F.);
#4087=ORIENTED_EDGE('',*,*,#2768,.F.);
#4088=ORIENTED_EDGE('',*,*,#2935,.T.);
#4089=ORIENTED_EDGE('',*,*,#2394,.F.);
#4090=ORIENTED_EDGE('',*,*,#2935,.F.);
#4091=ORIENTED_EDGE('',*,*,#2767,.F.);
#4092=ORIENTED_EDGE('',*,*,#2936,.T.);
#4093=ORIENTED_EDGE('',*,*,#2395,.F.);
#4094=ORIENTED_EDGE('',*,*,#2936,.F.);
#4095=ORIENTED_EDGE('',*,*,#2766,.F.);
#4096=ORIENTED_EDGE('',*,*,#2937,.T.);
#4097=ORIENTED_EDGE('',*,*,#2396,.F.);
#4098=ORIENTED_EDGE('',*,*,#2937,.F.);
#4099=ORIENTED_EDGE('',*,*,#2765,.F.);
#4100=ORIENTED_EDGE('',*,*,#2932,.T.);
#4101=ORIENTED_EDGE('',*,*,#2385,.F.);
#4102=ORIENTED_EDGE('',*,*,#2938,.F.);
#4103=ORIENTED_EDGE('',*,*,#2770,.F.);
#4104=ORIENTED_EDGE('',*,*,#2939,.T.);
#4105=ORIENTED_EDGE('',*,*,#2386,.F.);
#4106=ORIENTED_EDGE('',*,*,#2939,.F.);
#4107=ORIENTED_EDGE('',*,*,#2775,.F.);
#4108=ORIENTED_EDGE('',*,*,#2940,.T.);
#4109=ORIENTED_EDGE('',*,*,#2387,.F.);
#4110=ORIENTED_EDGE('',*,*,#2940,.F.);
#4111=ORIENTED_EDGE('',*,*,#2774,.F.);
#4112=ORIENTED_EDGE('',*,*,#2941,.T.);
#4113=ORIENTED_EDGE('',*,*,#2388,.F.);
#4114=ORIENTED_EDGE('',*,*,#2941,.F.);
#4115=ORIENTED_EDGE('',*,*,#2773,.F.);
#4116=ORIENTED_EDGE('',*,*,#2942,.T.);
#4117=ORIENTED_EDGE('',*,*,#2389,.F.);
#4118=ORIENTED_EDGE('',*,*,#2942,.F.);
#4119=ORIENTED_EDGE('',*,*,#2772,.F.);
#4120=ORIENTED_EDGE('',*,*,#2943,.T.);
#4121=ORIENTED_EDGE('',*,*,#2390,.F.);
#4122=ORIENTED_EDGE('',*,*,#2943,.F.);
#4123=ORIENTED_EDGE('',*,*,#2771,.F.);
#4124=ORIENTED_EDGE('',*,*,#2938,.T.);
#4125=ORIENTED_EDGE('',*,*,#2379,.F.);
#4126=ORIENTED_EDGE('',*,*,#2944,.F.);
#4127=ORIENTED_EDGE('',*,*,#2776,.F.);
#4128=ORIENTED_EDGE('',*,*,#2945,.T.);
#4129=ORIENTED_EDGE('',*,*,#2380,.F.);
#4130=ORIENTED_EDGE('',*,*,#2945,.F.);
#4131=ORIENTED_EDGE('',*,*,#2781,.F.);
#4132=ORIENTED_EDGE('',*,*,#2946,.T.);
#4133=ORIENTED_EDGE('',*,*,#2381,.F.);
#4134=ORIENTED_EDGE('',*,*,#2946,.F.);
#4135=ORIENTED_EDGE('',*,*,#2780,.F.);
#4136=ORIENTED_EDGE('',*,*,#2947,.T.);
#4137=ORIENTED_EDGE('',*,*,#2382,.F.);
#4138=ORIENTED_EDGE('',*,*,#2947,.F.);
#4139=ORIENTED_EDGE('',*,*,#2779,.F.);
#4140=ORIENTED_EDGE('',*,*,#2948,.T.);
#4141=ORIENTED_EDGE('',*,*,#2383,.F.);
#4142=ORIENTED_EDGE('',*,*,#2948,.F.);
#4143=ORIENTED_EDGE('',*,*,#2778,.F.);
#4144=ORIENTED_EDGE('',*,*,#2949,.T.);
#4145=ORIENTED_EDGE('',*,*,#2384,.F.);
#4146=ORIENTED_EDGE('',*,*,#2949,.F.);
#4147=ORIENTED_EDGE('',*,*,#2777,.F.);
#4148=ORIENTED_EDGE('',*,*,#2944,.T.);
#4149=ORIENTED_EDGE('',*,*,#2373,.F.);
#4150=ORIENTED_EDGE('',*,*,#2950,.F.);
#4151=ORIENTED_EDGE('',*,*,#2782,.F.);
#4152=ORIENTED_EDGE('',*,*,#2951,.T.);
#4153=ORIENTED_EDGE('',*,*,#2374,.F.);
#4154=ORIENTED_EDGE('',*,*,#2951,.F.);
#4155=ORIENTED_EDGE('',*,*,#2787,.F.);
#4156=ORIENTED_EDGE('',*,*,#2952,.T.);
#4157=ORIENTED_EDGE('',*,*,#2375,.F.);
#4158=ORIENTED_EDGE('',*,*,#2952,.F.);
#4159=ORIENTED_EDGE('',*,*,#2786,.F.);
#4160=ORIENTED_EDGE('',*,*,#2953,.T.);
#4161=ORIENTED_EDGE('',*,*,#2376,.F.);
#4162=ORIENTED_EDGE('',*,*,#2953,.F.);
#4163=ORIENTED_EDGE('',*,*,#2785,.F.);
#4164=ORIENTED_EDGE('',*,*,#2954,.T.);
#4165=ORIENTED_EDGE('',*,*,#2377,.F.);
#4166=ORIENTED_EDGE('',*,*,#2954,.F.);
#4167=ORIENTED_EDGE('',*,*,#2784,.F.);
#4168=ORIENTED_EDGE('',*,*,#2955,.T.);
#4169=ORIENTED_EDGE('',*,*,#2378,.F.);
#4170=ORIENTED_EDGE('',*,*,#2955,.F.);
#4171=ORIENTED_EDGE('',*,*,#2783,.F.);
#4172=ORIENTED_EDGE('',*,*,#2950,.T.);
#4173=ORIENTED_EDGE('',*,*,#2367,.F.);
#4174=ORIENTED_EDGE('',*,*,#2956,.F.);
#4175=ORIENTED_EDGE('',*,*,#2788,.F.);
#4176=ORIENTED_EDGE('',*,*,#2957,.T.);
#4177=ORIENTED_EDGE('',*,*,#2368,.F.);
#4178=ORIENTED_EDGE('',*,*,#2957,.F.);
#4179=ORIENTED_EDGE('',*,*,#2793,.F.);
#4180=ORIENTED_EDGE('',*,*,#2958,.T.);
#4181=ORIENTED_EDGE('',*,*,#2369,.F.);
#4182=ORIENTED_EDGE('',*,*,#2958,.F.);
#4183=ORIENTED_EDGE('',*,*,#2792,.F.);
#4184=ORIENTED_EDGE('',*,*,#2959,.T.);
#4185=ORIENTED_EDGE('',*,*,#2370,.F.);
#4186=ORIENTED_EDGE('',*,*,#2959,.F.);
#4187=ORIENTED_EDGE('',*,*,#2791,.F.);
#4188=ORIENTED_EDGE('',*,*,#2960,.T.);
#4189=ORIENTED_EDGE('',*,*,#2371,.F.);
#4190=ORIENTED_EDGE('',*,*,#2960,.F.);
#4191=ORIENTED_EDGE('',*,*,#2790,.F.);
#4192=ORIENTED_EDGE('',*,*,#2961,.T.);
#4193=ORIENTED_EDGE('',*,*,#2372,.F.);
#4194=ORIENTED_EDGE('',*,*,#2961,.F.);
#4195=ORIENTED_EDGE('',*,*,#2789,.F.);
#4196=ORIENTED_EDGE('',*,*,#2956,.T.);
#4197=ORIENTED_EDGE('',*,*,#2353,.F.);
#4198=ORIENTED_EDGE('',*,*,#2962,.F.);
#4199=ORIENTED_EDGE('',*,*,#2963,.T.);
#4200=ORIENTED_EDGE('',*,*,#2343,.T.);
#4201=ORIENTED_EDGE('',*,*,#2339,.F.);
#4202=ORIENTED_EDGE('',*,*,#2612,.T.);
#4203=ORIENTED_EDGE('',*,*,#2964,.T.);
#4204=ORIENTED_EDGE('',*,*,#2965,.T.);
#4205=ORIENTED_EDGE('',*,*,#2964,.F.);
#4206=ORIENTED_EDGE('',*,*,#2356,.F.);
#4207=ORIENTED_EDGE('',*,*,#2966,.F.);
#4208=ORIENTED_EDGE('',*,*,#2536,.T.);
#4209=ORIENTED_EDGE('',*,*,#2621,.F.);
#4210=ORIENTED_EDGE('',*,*,#2967,.F.);
#4211=ORIENTED_EDGE('',*,*,#2962,.T.);
#4212=ORIENTED_EDGE('',*,*,#2965,.F.);
#4213=ORIENTED_EDGE('',*,*,#2580,.T.);
#4214=ORIENTED_EDGE('',*,*,#2968,.T.);
#4215=ORIENTED_EDGE('',*,*,#2969,.T.);
#4216=ORIENTED_EDGE('',*,*,#2968,.F.);
#4217=ORIENTED_EDGE('',*,*,#2363,.T.);
#4218=ORIENTED_EDGE('',*,*,#2970,.F.);
#4219=ORIENTED_EDGE('',*,*,#2971,.F.);
#4220=ORIENTED_EDGE('',*,*,#2622,.T.);
#4221=ORIENTED_EDGE('',*,*,#2365,.T.);
#4222=ORIENTED_EDGE('',*,*,#2351,.F.);
#4223=ORIENTED_EDGE('',*,*,#2972,.T.);
#4224=ORIENTED_EDGE('',*,*,#2970,.T.);
#4225=ORIENTED_EDGE('',*,*,#2362,.F.);
#4226=ORIENTED_EDGE('',*,*,#2537,.F.);
#4227=ORIENTED_EDGE('',*,*,#2966,.T.);
#4228=ORIENTED_EDGE('',*,*,#2355,.T.);
#4229=ORIENTED_EDGE('',*,*,#2618,.F.);
#4230=ORIENTED_EDGE('',*,*,#2623,.F.);
#4231=ORIENTED_EDGE('',*,*,#2971,.T.);
#4232=ORIENTED_EDGE('',*,*,#2972,.F.);
#4233=ORIENTED_EDGE('',*,*,#2350,.F.);
#4234=ORIENTED_EDGE('',*,*,#2539,.T.);
#4235=ORIENTED_EDGE('',*,*,#2969,.F.);
#4236=ORIENTED_EDGE('',*,*,#2542,.T.);
#4237=ORIENTED_EDGE('',*,*,#2973,.F.);
#4238=ORIENTED_EDGE('',*,*,#2974,.F.);
#4239=ORIENTED_EDGE('',*,*,#2975,.T.);
#4240=ORIENTED_EDGE('',*,*,#2564,.T.);
#4241=ORIENTED_EDGE('',*,*,#2976,.T.);
#4242=ORIENTED_EDGE('',*,*,#2977,.T.);
#4243=ORIENTED_EDGE('',*,*,#2976,.F.);
#4244=ORIENTED_EDGE('',*,*,#2345,.F.);
#4245=ORIENTED_EDGE('',*,*,#2978,.F.);
#4246=ORIENTED_EDGE('',*,*,#2613,.T.);
#4247=ORIENTED_EDGE('',*,*,#2336,.T.);
#4248=ORIENTED_EDGE('',*,*,#2332,.F.);
#4249=ORIENTED_EDGE('',*,*,#2366,.T.);
#4250=ORIENTED_EDGE('',*,*,#2359,.F.);
#4251=ORIENTED_EDGE('',*,*,#2979,.F.);
#4252=ORIENTED_EDGE('',*,*,#2546,.T.);
#4253=ORIENTED_EDGE('',*,*,#2543,.F.);
#4254=ORIENTED_EDGE('',*,*,#2975,.F.);
#4255=ORIENTED_EDGE('',*,*,#2980,.T.);
#4256=ORIENTED_EDGE('',*,*,#2347,.T.);
#4257=ORIENTED_EDGE('',*,*,#2614,.F.);
#4258=ORIENTED_EDGE('',*,*,#2978,.T.);
#4259=ORIENTED_EDGE('',*,*,#2348,.F.);
#4260=ORIENTED_EDGE('',*,*,#2980,.F.);
#4261=ORIENTED_EDGE('',*,*,#2974,.T.);
#4262=ORIENTED_EDGE('',*,*,#2981,.F.);
#4263=ORIENTED_EDGE('',*,*,#2977,.F.);
#4264=ORIENTED_EDGE('',*,*,#2963,.F.);
#4265=ORIENTED_EDGE('',*,*,#2967,.T.);
#4266=ORIENTED_EDGE('',*,*,#2620,.T.);
#4267=ORIENTED_EDGE('',*,*,#2610,.T.);
#4268=ORIENTED_EDGE('',*,*,#2605,.T.);
#4269=ORIENTED_EDGE('',*,*,#2625,.F.);
#4270=ORIENTED_EDGE('',*,*,#2584,.T.);
#4271=ORIENTED_EDGE('',*,*,#2594,.T.);
#4272=ORIENTED_EDGE('',*,*,#2982,.F.);
#4273=ORIENTED_EDGE('',*,*,#2983,.T.);
#4274=ORIENTED_EDGE('',*,*,#2540,.T.);
#4275=ORIENTED_EDGE('',*,*,#2344,.T.);
#4276=ORIENTED_EDGE('',*,*,#2563,.T.);
#4277=ORIENTED_EDGE('',*,*,#2615,.F.);
#4278=ORIENTED_EDGE('',*,*,#2981,.T.);
#4279=ORIENTED_EDGE('',*,*,#2973,.T.);
#4280=ORIENTED_EDGE('',*,*,#2545,.F.);
#4281=ORIENTED_EDGE('',*,*,#2548,.F.);
#4282=ORIENTED_EDGE('',*,*,#2984,.T.);
#4283=ORIENTED_EDGE('',*,*,#2982,.T.);
#4284=ORIENTED_EDGE('',*,*,#2595,.T.);
#4285=ORIENTED_EDGE('',*,*,#2592,.T.);
#4286=ORIENTED_EDGE('',*,*,#2624,.F.);
#4287=ORIENTED_EDGE('',*,*,#2561,.T.);
#4288=ORIENTED_EDGE('',*,*,#2596,.T.);
#4289=ORIENTED_EDGE('',*,*,#2985,.T.);
#4290=ORIENTED_EDGE('',*,*,#2986,.T.);
#4291=ORIENTED_EDGE('',*,*,#2985,.F.);
#4292=ORIENTED_EDGE('',*,*,#2547,.F.);
#4293=ORIENTED_EDGE('',*,*,#2979,.T.);
#4294=ORIENTED_EDGE('',*,*,#2358,.T.);
#4295=ORIENTED_EDGE('',*,*,#2541,.F.);
#4296=ORIENTED_EDGE('',*,*,#2983,.F.);
#4297=ORIENTED_EDGE('',*,*,#2984,.F.);
#4298=ORIENTED_EDGE('',*,*,#2986,.F.);
#4299=PLANE('',#4741);
#4300=PLANE('',#4742);
#4301=PLANE('',#4743);
#4302=PLANE('',#4744);
#4303=PLANE('',#4745);
#4304=PLANE('',#4746);
#4305=PLANE('',#4747);
#4306=PLANE('',#4748);
#4307=PLANE('',#4749);
#4308=PLANE('',#4750);
#4309=PLANE('',#4751);
#4310=PLANE('',#4752);
#4311=PLANE('',#4753);
#4312=PLANE('',#4754);
#4313=PLANE('',#4755);
#4314=PLANE('',#4756);
#4315=PLANE('',#4757);
#4316=PLANE('',#4758);
#4317=PLANE('',#4759);
#4318=PLANE('',#4760);
#4319=PLANE('',#4762);
#4320=PLANE('',#4763);
#4321=PLANE('',#4764);
#4322=PLANE('',#4765);
#4323=PLANE('',#4766);
#4324=PLANE('',#4768);
#4325=PLANE('',#4769);
#4326=PLANE('',#4770);
#4327=PLANE('',#4771);
#4328=PLANE('',#4772);
#4329=PLANE('',#4774);
#4330=PLANE('',#4775);
#4331=PLANE('',#4776);
#4332=PLANE('',#4777);
#4333=PLANE('',#4778);
#4334=PLANE('',#4780);
#4335=PLANE('',#4781);
#4336=PLANE('',#4782);
#4337=PLANE('',#4783);
#4338=PLANE('',#4784);
#4339=PLANE('',#4785);
#4340=PLANE('',#4786);
#4341=PLANE('',#4787);
#4342=PLANE('',#4788);
#4343=PLANE('',#4789);
#4344=PLANE('',#4790);
#4345=PLANE('',#4791);
#4346=PLANE('',#4792);
#4347=PLANE('',#4793);
#4348=PLANE('',#4794);
#4349=PLANE('',#4795);
#4350=PLANE('',#4796);
#4351=PLANE('',#4797);
#4352=PLANE('',#4798);
#4353=PLANE('',#4799);
#4354=PLANE('',#4800);
#4355=PLANE('',#4801);
#4356=PLANE('',#4802);
#4357=PLANE('',#4803);
#4358=PLANE('',#4804);
#4359=PLANE('',#4805);
#4360=PLANE('',#4806);
#4361=PLANE('',#4807);
#4362=PLANE('',#4808);
#4363=PLANE('',#4809);
#4364=PLANE('',#4810);
#4365=PLANE('',#4811);
#4366=PLANE('',#4812);
#4367=PLANE('',#4813);
#4368=PLANE('',#4814);
#4369=PLANE('',#4815);
#4370=PLANE('',#4816);
#4371=PLANE('',#4817);
#4372=PLANE('',#4818);
#4373=PLANE('',#4819);
#4374=PLANE('',#4820);
#4375=PLANE('',#4821);
#4376=PLANE('',#4822);
#4377=PLANE('',#4823);
#4378=PLANE('',#4824);
#4379=PLANE('',#4825);
#4380=PLANE('',#4826);
#4381=PLANE('',#4827);
#4382=PLANE('',#4828);
#4383=PLANE('',#4829);
#4384=PLANE('',#4830);
#4385=PLANE('',#4831);
#4386=PLANE('',#4832);
#4387=PLANE('',#4833);
#4388=PLANE('',#4834);
#4389=PLANE('',#4835);
#4390=PLANE('',#4836);
#4391=PLANE('',#4837);
#4392=PLANE('',#4838);
#4393=PLANE('',#4839);
#4394=PLANE('',#4840);
#4395=PLANE('',#4841);
#4396=PLANE('',#4842);
#4397=PLANE('',#4843);
#4398=PLANE('',#4844);
#4399=PLANE('',#4845);
#4400=PLANE('',#4846);
#4401=PLANE('',#4847);
#4402=PLANE('',#4848);
#4403=PLANE('',#4849);
#4404=PLANE('',#4850);
#4405=PLANE('',#4851);
#4406=PLANE('',#4852);
#4407=PLANE('',#4853);
#4408=PLANE('',#4854);
#4409=PLANE('',#4855);
#4410=PLANE('',#4856);
#4411=PLANE('',#4857);
#4412=PLANE('',#4858);
#4413=PLANE('',#4859);
#4414=PLANE('',#4860);
#4415=PLANE('',#4861);
#4416=PLANE('',#4862);
#4417=PLANE('',#4863);
#4418=PLANE('',#4864);
#4419=PLANE('',#4865);
#4420=PLANE('',#4866);
#4421=PLANE('',#4867);
#4422=PLANE('',#4868);
#4423=PLANE('',#4869);
#4424=PLANE('',#4870);
#4425=PLANE('',#4871);
#4426=PLANE('',#4872);
#4427=PLANE('',#4873);
#4428=PLANE('',#4874);
#4429=PLANE('',#4875);
#4430=PLANE('',#4876);
#4431=PLANE('',#4877);
#4432=PLANE('',#4878);
#4433=PLANE('',#4879);
#4434=PLANE('',#4880);
#4435=PLANE('',#4881);
#4436=PLANE('',#4882);
#4437=PLANE('',#4883);
#4438=PLANE('',#4884);
#4439=PLANE('',#4885);
#4440=PLANE('',#4886);
#4441=PLANE('',#4887);
#4442=PLANE('',#4888);
#4443=PLANE('',#4889);
#4444=PLANE('',#4890);
#4445=PLANE('',#4891);
#4446=PLANE('',#4892);
#4447=PLANE('',#4893);
#4448=PLANE('',#4894);
#4449=PLANE('',#4895);
#4450=PLANE('',#4896);
#4451=PLANE('',#4897);
#4452=PLANE('',#4898);
#4453=PLANE('',#4899);
#4454=PLANE('',#4900);
#4455=PLANE('',#4901);
#4456=PLANE('',#4902);
#4457=PLANE('',#4903);
#4458=PLANE('',#4904);
#4459=PLANE('',#4905);
#4460=PLANE('',#4906);
#4461=PLANE('',#4907);
#4462=PLANE('',#4908);
#4463=PLANE('',#4909);
#4464=PLANE('',#4910);
#4465=PLANE('',#4911);
#4466=PLANE('',#4912);
#4467=PLANE('',#4913);
#4468=PLANE('',#4914);
#4469=PLANE('',#4915);
#4470=PLANE('',#4916);
#4471=PLANE('',#4917);
#4472=PLANE('',#4918);
#4473=PLANE('',#4919);
#4474=PLANE('',#4920);
#4475=PLANE('',#4921);
#4476=PLANE('',#4922);
#4477=PLANE('',#4923);
#4478=PLANE('',#4924);
#4479=PLANE('',#4925);
#4480=PLANE('',#4926);
#4481=PLANE('',#4927);
#4482=PLANE('',#4928);
#4483=PLANE('',#4929);
#4484=PLANE('',#4930);
#4485=PLANE('',#4931);
#4486=PLANE('',#4932);
#4487=PLANE('',#4933);
#4488=PLANE('',#4934);
#4489=PLANE('',#4935);
#4490=PLANE('',#4936);
#4491=PLANE('',#4937);
#4492=PLANE('',#4938);
#4493=PLANE('',#4939);
#4494=PLANE('',#4940);
#4495=PLANE('',#4941);
#4496=PLANE('',#4942);
#4497=PLANE('',#4943);
#4498=PLANE('',#4944);
#4499=PLANE('',#4945);
#4500=PLANE('',#4946);
#4501=PLANE('',#4947);
#4502=PLANE('',#4948);
#4503=PLANE('',#4949);
#4504=PLANE('',#4950);
#4505=PLANE('',#4951);
#4506=PLANE('',#4954);
#4507=PLANE('',#4957);
#4508=PLANE('',#4958);
#4509=PLANE('',#4959);
#4510=PLANE('',#4960);
#4511=PLANE('',#4963);
#4512=PLANE('',#4964);
#4513=PLANE('',#4965);
#4514=PLANE('',#4966);
#4515=PLANE('',#4967);
#4516=PLANE('',#4970);
#4517=ADVANCED_FACE('',(#91),#4299,.F.);
#4518=ADVANCED_FACE('',(#92),#4300,.F.);
#4519=ADVANCED_FACE('',(#93),#4301,.F.);
#4520=ADVANCED_FACE('',(#94),#4302,.F.);
#4521=ADVANCED_FACE('',(#95),#4303,.T.);
#4522=ADVANCED_FACE('',(#96),#4304,.T.);
#4523=ADVANCED_FACE('',(#97),#4305,.T.);
#4524=ADVANCED_FACE('',(#98),#4306,.T.);
#4525=ADVANCED_FACE('',(#99),#4307,.F.);
#4526=ADVANCED_FACE('',(#100,#27,#28,#29,#30,#31,#32,#33,#34,#35,#36,#37,
#38,#39,#40,#41,#42,#43,#44,#45,#46,#47,#48,#49,#50,#51,#52,#53,#54),#4308,
 .F.);
#4527=ADVANCED_FACE('',(#101),#4309,.T.);
#4528=ADVANCED_FACE('',(#102),#4310,.T.);
#4529=ADVANCED_FACE('',(#103),#4311,.T.);
#4530=ADVANCED_FACE('',(#104),#4312,.F.);
#4531=ADVANCED_FACE('',(#105),#4313,.T.);
#4532=ADVANCED_FACE('',(#106),#4314,.F.);
#4533=ADVANCED_FACE('',(#107),#4315,.F.);
#4534=ADVANCED_FACE('',(#108),#4316,.F.);
#4535=ADVANCED_FACE('',(#109),#4317,.F.);
#4536=ADVANCED_FACE('',(#110,#55),#4318,.T.);
#4537=ADVANCED_FACE('',(#111),#4319,.F.);
#4538=ADVANCED_FACE('',(#112),#4320,.F.);
#4539=ADVANCED_FACE('',(#113),#4321,.F.);
#4540=ADVANCED_FACE('',(#114),#4322,.F.);
#4541=ADVANCED_FACE('',(#115,#56),#4323,.T.);
#4542=ADVANCED_FACE('',(#116),#4324,.F.);
#4543=ADVANCED_FACE('',(#117),#4325,.F.);
#4544=ADVANCED_FACE('',(#118),#4326,.F.);
#4545=ADVANCED_FACE('',(#119),#4327,.F.);
#4546=ADVANCED_FACE('',(#120,#57),#4328,.T.);
#4547=ADVANCED_FACE('',(#121),#4329,.F.);
#4548=ADVANCED_FACE('',(#122),#4330,.F.);
#4549=ADVANCED_FACE('',(#123),#4331,.F.);
#4550=ADVANCED_FACE('',(#124),#4332,.F.);
#4551=ADVANCED_FACE('',(#125,#58),#4333,.T.);
#4552=ADVANCED_FACE('',(#126),#4334,.T.);
#4553=ADVANCED_FACE('',(#127),#4335,.T.);
#4554=ADVANCED_FACE('',(#128,#59,#60,#61,#62,#63,#64,#65,#66,#67,#68,#69,
#70,#71,#72,#73,#74,#75,#76,#77,#78,#79,#80,#81,#82,#83,#84,#85,#86),#4336,
 .T.);
#4555=ADVANCED_FACE('',(#129),#4337,.F.);
#4556=ADVANCED_FACE('',(#130),#4338,.F.);
#4557=ADVANCED_FACE('',(#131),#4339,.F.);
#4558=ADVANCED_FACE('',(#132),#4340,.F.);
#4559=ADVANCED_FACE('',(#133),#4341,.F.);
#4560=ADVANCED_FACE('',(#134),#4342,.F.);
#4561=ADVANCED_FACE('',(#135),#4343,.F.);
#4562=ADVANCED_FACE('',(#136),#4344,.F.);
#4563=ADVANCED_FACE('',(#137),#4345,.F.);
#4564=ADVANCED_FACE('',(#138),#4346,.F.);
#4565=ADVANCED_FACE('',(#139),#4347,.F.);
#4566=ADVANCED_FACE('',(#140),#4348,.F.);
#4567=ADVANCED_FACE('',(#141),#4349,.F.);
#4568=ADVANCED_FACE('',(#142),#4350,.F.);
#4569=ADVANCED_FACE('',(#143),#4351,.F.);
#4570=ADVANCED_FACE('',(#144),#4352,.F.);
#4571=ADVANCED_FACE('',(#145),#4353,.F.);
#4572=ADVANCED_FACE('',(#146),#4354,.F.);
#4573=ADVANCED_FACE('',(#147),#4355,.F.);
#4574=ADVANCED_FACE('',(#148),#4356,.F.);
#4575=ADVANCED_FACE('',(#149),#4357,.F.);
#4576=ADVANCED_FACE('',(#150),#4358,.F.);
#4577=ADVANCED_FACE('',(#151),#4359,.F.);
#4578=ADVANCED_FACE('',(#152),#4360,.F.);
#4579=ADVANCED_FACE('',(#153),#4361,.F.);
#4580=ADVANCED_FACE('',(#154),#4362,.F.);
#4581=ADVANCED_FACE('',(#155),#4363,.F.);
#4582=ADVANCED_FACE('',(#156),#4364,.F.);
#4583=ADVANCED_FACE('',(#157),#4365,.F.);
#4584=ADVANCED_FACE('',(#158),#4366,.F.);
#4585=ADVANCED_FACE('',(#159),#4367,.F.);
#4586=ADVANCED_FACE('',(#160),#4368,.F.);
#4587=ADVANCED_FACE('',(#161),#4369,.F.);
#4588=ADVANCED_FACE('',(#162),#4370,.F.);
#4589=ADVANCED_FACE('',(#163),#4371,.F.);
#4590=ADVANCED_FACE('',(#164),#4372,.F.);
#4591=ADVANCED_FACE('',(#165),#4373,.F.);
#4592=ADVANCED_FACE('',(#166),#4374,.F.);
#4593=ADVANCED_FACE('',(#167),#4375,.F.);
#4594=ADVANCED_FACE('',(#168),#4376,.F.);
#4595=ADVANCED_FACE('',(#169),#4377,.F.);
#4596=ADVANCED_FACE('',(#170),#4378,.F.);
#4597=ADVANCED_FACE('',(#171),#4379,.F.);
#4598=ADVANCED_FACE('',(#172),#4380,.F.);
#4599=ADVANCED_FACE('',(#173),#4381,.F.);
#4600=ADVANCED_FACE('',(#174),#4382,.F.);
#4601=ADVANCED_FACE('',(#175),#4383,.F.);
#4602=ADVANCED_FACE('',(#176),#4384,.F.);
#4603=ADVANCED_FACE('',(#177),#4385,.F.);
#4604=ADVANCED_FACE('',(#178),#4386,.F.);
#4605=ADVANCED_FACE('',(#179),#4387,.F.);
#4606=ADVANCED_FACE('',(#180),#4388,.F.);
#4607=ADVANCED_FACE('',(#181),#4389,.F.);
#4608=ADVANCED_FACE('',(#182),#4390,.F.);
#4609=ADVANCED_FACE('',(#183),#4391,.F.);
#4610=ADVANCED_FACE('',(#184),#4392,.F.);
#4611=ADVANCED_FACE('',(#185),#4393,.F.);
#4612=ADVANCED_FACE('',(#186),#4394,.F.);
#4613=ADVANCED_FACE('',(#187),#4395,.F.);
#4614=ADVANCED_FACE('',(#188),#4396,.F.);
#4615=ADVANCED_FACE('',(#189),#4397,.F.);
#4616=ADVANCED_FACE('',(#190),#4398,.F.);
#4617=ADVANCED_FACE('',(#191),#4399,.F.);
#4618=ADVANCED_FACE('',(#192),#4400,.F.);
#4619=ADVANCED_FACE('',(#193),#4401,.F.);
#4620=ADVANCED_FACE('',(#194),#4402,.F.);
#4621=ADVANCED_FACE('',(#195),#4403,.F.);
#4622=ADVANCED_FACE('',(#196),#4404,.F.);
#4623=ADVANCED_FACE('',(#197),#4405,.F.);
#4624=ADVANCED_FACE('',(#198),#4406,.F.);
#4625=ADVANCED_FACE('',(#199),#4407,.F.);
#4626=ADVANCED_FACE('',(#200),#4408,.F.);
#4627=ADVANCED_FACE('',(#201),#4409,.F.);
#4628=ADVANCED_FACE('',(#202),#4410,.F.);
#4629=ADVANCED_FACE('',(#203),#4411,.F.);
#4630=ADVANCED_FACE('',(#204),#4412,.F.);
#4631=ADVANCED_FACE('',(#205),#4413,.F.);
#4632=ADVANCED_FACE('',(#206),#4414,.F.);
#4633=ADVANCED_FACE('',(#207),#4415,.F.);
#4634=ADVANCED_FACE('',(#208),#4416,.F.);
#4635=ADVANCED_FACE('',(#209),#4417,.F.);
#4636=ADVANCED_FACE('',(#210),#4418,.F.);
#4637=ADVANCED_FACE('',(#211),#4419,.F.);
#4638=ADVANCED_FACE('',(#212),#4420,.F.);
#4639=ADVANCED_FACE('',(#213),#4421,.F.);
#4640=ADVANCED_FACE('',(#214),#4422,.F.);
#4641=ADVANCED_FACE('',(#215),#4423,.F.);
#4642=ADVANCED_FACE('',(#216),#4424,.F.);
#4643=ADVANCED_FACE('',(#217),#4425,.F.);
#4644=ADVANCED_FACE('',(#218),#4426,.F.);
#4645=ADVANCED_FACE('',(#219),#4427,.F.);
#4646=ADVANCED_FACE('',(#220),#4428,.F.);
#4647=ADVANCED_FACE('',(#221),#4429,.F.);
#4648=ADVANCED_FACE('',(#222),#4430,.F.);
#4649=ADVANCED_FACE('',(#223),#4431,.F.);
#4650=ADVANCED_FACE('',(#224),#4432,.F.);
#4651=ADVANCED_FACE('',(#225),#4433,.F.);
#4652=ADVANCED_FACE('',(#226),#4434,.F.);
#4653=ADVANCED_FACE('',(#227),#4435,.F.);
#4654=ADVANCED_FACE('',(#228),#4436,.F.);
#4655=ADVANCED_FACE('',(#229),#4437,.F.);
#4656=ADVANCED_FACE('',(#230),#4438,.F.);
#4657=ADVANCED_FACE('',(#231),#4439,.F.);
#4658=ADVANCED_FACE('',(#232),#4440,.F.);
#4659=ADVANCED_FACE('',(#233),#4441,.F.);
#4660=ADVANCED_FACE('',(#234),#4442,.F.);
#4661=ADVANCED_FACE('',(#235),#4443,.F.);
#4662=ADVANCED_FACE('',(#236),#4444,.F.);
#4663=ADVANCED_FACE('',(#237),#4445,.F.);
#4664=ADVANCED_FACE('',(#238),#4446,.F.);
#4665=ADVANCED_FACE('',(#239),#4447,.F.);
#4666=ADVANCED_FACE('',(#240),#4448,.F.);
#4667=ADVANCED_FACE('',(#241),#4449,.F.);
#4668=ADVANCED_FACE('',(#242),#4450,.F.);
#4669=ADVANCED_FACE('',(#243),#4451,.F.);
#4670=ADVANCED_FACE('',(#244),#4452,.F.);
#4671=ADVANCED_FACE('',(#245),#4453,.F.);
#4672=ADVANCED_FACE('',(#246),#4454,.F.);
#4673=ADVANCED_FACE('',(#247),#4455,.F.);
#4674=ADVANCED_FACE('',(#248),#4456,.F.);
#4675=ADVANCED_FACE('',(#249),#4457,.F.);
#4676=ADVANCED_FACE('',(#250),#4458,.F.);
#4677=ADVANCED_FACE('',(#251),#4459,.F.);
#4678=ADVANCED_FACE('',(#252),#4460,.F.);
#4679=ADVANCED_FACE('',(#253),#4461,.F.);
#4680=ADVANCED_FACE('',(#254),#4462,.F.);
#4681=ADVANCED_FACE('',(#255),#4463,.F.);
#4682=ADVANCED_FACE('',(#256),#4464,.F.);
#4683=ADVANCED_FACE('',(#257),#4465,.F.);
#4684=ADVANCED_FACE('',(#258),#4466,.F.);
#4685=ADVANCED_FACE('',(#259),#4467,.F.);
#4686=ADVANCED_FACE('',(#260),#4468,.F.);
#4687=ADVANCED_FACE('',(#261),#4469,.F.);
#4688=ADVANCED_FACE('',(#262),#4470,.F.);
#4689=ADVANCED_FACE('',(#263),#4471,.F.);
#4690=ADVANCED_FACE('',(#264),#4472,.F.);
#4691=ADVANCED_FACE('',(#265),#4473,.F.);
#4692=ADVANCED_FACE('',(#266),#4474,.F.);
#4693=ADVANCED_FACE('',(#267),#4475,.F.);
#4694=ADVANCED_FACE('',(#268),#4476,.F.);
#4695=ADVANCED_FACE('',(#269),#4477,.F.);
#4696=ADVANCED_FACE('',(#270),#4478,.F.);
#4697=ADVANCED_FACE('',(#271),#4479,.F.);
#4698=ADVANCED_FACE('',(#272),#4480,.F.);
#4699=ADVANCED_FACE('',(#273),#4481,.F.);
#4700=ADVANCED_FACE('',(#274),#4482,.F.);
#4701=ADVANCED_FACE('',(#275),#4483,.F.);
#4702=ADVANCED_FACE('',(#276),#4484,.F.);
#4703=ADVANCED_FACE('',(#277),#4485,.F.);
#4704=ADVANCED_FACE('',(#278),#4486,.F.);
#4705=ADVANCED_FACE('',(#279),#4487,.F.);
#4706=ADVANCED_FACE('',(#280),#4488,.F.);
#4707=ADVANCED_FACE('',(#281),#4489,.F.);
#4708=ADVANCED_FACE('',(#282),#4490,.F.);
#4709=ADVANCED_FACE('',(#283),#4491,.F.);
#4710=ADVANCED_FACE('',(#284),#4492,.F.);
#4711=ADVANCED_FACE('',(#285),#4493,.F.);
#4712=ADVANCED_FACE('',(#286),#4494,.F.);
#4713=ADVANCED_FACE('',(#287),#4495,.F.);
#4714=ADVANCED_FACE('',(#288),#4496,.F.);
#4715=ADVANCED_FACE('',(#289),#4497,.F.);
#4716=ADVANCED_FACE('',(#290),#4498,.F.);
#4717=ADVANCED_FACE('',(#291),#4499,.F.);
#4718=ADVANCED_FACE('',(#292),#4500,.F.);
#4719=ADVANCED_FACE('',(#293),#4501,.F.);
#4720=ADVANCED_FACE('',(#294),#4502,.F.);
#4721=ADVANCED_FACE('',(#295),#4503,.F.);
#4722=ADVANCED_FACE('',(#296),#4504,.F.);
#4723=ADVANCED_FACE('',(#297),#4505,.T.);
#4724=ADVANCED_FACE('',(#298),#15,.F.);
#4725=ADVANCED_FACE('',(#299,#87),#4506,.F.);
#4726=ADVANCED_FACE('',(#300),#16,.F.);
#4727=ADVANCED_FACE('',(#301),#4507,.T.);
#4728=ADVANCED_FACE('',(#302),#4508,.T.);
#4729=ADVANCED_FACE('',(#303,#88),#4509,.F.);
#4730=ADVANCED_FACE('',(#304),#4510,.T.);
#4731=ADVANCED_FACE('',(#305),#17,.F.);
#4732=ADVANCED_FACE('',(#306),#4511,.T.);
#4733=ADVANCED_FACE('',(#307),#4512,.T.);
#4734=ADVANCED_FACE('',(#308,#89),#4513,.F.);
#4735=ADVANCED_FACE('',(#309),#4514,.T.);
#4736=ADVANCED_FACE('',(#310),#4515,.T.);
#4737=ADVANCED_FACE('',(#311),#18,.F.);
#4738=ADVANCED_FACE('',(#312,#90),#4516,.F.);
#4739=CLOSED_SHELL('',(#4517,#4518,#4519,#4520,#4521,#4522,#4523,#4524,
#4525,#4526,#4527,#4528,#4529,#4530,#4531,#4532,#4533,#4534,#4535,#4536,
#4537,#4538,#4539,#4540,#4541,#4542,#4543,#4544,#4545,#4546,#4547,#4548,
#4549,#4550,#4551,#4552,#4553,#4554,#4555,#4556,#4557,#4558,#4559,#4560,
#4561,#4562,#4563,#4564,#4565,#4566,#4567,#4568,#4569,#4570,#4571,#4572,
#4573,#4574,#4575,#4576,#4577,#4578,#4579,#4580,#4581,#4582,#4583,#4584,
#4585,#4586,#4587,#4588,#4589,#4590,#4591,#4592,#4593,#4594,#4595,#4596,
#4597,#4598,#4599,#4600,#4601,#4602,#4603,#4604,#4605,#4606,#4607,#4608,
#4609,#4610,#4611,#4612,#4613,#4614,#4615,#4616,#4617,#4618,#4619,#4620,
#4621,#4622,#4623,#4624,#4625,#4626,#4627,#4628,#4629,#4630,#4631,#4632,
#4633,#4634,#4635,#4636,#4637,#4638,#4639,#4640,#4641,#4642,#4643,#4644,
#4645,#4646,#4647,#4648,#4649,#4650,#4651,#4652,#4653,#4654,#4655,#4656,
#4657,#4658,#4659,#4660,#4661,#4662,#4663,#4664,#4665,#4666,#4667,#4668,
#4669,#4670,#4671,#4672,#4673,#4674,#4675,#4676,#4677,#4678,#4679,#4680,
#4681,#4682,#4683,#4684,#4685,#4686,#4687,#4688,#4689,#4690,#4691,#4692,
#4693,#4694,#4695,#4696,#4697,#4698,#4699,#4700,#4701,#4702,#4703,#4704,
#4705,#4706,#4707,#4708,#4709,#4710,#4711,#4712,#4713,#4714,#4715,#4716,
#4717,#4718,#4719,#4720,#4721,#4722,#4723,#4724,#4725,#4726,#4727,#4728,
#4729,#4730,#4731,#4732,#4733,#4734,#4735,#4736,#4737,#4738));
#4740=AXIS2_PLACEMENT_3D('',#6081,#4971,#4972);
#4741=AXIS2_PLACEMENT_3D('',#6082,#4973,#4974);
#4742=AXIS2_PLACEMENT_3D('',#6091,#4979,#4980);
#4743=AXIS2_PLACEMENT_3D('',#6097,#4984,#4985);
#4744=AXIS2_PLACEMENT_3D('',#6106,#4990,#4991);
#4745=AXIS2_PLACEMENT_3D('',#6112,#4995,#4996);
#4746=AXIS2_PLACEMENT_3D('',#6120,#5001,#5002);
#4747=AXIS2_PLACEMENT_3D('',#6128,#5007,#5008);
#4748=AXIS2_PLACEMENT_3D('',#6136,#5013,#5014);
#4749=AXIS2_PLACEMENT_3D('',#6144,#5019,#5020);
#4750=AXIS2_PLACEMENT_3D('',#6153,#5025,#5026);
#4751=AXIS2_PLACEMENT_3D('',#6492,#5197,#5198);
#4752=AXIS2_PLACEMENT_3D('',#6498,#5202,#5203);
#4753=AXIS2_PLACEMENT_3D('',#6502,#5206,#5207);
#4754=AXIS2_PLACEMENT_3D('',#6506,#5210,#5211);
#4755=AXIS2_PLACEMENT_3D('',#6515,#5216,#5217);
#4756=AXIS2_PLACEMENT_3D('',#6521,#5221,#5222);
#4757=AXIS2_PLACEMENT_3D('',#6530,#5227,#5228);
#4758=AXIS2_PLACEMENT_3D('',#6536,#5232,#5233);
#4759=AXIS2_PLACEMENT_3D('',#6542,#5237,#5238);
#4760=AXIS2_PLACEMENT_3D('',#6548,#5242,#5243);
#4761=AXIS2_PLACEMENT_3D('',#6553,#5246,#5247);
#4762=AXIS2_PLACEMENT_3D('',#6554,#5248,#5249);
#4763=AXIS2_PLACEMENT_3D('',#6563,#5254,#5255);
#4764=AXIS2_PLACEMENT_3D('',#6569,#5259,#5260);
#4765=AXIS2_PLACEMENT_3D('',#6575,#5264,#5265);
#4766=AXIS2_PLACEMENT_3D('',#6581,#5269,#5270);
#4767=AXIS2_PLACEMENT_3D('',#6586,#5273,#5274);
#4768=AXIS2_PLACEMENT_3D('',#6587,#5275,#5276);
#4769=AXIS2_PLACEMENT_3D('',#6596,#5281,#5282);
#4770=AXIS2_PLACEMENT_3D('',#6602,#5286,#5287);
#4771=AXIS2_PLACEMENT_3D('',#6608,#5291,#5292);
#4772=AXIS2_PLACEMENT_3D('',#6614,#5296,#5297);
#4773=AXIS2_PLACEMENT_3D('',#6619,#5300,#5301);
#4774=AXIS2_PLACEMENT_3D('',#6620,#5302,#5303);
#4775=AXIS2_PLACEMENT_3D('',#6629,#5308,#5309);
#4776=AXIS2_PLACEMENT_3D('',#6635,#5313,#5314);
#4777=AXIS2_PLACEMENT_3D('',#6641,#5318,#5319);
#4778=AXIS2_PLACEMENT_3D('',#6647,#5323,#5324);
#4779=AXIS2_PLACEMENT_3D('',#6652,#5327,#5328);
#4780=AXIS2_PLACEMENT_3D('',#6653,#5329,#5330);
#4781=AXIS2_PLACEMENT_3D('',#6663,#5337,#5338);
#4782=AXIS2_PLACEMENT_3D('',#6671,#5344,#5345);
#4783=AXIS2_PLACEMENT_3D('',#7010,#5516,#5517);
#4784=AXIS2_PLACEMENT_3D('',#7013,#5520,#5521);
#4785=AXIS2_PLACEMENT_3D('',#7015,#5523,#5524);
#4786=AXIS2_PLACEMENT_3D('',#7017,#5526,#5527);
#4787=AXIS2_PLACEMENT_3D('',#7019,#5529,#5530);
#4788=AXIS2_PLACEMENT_3D('',#7021,#5532,#5533);
#4789=AXIS2_PLACEMENT_3D('',#7022,#5534,#5535);
#4790=AXIS2_PLACEMENT_3D('',#7025,#5538,#5539);
#4791=AXIS2_PLACEMENT_3D('',#7027,#5541,#5542);
#4792=AXIS2_PLACEMENT_3D('',#7029,#5544,#5545);
#4793=AXIS2_PLACEMENT_3D('',#7031,#5547,#5548);
#4794=AXIS2_PLACEMENT_3D('',#7033,#5550,#5551);
#4795=AXIS2_PLACEMENT_3D('',#7034,#5552,#5553);
#4796=AXIS2_PLACEMENT_3D('',#7037,#5556,#5557);
#4797=AXIS2_PLACEMENT_3D('',#7039,#5559,#5560);
#4798=AXIS2_PLACEMENT_3D('',#7041,#5562,#5563);
#4799=AXIS2_PLACEMENT_3D('',#7043,#5565,#5566);
#4800=AXIS2_PLACEMENT_3D('',#7045,#5568,#5569);
#4801=AXIS2_PLACEMENT_3D('',#7046,#5570,#5571);
#4802=AXIS2_PLACEMENT_3D('',#7049,#5574,#5575);
#4803=AXIS2_PLACEMENT_3D('',#7051,#5577,#5578);
#4804=AXIS2_PLACEMENT_3D('',#7053,#5580,#5581);
#4805=AXIS2_PLACEMENT_3D('',#7055,#5583,#5584);
#4806=AXIS2_PLACEMENT_3D('',#7057,#5586,#5587);
#4807=AXIS2_PLACEMENT_3D('',#7058,#5588,#5589);
#4808=AXIS2_PLACEMENT_3D('',#7061,#5592,#5593);
#4809=AXIS2_PLACEMENT_3D('',#7063,#5595,#5596);
#4810=AXIS2_PLACEMENT_3D('',#7065,#5598,#5599);
#4811=AXIS2_PLACEMENT_3D('',#7067,#5601,#5602);
#4812=AXIS2_PLACEMENT_3D('',#7069,#5604,#5605);
#4813=AXIS2_PLACEMENT_3D('',#7070,#5606,#5607);
#4814=AXIS2_PLACEMENT_3D('',#7073,#5610,#5611);
#4815=AXIS2_PLACEMENT_3D('',#7075,#5613,#5614);
#4816=AXIS2_PLACEMENT_3D('',#7077,#5616,#5617);
#4817=AXIS2_PLACEMENT_3D('',#7079,#5619,#5620);
#4818=AXIS2_PLACEMENT_3D('',#7081,#5622,#5623);
#4819=AXIS2_PLACEMENT_3D('',#7082,#5624,#5625);
#4820=AXIS2_PLACEMENT_3D('',#7085,#5628,#5629);
#4821=AXIS2_PLACEMENT_3D('',#7087,#5631,#5632);
#4822=AXIS2_PLACEMENT_3D('',#7089,#5634,#5635);
#4823=AXIS2_PLACEMENT_3D('',#7091,#5637,#5638);
#4824=AXIS2_PLACEMENT_3D('',#7093,#5640,#5641);
#4825=AXIS2_PLACEMENT_3D('',#7094,#5642,#5643);
#4826=AXIS2_PLACEMENT_3D('',#7097,#5646,#5647);
#4827=AXIS2_PLACEMENT_3D('',#7099,#5649,#5650);
#4828=AXIS2_PLACEMENT_3D('',#7101,#5652,#5653);
#4829=AXIS2_PLACEMENT_3D('',#7103,#5655,#5656);
#4830=AXIS2_PLACEMENT_3D('',#7105,#5658,#5659);
#4831=AXIS2_PLACEMENT_3D('',#7106,#5660,#5661);
#4832=AXIS2_PLACEMENT_3D('',#7109,#5664,#5665);
#4833=AXIS2_PLACEMENT_3D('',#7111,#5667,#5668);
#4834=AXIS2_PLACEMENT_3D('',#7113,#5670,#5671);
#4835=AXIS2_PLACEMENT_3D('',#7115,#5673,#5674);
#4836=AXIS2_PLACEMENT_3D('',#7117,#5676,#5677);
#4837=AXIS2_PLACEMENT_3D('',#7118,#5678,#5679);
#4838=AXIS2_PLACEMENT_3D('',#7121,#5682,#5683);
#4839=AXIS2_PLACEMENT_3D('',#7123,#5685,#5686);
#4840=AXIS2_PLACEMENT_3D('',#7125,#5688,#5689);
#4841=AXIS2_PLACEMENT_3D('',#7127,#5691,#5692);
#4842=AXIS2_PLACEMENT_3D('',#7129,#5694,#5695);
#4843=AXIS2_PLACEMENT_3D('',#7130,#5696,#5697);
#4844=AXIS2_PLACEMENT_3D('',#7133,#5700,#5701);
#4845=AXIS2_PLACEMENT_3D('',#7135,#5703,#5704);
#4846=AXIS2_PLACEMENT_3D('',#7137,#5706,#5707);
#4847=AXIS2_PLACEMENT_3D('',#7139,#5709,#5710);
#4848=AXIS2_PLACEMENT_3D('',#7141,#5712,#5713);
#4849=AXIS2_PLACEMENT_3D('',#7142,#5714,#5715);
#4850=AXIS2_PLACEMENT_3D('',#7145,#5718,#5719);
#4851=AXIS2_PLACEMENT_3D('',#7147,#5721,#5722);
#4852=AXIS2_PLACEMENT_3D('',#7149,#5724,#5725);
#4853=AXIS2_PLACEMENT_3D('',#7151,#5727,#5728);
#4854=AXIS2_PLACEMENT_3D('',#7153,#5730,#5731);
#4855=AXIS2_PLACEMENT_3D('',#7154,#5732,#5733);
#4856=AXIS2_PLACEMENT_3D('',#7157,#5736,#5737);
#4857=AXIS2_PLACEMENT_3D('',#7159,#5739,#5740);
#4858=AXIS2_PLACEMENT_3D('',#7161,#5742,#5743);
#4859=AXIS2_PLACEMENT_3D('',#7163,#5745,#5746);
#4860=AXIS2_PLACEMENT_3D('',#7165,#5748,#5749);
#4861=AXIS2_PLACEMENT_3D('',#7166,#5750,#5751);
#4862=AXIS2_PLACEMENT_3D('',#7169,#5754,#5755);
#4863=AXIS2_PLACEMENT_3D('',#7171,#5757,#5758);
#4864=AXIS2_PLACEMENT_3D('',#7173,#5760,#5761);
#4865=AXIS2_PLACEMENT_3D('',#7175,#5763,#5764);
#4866=AXIS2_PLACEMENT_3D('',#7177,#5766,#5767);
#4867=AXIS2_PLACEMENT_3D('',#7178,#5768,#5769);
#4868=AXIS2_PLACEMENT_3D('',#7181,#5772,#5773);
#4869=AXIS2_PLACEMENT_3D('',#7183,#5775,#5776);
#4870=AXIS2_PLACEMENT_3D('',#7185,#5778,#5779);
#4871=AXIS2_PLACEMENT_3D('',#7187,#5781,#5782);
#4872=AXIS2_PLACEMENT_3D('',#7189,#5784,#5785);
#4873=AXIS2_PLACEMENT_3D('',#7190,#5786,#5787);
#4874=AXIS2_PLACEMENT_3D('',#7193,#5790,#5791);
#4875=AXIS2_PLACEMENT_3D('',#7195,#5793,#5794);
#4876=AXIS2_PLACEMENT_3D('',#7197,#5796,#5797);
#4877=AXIS2_PLACEMENT_3D('',#7199,#5799,#5800);
#4878=AXIS2_PLACEMENT_3D('',#7201,#5802,#5803);
#4879=AXIS2_PLACEMENT_3D('',#7202,#5804,#5805);
#4880=AXIS2_PLACEMENT_3D('',#7205,#5808,#5809);
#4881=AXIS2_PLACEMENT_3D('',#7207,#5811,#5812);
#4882=AXIS2_PLACEMENT_3D('',#7209,#5814,#5815);
#4883=AXIS2_PLACEMENT_3D('',#7211,#5817,#5818);
#4884=AXIS2_PLACEMENT_3D('',#7213,#5820,#5821);
#4885=AXIS2_PLACEMENT_3D('',#7214,#5822,#5823);
#4886=AXIS2_PLACEMENT_3D('',#7217,#5826,#5827);
#4887=AXIS2_PLACEMENT_3D('',#7219,#5829,#5830);
#4888=AXIS2_PLACEMENT_3D('',#7221,#5832,#5833);
#4889=AXIS2_PLACEMENT_3D('',#7223,#5835,#5836);
#4890=AXIS2_PLACEMENT_3D('',#7225,#5838,#5839);
#4891=AXIS2_PLACEMENT_3D('',#7226,#5840,#5841);
#4892=AXIS2_PLACEMENT_3D('',#7229,#5844,#5845);
#4893=AXIS2_PLACEMENT_3D('',#7231,#5847,#5848);
#4894=AXIS2_PLACEMENT_3D('',#7233,#5850,#5851);
#4895=AXIS2_PLACEMENT_3D('',#7235,#5853,#5854);
#4896=AXIS2_PLACEMENT_3D('',#7237,#5856,#5857);
#4897=AXIS2_PLACEMENT_3D('',#7238,#5858,#5859);
#4898=AXIS2_PLACEMENT_3D('',#7241,#5862,#5863);
#4899=AXIS2_PLACEMENT_3D('',#7243,#5865,#5866);
#4900=AXIS2_PLACEMENT_3D('',#7245,#5868,#5869);
#4901=AXIS2_PLACEMENT_3D('',#7247,#5871,#5872);
#4902=AXIS2_PLACEMENT_3D('',#7249,#5874,#5875);
#4903=AXIS2_PLACEMENT_3D('',#7250,#5876,#5877);
#4904=AXIS2_PLACEMENT_3D('',#7253,#5880,#5881);
#4905=AXIS2_PLACEMENT_3D('',#7255,#5883,#5884);
#4906=AXIS2_PLACEMENT_3D('',#7257,#5886,#5887);
#4907=AXIS2_PLACEMENT_3D('',#7259,#5889,#5890);
#4908=AXIS2_PLACEMENT_3D('',#7261,#5892,#5893);
#4909=AXIS2_PLACEMENT_3D('',#7262,#5894,#5895);
#4910=AXIS2_PLACEMENT_3D('',#7265,#5898,#5899);
#4911=AXIS2_PLACEMENT_3D('',#7267,#5901,#5902);
#4912=AXIS2_PLACEMENT_3D('',#7269,#5904,#5905);
#4913=AXIS2_PLACEMENT_3D('',#7271,#5907,#5908);
#4914=AXIS2_PLACEMENT_3D('',#7273,#5910,#5911);
#4915=AXIS2_PLACEMENT_3D('',#7274,#5912,#5913);
#4916=AXIS2_PLACEMENT_3D('',#7277,#5916,#5917);
#4917=AXIS2_PLACEMENT_3D('',#7279,#5919,#5920);
#4918=AXIS2_PLACEMENT_3D('',#7281,#5922,#5923);
#4919=AXIS2_PLACEMENT_3D('',#7283,#5925,#5926);
#4920=AXIS2_PLACEMENT_3D('',#7285,#5928,#5929);
#4921=AXIS2_PLACEMENT_3D('',#7286,#5930,#5931);
#4922=AXIS2_PLACEMENT_3D('',#7289,#5934,#5935);
#4923=AXIS2_PLACEMENT_3D('',#7291,#5937,#5938);
#4924=AXIS2_PLACEMENT_3D('',#7293,#5940,#5941);
#4925=AXIS2_PLACEMENT_3D('',#7295,#5943,#5944);
#4926=AXIS2_PLACEMENT_3D('',#7297,#5946,#5947);
#4927=AXIS2_PLACEMENT_3D('',#7298,#5948,#5949);
#4928=AXIS2_PLACEMENT_3D('',#7301,#5952,#5953);
#4929=AXIS2_PLACEMENT_3D('',#7303,#5955,#5956);
#4930=AXIS2_PLACEMENT_3D('',#7305,#5958,#5959);
#4931=AXIS2_PLACEMENT_3D('',#7307,#5961,#5962);
#4932=AXIS2_PLACEMENT_3D('',#7309,#5964,#5965);
#4933=AXIS2_PLACEMENT_3D('',#7310,#5966,#5967);
#4934=AXIS2_PLACEMENT_3D('',#7313,#5970,#5971);
#4935=AXIS2_PLACEMENT_3D('',#7315,#5973,#5974);
#4936=AXIS2_PLACEMENT_3D('',#7317,#5976,#5977);
#4937=AXIS2_PLACEMENT_3D('',#7319,#5979,#5980);
#4938=AXIS2_PLACEMENT_3D('',#7321,#5982,#5983);
#4939=AXIS2_PLACEMENT_3D('',#7322,#5984,#5985);
#4940=AXIS2_PLACEMENT_3D('',#7325,#5988,#5989);
#4941=AXIS2_PLACEMENT_3D('',#7327,#5991,#5992);
#4942=AXIS2_PLACEMENT_3D('',#7329,#5994,#5995);
#4943=AXIS2_PLACEMENT_3D('',#7331,#5997,#5998);
#4944=AXIS2_PLACEMENT_3D('',#7333,#6000,#6001);
#4945=AXIS2_PLACEMENT_3D('',#7334,#6002,#6003);
#4946=AXIS2_PLACEMENT_3D('',#7337,#6006,#6007);
#4947=AXIS2_PLACEMENT_3D('',#7339,#6009,#6010);
#4948=AXIS2_PLACEMENT_3D('',#7341,#6012,#6013);
#4949=AXIS2_PLACEMENT_3D('',#7343,#6015,#6016);
#4950=AXIS2_PLACEMENT_3D('',#7345,#6018,#6019);
#4951=AXIS2_PLACEMENT_3D('',#7346,#6020,#6021);
#4952=AXIS2_PLACEMENT_3D('',#7350,#6024,#6025);
#4953=AXIS2_PLACEMENT_3D('',#7353,#6027,#6028);
#4954=AXIS2_PLACEMENT_3D('',#7354,#6029,#6030);
#4955=AXIS2_PLACEMENT_3D('',#7357,#6033,#6034);
#4956=AXIS2_PLACEMENT_3D('',#7360,#6036,#6037);
#4957=AXIS2_PLACEMENT_3D('',#7361,#6038,#6039);
#4958=AXIS2_PLACEMENT_3D('',#7365,#6042,#6043);
#4959=AXIS2_PLACEMENT_3D('',#7367,#6045,#6046);
#4960=AXIS2_PLACEMENT_3D('',#7368,#6047,#6048);
#4961=AXIS2_PLACEMENT_3D('',#7374,#6052,#6053);
#4962=AXIS2_PLACEMENT_3D('',#7377,#6055,#6056);
#4963=AXIS2_PLACEMENT_3D('',#7378,#6057,#6058);
#4964=AXIS2_PLACEMENT_3D('',#7380,#6060,#6061);
#4965=AXIS2_PLACEMENT_3D('',#7383,#6064,#6065);
#4966=AXIS2_PLACEMENT_3D('',#7385,#6067,#6068);
#4967=AXIS2_PLACEMENT_3D('',#7389,#6071,#6072);
#4968=AXIS2_PLACEMENT_3D('',#7391,#6074,#6075);
#4969=AXIS2_PLACEMENT_3D('',#7394,#6077,#6078);
#4970=AXIS2_PLACEMENT_3D('',#7395,#6079,#6080);
#4971=DIRECTION('axis',(0.,0.,1.));
#4972=DIRECTION('refdir',(1.,0.,0.));
#4973=DIRECTION('center_axis',(-1.,0.,0.));
#4974=DIRECTION('ref_axis',(0.,1.,0.));
#4975=DIRECTION('',(0.,-1.,0.));
#4976=DIRECTION('',(0.,0.,-1.));
#4977=DIRECTION('',(0.,1.,0.));
#4978=DIRECTION('',(0.,0.,-1.));
#4979=DIRECTION('center_axis',(0.,0.,-1.));
#4980=DIRECTION('ref_axis',(-1.,0.,0.));
#4981=DIRECTION('',(1.,0.,0.));
#4982=DIRECTION('',(-1.,0.,0.));
#4983=DIRECTION('',(0.,-1.,0.));
#4984=DIRECTION('center_axis',(1.,0.,0.));
#4985=DIRECTION('ref_axis',(0.,-1.,0.));
#4986=DIRECTION('',(-1.11022302462516E-15,1.,2.9274135154686E-31));
#4987=DIRECTION('',(0.,0.,-1.));
#4988=DIRECTION('',(0.,-1.,0.));
#4989=DIRECTION('',(0.,0.,-1.));
#4990=DIRECTION('center_axis',(0.,0.,-1.));
#4991=DIRECTION('ref_axis',(-1.,0.,0.));
#4992=DIRECTION('',(-1.,5.55111512312578E-16,0.));
#4993=DIRECTION('',(1.,5.55111512312578E-16,0.));
#4994=DIRECTION('',(0.,1.,0.));
#4995=DIRECTION('center_axis',(-1.,0.,0.));
#4996=DIRECTION('ref_axis',(0.,1.,0.));
#4997=DIRECTION('',(0.,0.,-1.));
#4998=DIRECTION('',(0.,-1.,0.));
#4999=DIRECTION('',(0.,0.,-1.));
#5000=DIRECTION('',(0.,1.,0.));
#5001=DIRECTION('center_axis',(-1.,0.,0.));
#5002=DIRECTION('ref_axis',(0.,1.,0.));
#5003=DIRECTION('',(0.,0.,-1.));
#5004=DIRECTION('',(0.,1.,0.));
#5005=DIRECTION('',(0.,0.,-1.));
#5006=DIRECTION('',(0.,-1.,0.));
#5007=DIRECTION('center_axis',(1.,1.11022302462516E-15,0.));
#5008=DIRECTION('ref_axis',(1.11022302462516E-15,-1.,0.));
#5009=DIRECTION('',(0.,0.,-1.));
#5010=DIRECTION('',(-1.11022302462516E-15,1.,2.9274135154686E-31));
#5011=DIRECTION('',(0.,0.,-1.));
#5012=DIRECTION('',(0.,-1.,0.));
#5013=DIRECTION('center_axis',(1.,1.11022302462516E-15,0.));
#5014=DIRECTION('ref_axis',(1.11022302462516E-15,-1.,0.));
#5015=DIRECTION('',(0.,0.,-1.));
#5016=DIRECTION('',(-1.11022302462516E-15,1.,0.));
#5017=DIRECTION('',(0.,0.,-1.));
#5018=DIRECTION('',(-1.11022302462516E-15,1.,2.9274135154686E-31));
#5019=DIRECTION('center_axis',(0.,0.,-1.));
#5020=DIRECTION('ref_axis',(-1.,0.,0.));
#5021=DIRECTION('',(0.,1.,0.));
#5022=DIRECTION('',(1.,0.,0.));
#5023=DIRECTION('',(0.,-1.,0.));
#5024=DIRECTION('',(-1.,0.,0.));
#5025=DIRECTION('center_axis',(0.,0.,-1.));
#5026=DIRECTION('ref_axis',(1.,0.,0.));
#5027=DIRECTION('',(1.,0.,-2.63677968348475E-16));
#5028=DIRECTION('',(-1.,0.,2.63677968348475E-16));
#5029=DIRECTION('',(-0.866025403784438,0.500000000000001,0.));
#5030=DIRECTION('',(1.11022302462516E-15,1.,0.));
#5031=DIRECTION('',(0.866025403784439,0.5,0.));
#5032=DIRECTION('',(0.866025403784438,-0.500000000000001,0.));
#5033=DIRECTION('',(-5.55111512312578E-16,-1.,0.));
#5034=DIRECTION('',(-0.866025403784439,-0.499999999999999,0.));
#5035=DIRECTION('',(-0.866025403784438,-0.500000000000001,0.));
#5036=DIRECTION('',(-0.866025403784439,0.499999999999999,0.));
#5037=DIRECTION('',(-1.11022302462516E-15,1.,0.));
#5038=DIRECTION('',(0.866025403784438,0.500000000000001,0.));
#5039=DIRECTION('',(0.866025403784439,-0.499999999999999,0.));
#5040=DIRECTION('',(2.22044604925031E-15,-1.,0.));
#5041=DIRECTION('',(-0.866025403784438,0.500000000000002,0.));
#5042=DIRECTION('',(1.11022302462516E-15,1.,0.));
#5043=DIRECTION('',(0.866025403784439,0.499999999999999,0.));
#5044=DIRECTION('',(0.866025403784438,-0.500000000000001,0.));
#5045=DIRECTION('',(-1.11022302462516E-15,-1.,0.));
#5046=DIRECTION('',(-0.866025403784439,-0.499999999999999,0.));
#5047=DIRECTION('',(-0.866025403784438,0.500000000000002,0.));
#5048=DIRECTION('',(1.11022302462516E-15,1.,0.));
#5049=DIRECTION('',(0.866025403784439,0.499999999999999,0.));
#5050=DIRECTION('',(0.866025403784438,-0.500000000000001,0.));
#5051=DIRECTION('',(-1.11022302462516E-15,-1.,0.));
#5052=DIRECTION('',(-0.866025403784439,-0.499999999999999,0.));
#5053=DIRECTION('',(-0.866025403784438,0.500000000000002,0.));
#5054=DIRECTION('',(1.11022302462516E-15,1.,0.));
#5055=DIRECTION('',(0.866025403784439,0.499999999999999,0.));
#5056=DIRECTION('',(0.866025403784438,-0.500000000000001,0.));
#5057=DIRECTION('',(-1.11022302462516E-15,-1.,0.));
#5058=DIRECTION('',(-0.866025403784439,-0.499999999999999,0.));
#5059=DIRECTION('',(-0.866025403784438,0.500000000000001,0.));
#5060=DIRECTION('',(1.11022302462516E-15,1.,0.));
#5061=DIRECTION('',(0.866025403784439,0.499999999999999,0.));
#5062=DIRECTION('',(0.866025403784438,-0.500000000000001,0.));
#5063=DIRECTION('',(-5.55111512312578E-16,-1.,0.));
#5064=DIRECTION('',(-0.866025403784439,-0.499999999999999,0.));
#5065=DIRECTION('',(-0.866025403784438,-0.500000000000001,0.));
#5066=DIRECTION('',(-0.866025403784439,0.499999999999999,0.));
#5067=DIRECTION('',(-1.11022302462516E-15,1.,0.));
#5068=DIRECTION('',(0.866025403784438,0.500000000000001,0.));
#5069=DIRECTION('',(0.866025403784439,-0.499999999999999,0.));
#5070=DIRECTION('',(2.22044604925031E-15,-1.,0.));
#5071=DIRECTION('',(-0.866025403784438,0.500000000000001,0.));
#5072=DIRECTION('',(2.77555756156289E-16,1.,0.));
#5073=DIRECTION('',(0.866025403784439,0.5,0.));
#5074=DIRECTION('',(0.866025403784439,-0.5,0.));
#5075=DIRECTION('',(2.08166817117217E-16,-1.,0.));
#5076=DIRECTION('',(-0.866025403784438,-0.500000000000001,0.));
#5077=DIRECTION('',(-1.11022302462516E-15,1.,0.));
#5078=DIRECTION('',(0.866025403784438,0.500000000000001,0.));
#5079=DIRECTION('',(0.866025403784439,-0.499999999999999,0.));
#5080=DIRECTION('',(2.22044604925031E-15,-1.,0.));
#5081=DIRECTION('',(-0.866025403784438,-0.500000000000001,0.));
#5082=DIRECTION('',(-0.866025403784439,0.499999999999999,0.));
#5083=DIRECTION('',(-0.866025403784438,0.500000000000001,0.));
#5084=DIRECTION('',(1.11022302462516E-15,1.,0.));
#5085=DIRECTION('',(0.866025403784439,0.499999999999999,0.));
#5086=DIRECTION('',(0.866025403784438,-0.5,0.));
#5087=DIRECTION('',(-5.55111512312578E-16,-1.,0.));
#5088=DIRECTION('',(-0.866025403784439,-0.499999999999999,0.));
#5089=DIRECTION('',(-0.866025403784438,-0.500000000000001,0.));
#5090=DIRECTION('',(-0.866025403784439,0.499999999999999,0.));
#5091=DIRECTION('',(-1.11022302462516E-15,1.,0.));
#5092=DIRECTION('',(0.866025403784438,0.500000000000001,0.));
#5093=DIRECTION('',(0.866025403784439,-0.499999999999999,0.));
#5094=DIRECTION('',(2.22044604925031E-15,-1.,0.));
#5095=DIRECTION('',(5.55111512312578E-16,1.,0.));
#5096=DIRECTION('',(0.866025403784438,0.5,0.));
#5097=DIRECTION('',(0.866025403784439,-0.5,0.));
#5098=DIRECTION('',(0.,-1.,0.));
#5099=DIRECTION('',(-0.866025403784438,-0.500000000000001,0.));
#5100=DIRECTION('',(-0.866025403784438,0.5,0.));
#5101=DIRECTION('',(-0.866025403784438,0.500000000000002,0.));
#5102=DIRECTION('',(1.11022302462516E-15,1.,0.));
#5103=DIRECTION('',(0.866025403784439,0.499999999999999,0.));
#5104=DIRECTION('',(0.866025403784438,-0.500000000000001,0.));
#5105=DIRECTION('',(-1.11022302462516E-15,-1.,0.));
#5106=DIRECTION('',(-0.866025403784439,-0.499999999999999,0.));
#5107=DIRECTION('',(-0.866025403784438,-0.500000000000002,0.));
#5108=DIRECTION('',(-0.866025403784439,0.499999999999999,0.));
#5109=DIRECTION('',(-1.52655665885959E-15,1.,0.));
#5110=DIRECTION('',(0.866025403784438,0.500000000000001,0.));
#5111=DIRECTION('',(0.86602540378444,-0.499999999999998,0.));
#5112=DIRECTION('',(1.94289029309402E-15,-1.,0.));
#5113=DIRECTION('',(0.866025403784439,-0.499999999999999,0.));
#5114=DIRECTION('',(2.22044604925031E-15,-1.,0.));
#5115=DIRECTION('',(-0.866025403784438,-0.500000000000001,0.));
#5116=DIRECTION('',(-0.866025403784439,0.499999999999999,0.));
#5117=DIRECTION('',(-1.11022302462516E-15,1.,0.));
#5118=DIRECTION('',(0.866025403784438,0.500000000000001,0.));
#5119=DIRECTION('',(-0.866025403784438,0.500000000000001,0.));
#5120=DIRECTION('',(1.11022302462516E-15,1.,0.));
#5121=DIRECTION('',(0.866025403784439,0.5,0.));
#5122=DIRECTION('',(0.866025403784438,-0.500000000000001,0.));
#5123=DIRECTION('',(-5.55111512312578E-16,-1.,0.));
#5124=DIRECTION('',(-0.866025403784439,-0.499999999999999,0.));
#5125=DIRECTION('',(-0.866025403784438,-0.500000000000001,0.));
#5126=DIRECTION('',(-0.866025403784439,0.499999999999999,0.));
#5127=DIRECTION('',(-1.11022302462516E-15,1.,0.));
#5128=DIRECTION('',(0.866025403784438,0.500000000000001,0.));
#5129=DIRECTION('',(0.866025403784439,-0.499999999999999,0.));
#5130=DIRECTION('',(2.22044604925031E-15,-1.,0.));
#5131=DIRECTION('',(5.55111512312578E-16,1.,0.));
#5132=DIRECTION('',(0.866025403784438,0.5,0.));
#5133=DIRECTION('',(0.866025403784439,-0.5,0.));
#5134=DIRECTION('',(0.,-1.,0.));
#5135=DIRECTION('',(-0.866025403784438,-0.500000000000001,0.));
#5136=DIRECTION('',(-0.866025403784438,0.5,0.));
#5137=DIRECTION('',(-0.866025403784438,-0.500000000000001,0.));
#5138=DIRECTION('',(-0.866025403784439,0.499999999999999,0.));
#5139=DIRECTION('',(-1.11022302462516E-15,1.,0.));
#5140=DIRECTION('',(0.866025403784438,0.500000000000001,0.));
#5141=DIRECTION('',(0.866025403784439,-0.499999999999999,0.));
#5142=DIRECTION('',(2.22044604925031E-15,-1.,0.));
#5143=DIRECTION('',(-1.52655665885959E-15,1.,0.));
#5144=DIRECTION('',(0.866025403784438,0.500000000000001,0.));
#5145=DIRECTION('',(0.86602540378444,-0.499999999999998,0.));
#5146=DIRECTION('',(1.94289029309402E-15,-1.,0.));
#5147=DIRECTION('',(-0.866025403784438,-0.500000000000002,0.));
#5148=DIRECTION('',(-0.866025403784439,0.499999999999999,0.));
#5149=DIRECTION('',(-0.866025403784438,0.500000000000002,0.));
#5150=DIRECTION('',(1.11022302462516E-15,1.,0.));
#5151=DIRECTION('',(0.866025403784439,0.499999999999999,0.));
#5152=DIRECTION('',(0.866025403784438,-0.500000000000001,0.));
#5153=DIRECTION('',(-1.11022302462516E-15,-1.,0.));
#5154=DIRECTION('',(-0.866025403784439,-0.499999999999999,0.));
#5155=DIRECTION('',(-0.866025403784438,0.500000000000002,0.));
#5156=DIRECTION('',(1.11022302462516E-15,1.,0.));
#5157=DIRECTION('',(0.866025403784439,0.499999999999999,0.));
#5158=DIRECTION('',(0.866025403784438,-0.500000000000001,0.));
#5159=DIRECTION('',(-1.11022302462516E-15,-1.,0.));
#5160=DIRECTION('',(-0.866025403784439,-0.499999999999999,0.));
#5161=DIRECTION('',(5.55111512312578E-16,1.,0.));
#5162=DIRECTION('',(0.866025403784438,0.5,0.));
#5163=DIRECTION('',(0.866025403784439,-0.5,0.));
#5164=DIRECTION('',(0.,-1.,0.));
#5165=DIRECTION('',(-0.866025403784438,-0.500000000000001,0.));
#5166=DIRECTION('',(-0.866025403784438,0.5,0.));
#5167=DIRECTION('',(-0.866025403784439,0.499999999999999,0.));
#5168=DIRECTION('',(-1.11022302462516E-15,1.,0.));
#5169=DIRECTION('',(0.866025403784438,0.500000000000001,0.));
#5170=DIRECTION('',(0.866025403784439,-0.499999999999999,0.));
#5171=DIRECTION('',(1.94289029309402E-15,-1.,0.));
#5172=DIRECTION('',(-0.866025403784438,-0.500000000000001,0.));
#5173=DIRECTION('',(2.77555756156289E-16,1.,0.));
#5174=DIRECTION('',(0.866025403784439,0.5,0.));
#5175=DIRECTION('',(0.866025403784439,-0.5,0.));
#5176=DIRECTION('',(2.08166817117217E-16,-1.,0.));
#5177=DIRECTION('',(-0.866025403784438,-0.500000000000001,0.));
#5178=DIRECTION('',(-0.866025403784438,0.500000000000001,0.));
#5179=DIRECTION('',(-1.11022302462516E-15,1.,0.));
#5180=DIRECTION('',(0.866025403784438,0.500000000000001,0.));
#5181=DIRECTION('',(0.866025403784439,-0.499999999999999,0.));
#5182=DIRECTION('',(2.22044604925031E-15,-1.,0.));
#5183=DIRECTION('',(-0.866025403784438,-0.500000000000001,0.));
#5184=DIRECTION('',(-0.866025403784439,0.499999999999999,0.));
#5185=DIRECTION('',(2.77555756156289E-16,1.,0.));
#5186=DIRECTION('',(0.866025403784439,0.5,0.));
#5187=DIRECTION('',(0.866025403784439,-0.5,0.));
#5188=DIRECTION('',(2.08166817117217E-16,-1.,0.));
#5189=DIRECTION('',(-0.866025403784438,-0.500000000000001,0.));
#5190=DIRECTION('',(-0.866025403784438,0.500000000000001,0.));
#5191=DIRECTION('',(-1.11022302462516E-15,1.,0.));
#5192=DIRECTION('',(0.866025403784438,0.500000000000001,0.));
#5193=DIRECTION('',(0.866025403784439,-0.499999999999999,0.));
#5194=DIRECTION('',(1.94289029309402E-15,-1.,0.));
#5195=DIRECTION('',(-0.866025403784438,-0.500000000000001,0.));
#5196=DIRECTION('',(-0.866025403784439,0.499999999999999,0.));
#5197=DIRECTION('center_axis',(1.,0.,0.));
#5198=DIRECTION('ref_axis',(0.,-1.,0.));
#5199=DIRECTION('',(0.,0.,-1.));
#5200=DIRECTION('',(0.,1.,0.));
#5201=DIRECTION('',(0.,0.,-1.));
#5202=DIRECTION('center_axis',(0.,-1.,0.));
#5203=DIRECTION('ref_axis',(-1.,0.,0.));
#5204=DIRECTION('',(0.,0.,-1.));
#5205=DIRECTION('',(1.,0.,0.));
#5206=DIRECTION('center_axis',(5.55111512312578E-16,1.,0.));
#5207=DIRECTION('ref_axis',(1.,-5.55111512312578E-16,0.));
#5208=DIRECTION('',(0.,0.,-1.));
#5209=DIRECTION('',(1.,-5.55111512312578E-16,0.));
#5210=DIRECTION('center_axis',(0.,0.,-1.));
#5211=DIRECTION('ref_axis',(-1.,0.,0.));
#5212=DIRECTION('',(0.,-1.,0.));
#5213=DIRECTION('',(-1.,0.,0.));
#5214=DIRECTION('',(1.11022302462516E-15,1.,0.));
#5215=DIRECTION('',(1.,0.,0.));
#5216=DIRECTION('center_axis',(1.,-1.11022302462516E-15,0.));
#5217=DIRECTION('ref_axis',(-1.11022302462516E-15,-1.,0.));
#5218=DIRECTION('',(0.,0.,-1.));
#5219=DIRECTION('',(-1.11022302462516E-15,-1.,0.));
#5220=DIRECTION('',(0.,0.,-1.));
#5221=DIRECTION('center_axis',(-0.866025403784439,0.5,0.));
#5222=DIRECTION('ref_axis',(-0.5,-0.866025403784439,0.));
#5223=DIRECTION('',(-0.5,-0.866025403784439,0.));
#5224=DIRECTION('',(0.,0.,1.));
#5225=DIRECTION('',(-0.5,-0.866025403784439,0.));
#5226=DIRECTION('',(0.,0.,1.));
#5227=DIRECTION('center_axis',(0.,1.,0.));
#5228=DIRECTION('ref_axis',(-1.,0.,0.));
#5229=DIRECTION('',(-1.,0.,0.));
#5230=DIRECTION('',(0.,0.,1.));
#5231=DIRECTION('',(-1.,0.,0.));
#5232=DIRECTION('center_axis',(0.866025403784439,0.5,0.));
#5233=DIRECTION('ref_axis',(-0.5,0.866025403784439,0.));
#5234=DIRECTION('',(-0.5,0.866025403784439,0.));
#5235=DIRECTION('',(0.,0.,-1.));
#5236=DIRECTION('',(-0.5,0.866025403784439,0.));
#5237=DIRECTION('center_axis',(-0.866025403784439,-0.5,0.));
#5238=DIRECTION('ref_axis',(0.5,-0.866025403784439,0.));
#5239=DIRECTION('',(0.5,-0.866025403784439,0.));
#5240=DIRECTION('',(0.5,-0.866025403784439,0.));
#5241=DIRECTION('',(0.,0.,1.));
#5242=DIRECTION('center_axis',(0.,0.,-1.));
#5243=DIRECTION('ref_axis',(1.,0.,0.));
#5244=DIRECTION('',(0.,1.,0.));
#5245=DIRECTION('',(1.,0.,0.));
#5246=DIRECTION('center_axis',(0.,0.,-1.));
#5247=DIRECTION('ref_axis',(1.,0.,0.));
#5248=DIRECTION('center_axis',(0.,-1.,0.));
#5249=DIRECTION('ref_axis',(1.,0.,0.));
#5250=DIRECTION('',(1.,0.,0.));
#5251=DIRECTION('',(0.,0.,1.));
#5252=DIRECTION('',(1.,0.,0.));
#5253=DIRECTION('',(0.,0.,1.));
#5254=DIRECTION('center_axis',(-0.866025403784439,-0.5,0.));
#5255=DIRECTION('ref_axis',(0.5,-0.866025403784439,0.));
#5256=DIRECTION('',(0.5,-0.866025403784439,0.));
#5257=DIRECTION('',(0.,0.,1.));
#5258=DIRECTION('',(0.5,-0.866025403784439,0.));
#5259=DIRECTION('center_axis',(-0.866025403784439,0.5,0.));
#5260=DIRECTION('ref_axis',(-0.5,-0.866025403784439,0.));
#5261=DIRECTION('',(-0.5,-0.866025403784439,0.));
#5262=DIRECTION('',(0.,0.,-1.));
#5263=DIRECTION('',(-0.5,-0.866025403784439,0.));
#5264=DIRECTION('center_axis',(0.866025403784439,-0.5,0.));
#5265=DIRECTION('ref_axis',(0.5,0.866025403784439,0.));
#5266=DIRECTION('',(0.5,0.866025403784439,0.));
#5267=DIRECTION('',(0.5,0.866025403784439,0.));
#5268=DIRECTION('',(0.,0.,1.));
#5269=DIRECTION('center_axis',(0.,0.,-1.));
#5270=DIRECTION('ref_axis',(1.,0.,0.));
#5271=DIRECTION('',(-1.,5.55111512312578E-16,0.));
#5272=DIRECTION('',(0.,1.,0.));
#5273=DIRECTION('center_axis',(0.,0.,-1.));
#5274=DIRECTION('ref_axis',(1.,0.,0.));
#5275=DIRECTION('center_axis',(-0.866025403784438,0.500000000000001,0.));
#5276=DIRECTION('ref_axis',(-0.500000000000001,-0.866025403784438,0.));
#5277=DIRECTION('',(-0.500000000000001,-0.866025403784438,0.));
#5278=DIRECTION('',(0.,0.,1.));
#5279=DIRECTION('',(-0.500000000000001,-0.866025403784438,0.));
#5280=DIRECTION('',(0.,0.,1.));
#5281=DIRECTION('center_axis',(1.92296268638356E-15,1.,0.));
#5282=DIRECTION('ref_axis',(-1.,1.92296268638356E-15,0.));
#5283=DIRECTION('',(-1.,1.92296268638356E-15,0.));
#5284=DIRECTION('',(0.,0.,1.));
#5285=DIRECTION('',(-1.,1.92296268638356E-15,0.));
#5286=DIRECTION('center_axis',(0.866025403784439,0.499999999999999,0.));
#5287=DIRECTION('ref_axis',(-0.499999999999999,0.866025403784439,0.));
#5288=DIRECTION('',(-0.499999999999999,0.866025403784439,0.));
#5289=DIRECTION('',(0.,0.,1.));
#5290=DIRECTION('',(-0.499999999999999,0.866025403784439,0.));
#5291=DIRECTION('center_axis',(0.866025403784438,-0.500000000000001,0.));
#5292=DIRECTION('ref_axis',(0.500000000000001,0.866025403784438,0.));
#5293=DIRECTION('',(0.500000000000001,0.866025403784438,0.));
#5294=DIRECTION('',(0.,0.,-1.));
#5295=DIRECTION('',(0.500000000000001,0.866025403784438,0.));
#5296=DIRECTION('center_axis',(0.,0.,-1.));
#5297=DIRECTION('ref_axis',(1.,0.,0.));
#5298=DIRECTION('',(0.,-1.,0.));
#5299=DIRECTION('',(1.,0.,0.));
#5300=DIRECTION('center_axis',(0.,0.,-1.));
#5301=DIRECTION('ref_axis',(1.,0.,0.));
#5302=DIRECTION('center_axis',(0.866025403784439,-0.499999999999999,0.));
#5303=DIRECTION('ref_axis',(0.499999999999999,0.866025403784439,0.));
#5304=DIRECTION('',(0.499999999999999,0.866025403784439,0.));
#5305=DIRECTION('',(0.,0.,1.));
#5306=DIRECTION('',(0.499999999999999,0.866025403784439,0.));
#5307=DIRECTION('',(0.,0.,1.));
#5308=DIRECTION('center_axis',(1.92296268638356E-15,-1.,0.));
#5309=DIRECTION('ref_axis',(1.,1.92296268638356E-15,0.));
#5310=DIRECTION('',(1.,1.92296268638356E-15,0.));
#5311=DIRECTION('',(0.,0.,1.));
#5312=DIRECTION('',(1.,1.92296268638356E-15,0.));
#5313=DIRECTION('center_axis',(-0.866025403784438,-0.500000000000001,0.));
#5314=DIRECTION('ref_axis',(0.500000000000001,-0.866025403784438,0.));
#5315=DIRECTION('',(0.500000000000001,-0.866025403784438,0.));
#5316=DIRECTION('',(0.,0.,-1.));
#5317=DIRECTION('',(0.500000000000001,-0.866025403784438,0.));
#5318=DIRECTION('center_axis',(0.866025403784438,0.500000000000001,0.));
#5319=DIRECTION('ref_axis',(-0.500000000000001,0.866025403784438,0.));
#5320=DIRECTION('',(-0.500000000000001,0.866025403784438,0.));
#5321=DIRECTION('',(-0.500000000000001,0.866025403784438,0.));
#5322=DIRECTION('',(0.,0.,1.));
#5323=DIRECTION('center_axis',(0.,0.,-1.));
#5324=DIRECTION('ref_axis',(1.,0.,0.));
#5325=DIRECTION('',(0.,-1.,0.));
#5326=DIRECTION('',(-1.,5.55111512312578E-16,0.));
#5327=DIRECTION('center_axis',(0.,0.,-1.));
#5328=DIRECTION('ref_axis',(1.,0.,0.));
#5329=DIRECTION('center_axis',(1.,0.,0.));
#5330=DIRECTION('ref_axis',(0.,-1.,0.));
#5331=DIRECTION('',(0.,0.,-1.));
#5332=DIRECTION('',(0.,-1.,0.));
#5333=DIRECTION('',(0.,0.,-1.));
#5334=DIRECTION('',(0.,-1.,0.));
#5335=DIRECTION('',(0.,0.,-1.));
#5336=DIRECTION('',(0.,-1.,0.));
#5337=DIRECTION('center_axis',(5.55111512312578E-16,1.,0.));
#5338=DIRECTION('ref_axis',(1.,-5.55111512312578E-16,0.));
#5339=DIRECTION('',(1.,0.,0.));
#5340=DIRECTION('',(0.,0.,-1.));
#5341=DIRECTION('',(1.,0.,0.));
#5342=DIRECTION('',(0.,0.,-1.));
#5343=DIRECTION('',(1.,-5.55111512312578E-16,0.));
#5344=DIRECTION('center_axis',(0.,0.,-1.));
#5345=DIRECTION('ref_axis',(1.,0.,0.));
#5346=DIRECTION('',(-1.,0.,0.));
#5347=DIRECTION('',(0.,1.,0.));
#5348=DIRECTION('',(1.11022302462516E-15,-1.,0.));
#5349=DIRECTION('',(0.866025403784439,-0.499999999999999,0.));
#5350=DIRECTION('',(0.866025403784438,0.500000000000001,0.));
#5351=DIRECTION('',(-1.94289029309402E-15,1.,0.));
#5352=DIRECTION('',(-0.866025403784439,0.499999999999999,0.));
#5353=DIRECTION('',(-0.866025403784438,-0.500000000000001,0.));
#5354=DIRECTION('',(-2.77555756156289E-16,-1.,0.));
#5355=DIRECTION('',(0.866025403784438,-0.500000000000001,0.));
#5356=DIRECTION('',(0.866025403784438,0.500000000000001,0.));
#5357=DIRECTION('',(-2.08166817117217E-16,1.,0.));
#5358=DIRECTION('',(-0.866025403784439,0.5,0.));
#5359=DIRECTION('',(-0.866025403784439,-0.5,0.));
#5360=DIRECTION('',(1.11022302462516E-15,-1.,0.));
#5361=DIRECTION('',(0.866025403784439,-0.499999999999999,0.));
#5362=DIRECTION('',(0.866025403784438,0.500000000000001,0.));
#5363=DIRECTION('',(-2.22044604925031E-15,1.,0.));
#5364=DIRECTION('',(-0.866025403784439,0.499999999999999,0.));
#5365=DIRECTION('',(-0.866025403784438,-0.500000000000001,0.));
#5366=DIRECTION('',(-2.77555756156289E-16,-1.,0.));
#5367=DIRECTION('',(0.866025403784438,-0.500000000000001,0.));
#5368=DIRECTION('',(0.866025403784438,0.500000000000001,0.));
#5369=DIRECTION('',(-2.08166817117217E-16,1.,0.));
#5370=DIRECTION('',(-0.866025403784439,0.5,0.));
#5371=DIRECTION('',(-0.866025403784439,-0.5,0.));
#5372=DIRECTION('',(0.866025403784439,-0.499999999999999,0.));
#5373=DIRECTION('',(0.866025403784438,0.500000000000001,0.));
#5374=DIRECTION('',(-1.94289029309402E-15,1.,0.));
#5375=DIRECTION('',(-0.866025403784439,0.499999999999999,0.));
#5376=DIRECTION('',(-0.866025403784438,-0.500000000000001,0.));
#5377=DIRECTION('',(1.11022302462516E-15,-1.,0.));
#5378=DIRECTION('',(-5.55111512312578E-16,-1.,0.));
#5379=DIRECTION('',(0.866025403784438,-0.5,0.));
#5380=DIRECTION('',(0.866025403784438,0.500000000000001,0.));
#5381=DIRECTION('',(0.,1.,0.));
#5382=DIRECTION('',(-0.866025403784439,0.5,0.));
#5383=DIRECTION('',(-0.866025403784438,-0.5,0.));
#5384=DIRECTION('',(0.866025403784438,-0.500000000000002,0.));
#5385=DIRECTION('',(0.866025403784439,0.499999999999999,0.));
#5386=DIRECTION('',(1.11022302462516E-15,1.,0.));
#5387=DIRECTION('',(-0.866025403784438,0.500000000000001,0.));
#5388=DIRECTION('',(-0.866025403784439,-0.499999999999999,0.));
#5389=DIRECTION('',(-1.11022302462516E-15,-1.,0.));
#5390=DIRECTION('',(0.866025403784438,-0.500000000000002,0.));
#5391=DIRECTION('',(0.866025403784439,0.499999999999999,0.));
#5392=DIRECTION('',(1.11022302462516E-15,1.,0.));
#5393=DIRECTION('',(-0.866025403784438,0.500000000000001,0.));
#5394=DIRECTION('',(-0.866025403784439,-0.499999999999999,0.));
#5395=DIRECTION('',(-1.11022302462516E-15,-1.,0.));
#5396=DIRECTION('',(1.52655665885959E-15,-1.,0.));
#5397=DIRECTION('',(0.866025403784439,-0.499999999999999,0.));
#5398=DIRECTION('',(0.866025403784438,0.500000000000002,0.));
#5399=DIRECTION('',(-1.94289029309402E-15,1.,0.));
#5400=DIRECTION('',(-0.86602540378444,0.499999999999998,0.));
#5401=DIRECTION('',(-0.866025403784438,-0.500000000000001,0.));
#5402=DIRECTION('',(0.866025403784438,0.500000000000001,0.));
#5403=DIRECTION('',(-2.22044604925031E-15,1.,0.));
#5404=DIRECTION('',(-0.866025403784439,0.499999999999999,0.));
#5405=DIRECTION('',(-0.866025403784438,-0.500000000000001,0.));
#5406=DIRECTION('',(1.11022302462516E-15,-1.,0.));
#5407=DIRECTION('',(0.866025403784439,-0.499999999999999,0.));
#5408=DIRECTION('',(-5.55111512312578E-16,-1.,0.));
#5409=DIRECTION('',(0.866025403784438,-0.5,0.));
#5410=DIRECTION('',(0.866025403784438,0.500000000000001,0.));
#5411=DIRECTION('',(0.,1.,0.));
#5412=DIRECTION('',(-0.866025403784439,0.5,0.));
#5413=DIRECTION('',(-0.866025403784438,-0.5,0.));
#5414=DIRECTION('',(0.866025403784438,0.500000000000001,0.));
#5415=DIRECTION('',(-2.22044604925031E-15,1.,0.));
#5416=DIRECTION('',(-0.866025403784439,0.499999999999999,0.));
#5417=DIRECTION('',(-0.866025403784438,-0.500000000000001,0.));
#5418=DIRECTION('',(1.11022302462516E-15,-1.,0.));
#5419=DIRECTION('',(0.866025403784439,-0.499999999999999,0.));
#5420=DIRECTION('',(0.866025403784438,-0.500000000000001,0.));
#5421=DIRECTION('',(0.866025403784439,0.499999999999999,0.));
#5422=DIRECTION('',(5.55111512312578E-16,1.,0.));
#5423=DIRECTION('',(-0.866025403784438,0.500000000000001,0.));
#5424=DIRECTION('',(-0.866025403784439,-0.5,0.));
#5425=DIRECTION('',(-1.11022302462516E-15,-1.,0.));
#5426=DIRECTION('',(-0.866025403784439,0.499999999999999,0.));
#5427=DIRECTION('',(-0.866025403784438,-0.500000000000001,0.));
#5428=DIRECTION('',(1.11022302462516E-15,-1.,0.));
#5429=DIRECTION('',(0.866025403784439,-0.499999999999999,0.));
#5430=DIRECTION('',(0.866025403784438,0.500000000000001,0.));
#5431=DIRECTION('',(-2.22044604925031E-15,1.,0.));
#5432=DIRECTION('',(0.866025403784438,0.500000000000002,0.));
#5433=DIRECTION('',(-1.94289029309402E-15,1.,0.));
#5434=DIRECTION('',(-0.86602540378444,0.499999999999998,0.));
#5435=DIRECTION('',(-0.866025403784438,-0.500000000000001,0.));
#5436=DIRECTION('',(1.52655665885959E-15,-1.,0.));
#5437=DIRECTION('',(0.866025403784439,-0.499999999999999,0.));
#5438=DIRECTION('',(0.866025403784438,-0.500000000000002,0.));
#5439=DIRECTION('',(0.866025403784439,0.499999999999999,0.));
#5440=DIRECTION('',(1.11022302462516E-15,1.,0.));
#5441=DIRECTION('',(-0.866025403784438,0.500000000000001,0.));
#5442=DIRECTION('',(-0.866025403784439,-0.499999999999999,0.));
#5443=DIRECTION('',(-1.11022302462516E-15,-1.,0.));
#5444=DIRECTION('',(-5.55111512312578E-16,-1.,0.));
#5445=DIRECTION('',(0.866025403784438,-0.5,0.));
#5446=DIRECTION('',(0.866025403784438,0.500000000000001,0.));
#5447=DIRECTION('',(0.,1.,0.));
#5448=DIRECTION('',(-0.866025403784439,0.5,0.));
#5449=DIRECTION('',(-0.866025403784438,-0.5,0.));
#5450=DIRECTION('',(0.866025403784438,0.500000000000001,0.));
#5451=DIRECTION('',(-2.22044604925031E-15,1.,0.));
#5452=DIRECTION('',(-0.866025403784439,0.499999999999999,0.));
#5453=DIRECTION('',(-0.866025403784438,-0.500000000000001,0.));
#5454=DIRECTION('',(1.11022302462516E-15,-1.,0.));
#5455=DIRECTION('',(0.866025403784439,-0.499999999999999,0.));
#5456=DIRECTION('',(0.866025403784438,-0.500000000000001,0.));
#5457=DIRECTION('',(0.866025403784439,0.499999999999999,0.));
#5458=DIRECTION('',(5.55111512312578E-16,1.,0.));
#5459=DIRECTION('',(-0.866025403784438,0.5,0.));
#5460=DIRECTION('',(-0.866025403784439,-0.499999999999999,0.));
#5461=DIRECTION('',(-1.11022302462516E-15,-1.,0.));
#5462=DIRECTION('',(1.11022302462516E-15,-1.,0.));
#5463=DIRECTION('',(0.866025403784439,-0.499999999999999,0.));
#5464=DIRECTION('',(0.866025403784438,0.500000000000001,0.));
#5465=DIRECTION('',(-2.22044604925031E-15,1.,0.));
#5466=DIRECTION('',(-0.866025403784439,0.499999999999999,0.));
#5467=DIRECTION('',(-0.866025403784438,-0.500000000000001,0.));
#5468=DIRECTION('',(0.866025403784438,-0.500000000000001,0.));
#5469=DIRECTION('',(0.866025403784438,0.500000000000001,0.));
#5470=DIRECTION('',(-2.08166817117217E-16,1.,0.));
#5471=DIRECTION('',(-0.866025403784439,0.5,0.));
#5472=DIRECTION('',(-0.866025403784439,-0.5,0.));
#5473=DIRECTION('',(-2.77555756156289E-16,-1.,0.));
#5474=DIRECTION('',(0.866025403784438,0.500000000000001,0.));
#5475=DIRECTION('',(-2.22044604925031E-15,1.,0.));
#5476=DIRECTION('',(-0.866025403784439,0.499999999999999,0.));
#5477=DIRECTION('',(-0.866025403784438,-0.500000000000001,0.));
#5478=DIRECTION('',(1.11022302462516E-15,-1.,0.));
#5479=DIRECTION('',(0.866025403784439,-0.499999999999999,0.));
#5480=DIRECTION('',(0.866025403784438,-0.500000000000001,0.));
#5481=DIRECTION('',(0.866025403784439,0.499999999999999,0.));
#5482=DIRECTION('',(5.55111512312578E-16,1.,0.));
#5483=DIRECTION('',(-0.866025403784438,0.500000000000001,0.));
#5484=DIRECTION('',(-0.866025403784439,-0.499999999999999,0.));
#5485=DIRECTION('',(-1.11022302462516E-15,-1.,0.));
#5486=DIRECTION('',(0.866025403784438,-0.500000000000002,0.));
#5487=DIRECTION('',(0.866025403784439,0.499999999999999,0.));
#5488=DIRECTION('',(1.11022302462516E-15,1.,0.));
#5489=DIRECTION('',(-0.866025403784438,0.500000000000001,0.));
#5490=DIRECTION('',(-0.866025403784439,-0.499999999999999,0.));
#5491=DIRECTION('',(-1.11022302462516E-15,-1.,0.));
#5492=DIRECTION('',(0.866025403784438,-0.500000000000002,0.));
#5493=DIRECTION('',(0.866025403784439,0.499999999999999,0.));
#5494=DIRECTION('',(1.11022302462516E-15,1.,0.));
#5495=DIRECTION('',(-0.866025403784438,0.500000000000001,0.));
#5496=DIRECTION('',(-0.866025403784439,-0.499999999999999,0.));
#5497=DIRECTION('',(-1.11022302462516E-15,-1.,0.));
#5498=DIRECTION('',(0.866025403784438,-0.500000000000002,0.));
#5499=DIRECTION('',(0.866025403784439,0.499999999999999,0.));
#5500=DIRECTION('',(1.11022302462516E-15,1.,0.));
#5501=DIRECTION('',(-0.866025403784438,0.500000000000001,0.));
#5502=DIRECTION('',(-0.866025403784439,-0.499999999999999,0.));
#5503=DIRECTION('',(-1.11022302462516E-15,-1.,0.));
#5504=DIRECTION('',(0.866025403784438,0.500000000000001,0.));
#5505=DIRECTION('',(-2.22044604925031E-15,1.,0.));
#5506=DIRECTION('',(-0.866025403784439,0.499999999999999,0.));
#5507=DIRECTION('',(-0.866025403784438,-0.500000000000001,0.));
#5508=DIRECTION('',(1.11022302462516E-15,-1.,0.));
#5509=DIRECTION('',(0.866025403784439,-0.499999999999999,0.));
#5510=DIRECTION('',(0.866025403784438,-0.500000000000001,0.));
#5511=DIRECTION('',(0.866025403784439,0.499999999999999,0.));
#5512=DIRECTION('',(5.55111512312578E-16,1.,0.));
#5513=DIRECTION('',(-0.866025403784438,0.500000000000001,0.));
#5514=DIRECTION('',(-0.866025403784439,-0.5,0.));
#5515=DIRECTION('',(-1.11022302462516E-15,-1.,0.));
#5516=DIRECTION('center_axis',(-1.,-1.11022302462516E-15,0.));
#5517=DIRECTION('ref_axis',(1.11022302462516E-15,-1.,0.));
#5518=DIRECTION('',(0.,0.,1.));
#5519=DIRECTION('',(0.,0.,1.));
#5520=DIRECTION('center_axis',(-0.500000000000001,0.866025403784438,0.));
#5521=DIRECTION('ref_axis',(-0.866025403784438,-0.500000000000001,0.));
#5522=DIRECTION('',(0.,0.,1.));
#5523=DIRECTION('center_axis',(0.499999999999999,0.866025403784439,0.));
#5524=DIRECTION('ref_axis',(-0.866025403784439,0.499999999999999,0.));
#5525=DIRECTION('',(0.,0.,1.));
#5526=DIRECTION('center_axis',(1.,1.94289029309402E-15,0.));
#5527=DIRECTION('ref_axis',(-1.94289029309402E-15,1.,0.));
#5528=DIRECTION('',(0.,0.,1.));
#5529=DIRECTION('center_axis',(0.500000000000001,-0.866025403784438,0.));
#5530=DIRECTION('ref_axis',(0.866025403784438,0.500000000000001,0.));
#5531=DIRECTION('',(0.,0.,1.));
#5532=DIRECTION('center_axis',(-0.499999999999999,-0.866025403784439,0.));
#5533=DIRECTION('ref_axis',(0.866025403784439,-0.499999999999999,0.));
#5534=DIRECTION('center_axis',(-1.,2.77555756156289E-16,0.));
#5535=DIRECTION('ref_axis',(-2.77555756156289E-16,-1.,0.));
#5536=DIRECTION('',(0.,0.,1.));
#5537=DIRECTION('',(0.,0.,1.));
#5538=DIRECTION('center_axis',(-0.5,0.866025403784439,0.));
#5539=DIRECTION('ref_axis',(-0.866025403784439,-0.5,0.));
#5540=DIRECTION('',(0.,0.,1.));
#5541=DIRECTION('center_axis',(0.5,0.866025403784439,0.));
#5542=DIRECTION('ref_axis',(-0.866025403784439,0.5,0.));
#5543=DIRECTION('',(0.,0.,1.));
#5544=DIRECTION('center_axis',(1.,2.08166817117217E-16,0.));
#5545=DIRECTION('ref_axis',(-2.08166817117217E-16,1.,0.));
#5546=DIRECTION('',(0.,0.,1.));
#5547=DIRECTION('center_axis',(0.500000000000001,-0.866025403784438,0.));
#5548=DIRECTION('ref_axis',(0.866025403784438,0.500000000000001,0.));
#5549=DIRECTION('',(0.,0.,1.));
#5550=DIRECTION('center_axis',(-0.500000000000001,-0.866025403784438,0.));
#5551=DIRECTION('ref_axis',(0.866025403784438,-0.500000000000001,0.));
#5552=DIRECTION('center_axis',(-1.,-1.11022302462516E-15,0.));
#5553=DIRECTION('ref_axis',(1.11022302462516E-15,-1.,0.));
#5554=DIRECTION('',(0.,0.,1.));
#5555=DIRECTION('',(0.,0.,1.));
#5556=DIRECTION('center_axis',(-0.500000000000001,0.866025403784438,0.));
#5557=DIRECTION('ref_axis',(-0.866025403784438,-0.500000000000001,0.));
#5558=DIRECTION('',(0.,0.,1.));
#5559=DIRECTION('center_axis',(0.499999999999999,0.866025403784439,0.));
#5560=DIRECTION('ref_axis',(-0.866025403784439,0.499999999999999,0.));
#5561=DIRECTION('',(0.,0.,1.));
#5562=DIRECTION('center_axis',(1.,2.22044604925031E-15,0.));
#5563=DIRECTION('ref_axis',(-2.22044604925031E-15,1.,0.));
#5564=DIRECTION('',(0.,0.,1.));
#5565=DIRECTION('center_axis',(0.500000000000001,-0.866025403784438,0.));
#5566=DIRECTION('ref_axis',(0.866025403784438,0.500000000000001,0.));
#5567=DIRECTION('',(0.,0.,1.));
#5568=DIRECTION('center_axis',(-0.499999999999999,-0.866025403784439,0.));
#5569=DIRECTION('ref_axis',(0.866025403784439,-0.499999999999999,0.));
#5570=DIRECTION('center_axis',(-1.,2.77555756156289E-16,0.));
#5571=DIRECTION('ref_axis',(-2.77555756156289E-16,-1.,0.));
#5572=DIRECTION('',(0.,0.,1.));
#5573=DIRECTION('',(0.,0.,1.));
#5574=DIRECTION('center_axis',(-0.5,0.866025403784439,0.));
#5575=DIRECTION('ref_axis',(-0.866025403784439,-0.5,0.));
#5576=DIRECTION('',(0.,0.,1.));
#5577=DIRECTION('center_axis',(0.5,0.866025403784439,0.));
#5578=DIRECTION('ref_axis',(-0.866025403784439,0.5,0.));
#5579=DIRECTION('',(0.,0.,1.));
#5580=DIRECTION('center_axis',(1.,2.08166817117217E-16,0.));
#5581=DIRECTION('ref_axis',(-2.08166817117217E-16,1.,0.));
#5582=DIRECTION('',(0.,0.,1.));
#5583=DIRECTION('center_axis',(0.500000000000001,-0.866025403784438,0.));
#5584=DIRECTION('ref_axis',(0.866025403784438,0.500000000000001,0.));
#5585=DIRECTION('',(0.,0.,1.));
#5586=DIRECTION('center_axis',(-0.500000000000001,-0.866025403784438,0.));
#5587=DIRECTION('ref_axis',(0.866025403784438,-0.500000000000001,0.));
#5588=DIRECTION('center_axis',(-0.499999999999999,-0.866025403784439,0.));
#5589=DIRECTION('ref_axis',(0.866025403784439,-0.499999999999999,0.));
#5590=DIRECTION('',(0.,0.,1.));
#5591=DIRECTION('',(0.,0.,1.));
#5592=DIRECTION('center_axis',(-1.,-1.11022302462516E-15,0.));
#5593=DIRECTION('ref_axis',(1.11022302462516E-15,-1.,0.));
#5594=DIRECTION('',(0.,0.,1.));
#5595=DIRECTION('center_axis',(-0.500000000000001,0.866025403784438,0.));
#5596=DIRECTION('ref_axis',(-0.866025403784438,-0.500000000000001,0.));
#5597=DIRECTION('',(0.,0.,1.));
#5598=DIRECTION('center_axis',(0.499999999999999,0.866025403784439,0.));
#5599=DIRECTION('ref_axis',(-0.866025403784439,0.499999999999999,0.));
#5600=DIRECTION('',(0.,0.,1.));
#5601=DIRECTION('center_axis',(1.,1.94289029309402E-15,0.));
#5602=DIRECTION('ref_axis',(-1.94289029309402E-15,1.,0.));
#5603=DIRECTION('',(0.,0.,1.));
#5604=DIRECTION('center_axis',(0.500000000000001,-0.866025403784438,0.));
#5605=DIRECTION('ref_axis',(0.866025403784438,0.500000000000001,0.));
#5606=DIRECTION('center_axis',(-1.,5.55111512312578E-16,0.));
#5607=DIRECTION('ref_axis',(-5.55111512312578E-16,-1.,0.));
#5608=DIRECTION('',(0.,0.,1.));
#5609=DIRECTION('',(0.,0.,1.));
#5610=DIRECTION('center_axis',(-0.5,0.866025403784439,0.));
#5611=DIRECTION('ref_axis',(-0.866025403784438,-0.5,0.));
#5612=DIRECTION('',(0.,0.,1.));
#5613=DIRECTION('center_axis',(0.5,0.866025403784439,0.));
#5614=DIRECTION('ref_axis',(-0.866025403784439,0.5,0.));
#5615=DIRECTION('',(0.,0.,1.));
#5616=DIRECTION('center_axis',(1.,0.,0.));
#5617=DIRECTION('ref_axis',(0.,1.,0.));
#5618=DIRECTION('',(0.,0.,1.));
#5619=DIRECTION('center_axis',(0.500000000000001,-0.866025403784438,0.));
#5620=DIRECTION('ref_axis',(0.866025403784438,0.500000000000001,0.));
#5621=DIRECTION('',(0.,0.,1.));
#5622=DIRECTION('center_axis',(-0.5,-0.866025403784438,0.));
#5623=DIRECTION('ref_axis',(0.866025403784438,-0.5,0.));
#5624=DIRECTION('center_axis',(-0.500000000000002,-0.866025403784438,0.));
#5625=DIRECTION('ref_axis',(0.866025403784438,-0.500000000000002,0.));
#5626=DIRECTION('',(0.,0.,1.));
#5627=DIRECTION('',(0.,0.,1.));
#5628=DIRECTION('center_axis',(-1.,1.11022302462516E-15,0.));
#5629=DIRECTION('ref_axis',(-1.11022302462516E-15,-1.,0.));
#5630=DIRECTION('',(0.,0.,1.));
#5631=DIRECTION('center_axis',(-0.499999999999999,0.866025403784439,0.));
#5632=DIRECTION('ref_axis',(-0.866025403784439,-0.499999999999999,0.));
#5633=DIRECTION('',(0.,0.,1.));
#5634=DIRECTION('center_axis',(0.500000000000001,0.866025403784438,0.));
#5635=DIRECTION('ref_axis',(-0.866025403784438,0.500000000000001,0.));
#5636=DIRECTION('',(0.,0.,1.));
#5637=DIRECTION('center_axis',(1.,-1.11022302462516E-15,0.));
#5638=DIRECTION('ref_axis',(1.11022302462516E-15,1.,0.));
#5639=DIRECTION('',(0.,0.,1.));
#5640=DIRECTION('center_axis',(0.499999999999999,-0.866025403784439,0.));
#5641=DIRECTION('ref_axis',(0.866025403784439,0.499999999999999,0.));
#5642=DIRECTION('center_axis',(-0.500000000000002,-0.866025403784438,0.));
#5643=DIRECTION('ref_axis',(0.866025403784438,-0.500000000000002,0.));
#5644=DIRECTION('',(0.,0.,1.));
#5645=DIRECTION('',(0.,0.,1.));
#5646=DIRECTION('center_axis',(-1.,1.11022302462516E-15,0.));
#5647=DIRECTION('ref_axis',(-1.11022302462516E-15,-1.,0.));
#5648=DIRECTION('',(0.,0.,1.));
#5649=DIRECTION('center_axis',(-0.499999999999999,0.866025403784439,0.));
#5650=DIRECTION('ref_axis',(-0.866025403784439,-0.499999999999999,0.));
#5651=DIRECTION('',(0.,0.,1.));
#5652=DIRECTION('center_axis',(0.500000000000001,0.866025403784438,0.));
#5653=DIRECTION('ref_axis',(-0.866025403784438,0.500000000000001,0.));
#5654=DIRECTION('',(0.,0.,1.));
#5655=DIRECTION('center_axis',(1.,-1.11022302462516E-15,0.));
#5656=DIRECTION('ref_axis',(1.11022302462516E-15,1.,0.));
#5657=DIRECTION('',(0.,0.,1.));
#5658=DIRECTION('center_axis',(0.499999999999999,-0.866025403784439,0.));
#5659=DIRECTION('ref_axis',(0.866025403784439,0.499999999999999,0.));
#5660=DIRECTION('center_axis',(-1.,-1.52655665885959E-15,0.));
#5661=DIRECTION('ref_axis',(1.52655665885959E-15,-1.,0.));
#5662=DIRECTION('',(0.,0.,1.));
#5663=DIRECTION('',(0.,0.,1.));
#5664=DIRECTION('center_axis',(-0.500000000000001,0.866025403784438,0.));
#5665=DIRECTION('ref_axis',(-0.866025403784438,-0.500000000000001,0.));
#5666=DIRECTION('',(0.,0.,1.));
#5667=DIRECTION('center_axis',(0.499999999999998,0.86602540378444,0.));
#5668=DIRECTION('ref_axis',(-0.86602540378444,0.499999999999998,0.));
#5669=DIRECTION('',(0.,0.,1.));
#5670=DIRECTION('center_axis',(1.,1.94289029309402E-15,0.));
#5671=DIRECTION('ref_axis',(-1.94289029309402E-15,1.,0.));
#5672=DIRECTION('',(0.,0.,1.));
#5673=DIRECTION('center_axis',(0.500000000000002,-0.866025403784438,0.));
#5674=DIRECTION('ref_axis',(0.866025403784438,0.500000000000002,0.));
#5675=DIRECTION('',(0.,0.,1.));
#5676=DIRECTION('center_axis',(-0.499999999999999,-0.866025403784439,0.));
#5677=DIRECTION('ref_axis',(0.866025403784439,-0.499999999999999,0.));
#5678=DIRECTION('center_axis',(0.500000000000001,-0.866025403784438,0.));
#5679=DIRECTION('ref_axis',(0.866025403784438,0.500000000000001,0.));
#5680=DIRECTION('',(0.,0.,1.));
#5681=DIRECTION('',(0.,0.,1.));
#5682=DIRECTION('center_axis',(-0.499999999999999,-0.866025403784439,0.));
#5683=DIRECTION('ref_axis',(0.866025403784439,-0.499999999999999,0.));
#5684=DIRECTION('',(0.,0.,1.));
#5685=DIRECTION('center_axis',(-1.,-1.11022302462516E-15,0.));
#5686=DIRECTION('ref_axis',(1.11022302462516E-15,-1.,0.));
#5687=DIRECTION('',(0.,0.,1.));
#5688=DIRECTION('center_axis',(-0.500000000000001,0.866025403784438,0.));
#5689=DIRECTION('ref_axis',(-0.866025403784438,-0.500000000000001,0.));
#5690=DIRECTION('',(0.,0.,1.));
#5691=DIRECTION('center_axis',(0.499999999999999,0.866025403784439,0.));
#5692=DIRECTION('ref_axis',(-0.866025403784439,0.499999999999999,0.));
#5693=DIRECTION('',(0.,0.,1.));
#5694=DIRECTION('center_axis',(1.,2.22044604925031E-15,0.));
#5695=DIRECTION('ref_axis',(-2.22044604925031E-15,1.,0.));
#5696=DIRECTION('center_axis',(-1.,5.55111512312578E-16,0.));
#5697=DIRECTION('ref_axis',(-5.55111512312578E-16,-1.,0.));
#5698=DIRECTION('',(0.,0.,1.));
#5699=DIRECTION('',(0.,0.,1.));
#5700=DIRECTION('center_axis',(-0.5,0.866025403784439,0.));
#5701=DIRECTION('ref_axis',(-0.866025403784438,-0.5,0.));
#5702=DIRECTION('',(0.,0.,1.));
#5703=DIRECTION('center_axis',(0.5,0.866025403784439,0.));
#5704=DIRECTION('ref_axis',(-0.866025403784439,0.5,0.));
#5705=DIRECTION('',(0.,0.,1.));
#5706=DIRECTION('center_axis',(1.,0.,0.));
#5707=DIRECTION('ref_axis',(0.,1.,0.));
#5708=DIRECTION('',(0.,0.,1.));
#5709=DIRECTION('center_axis',(0.500000000000001,-0.866025403784438,0.));
#5710=DIRECTION('ref_axis',(0.866025403784438,0.500000000000001,0.));
#5711=DIRECTION('',(0.,0.,1.));
#5712=DIRECTION('center_axis',(-0.5,-0.866025403784438,0.));
#5713=DIRECTION('ref_axis',(0.866025403784438,-0.5,0.));
#5714=DIRECTION('center_axis',(0.500000000000001,-0.866025403784438,0.));
#5715=DIRECTION('ref_axis',(0.866025403784438,0.500000000000001,0.));
#5716=DIRECTION('',(0.,0.,1.));
#5717=DIRECTION('',(0.,0.,1.));
#5718=DIRECTION('center_axis',(-0.499999999999999,-0.866025403784439,0.));
#5719=DIRECTION('ref_axis',(0.866025403784439,-0.499999999999999,0.));
#5720=DIRECTION('',(0.,0.,1.));
#5721=DIRECTION('center_axis',(-1.,-1.11022302462516E-15,0.));
#5722=DIRECTION('ref_axis',(1.11022302462516E-15,-1.,0.));
#5723=DIRECTION('',(0.,0.,1.));
#5724=DIRECTION('center_axis',(-0.500000000000001,0.866025403784438,0.));
#5725=DIRECTION('ref_axis',(-0.866025403784438,-0.500000000000001,0.));
#5726=DIRECTION('',(0.,0.,1.));
#5727=DIRECTION('center_axis',(0.499999999999999,0.866025403784439,0.));
#5728=DIRECTION('ref_axis',(-0.866025403784439,0.499999999999999,0.));
#5729=DIRECTION('',(0.,0.,1.));
#5730=DIRECTION('center_axis',(1.,2.22044604925031E-15,0.));
#5731=DIRECTION('ref_axis',(-2.22044604925031E-15,1.,0.));
#5732=DIRECTION('center_axis',(-0.500000000000001,-0.866025403784438,0.));
#5733=DIRECTION('ref_axis',(0.866025403784438,-0.500000000000001,0.));
#5734=DIRECTION('',(0.,0.,1.));
#5735=DIRECTION('',(0.,0.,1.));
#5736=DIRECTION('center_axis',(-1.,1.11022302462516E-15,0.));
#5737=DIRECTION('ref_axis',(-1.11022302462516E-15,-1.,0.));
#5738=DIRECTION('',(0.,0.,1.));
#5739=DIRECTION('center_axis',(-0.5,0.866025403784439,0.));
#5740=DIRECTION('ref_axis',(-0.866025403784439,-0.5,0.));
#5741=DIRECTION('',(0.,0.,1.));
#5742=DIRECTION('center_axis',(0.500000000000001,0.866025403784438,0.));
#5743=DIRECTION('ref_axis',(-0.866025403784438,0.500000000000001,0.));
#5744=DIRECTION('',(0.,0.,1.));
#5745=DIRECTION('center_axis',(1.,-5.55111512312578E-16,0.));
#5746=DIRECTION('ref_axis',(5.55111512312578E-16,1.,0.));
#5747=DIRECTION('',(0.,0.,1.));
#5748=DIRECTION('center_axis',(0.499999999999999,-0.866025403784439,0.));
#5749=DIRECTION('ref_axis',(0.866025403784439,0.499999999999999,0.));
#5750=DIRECTION('center_axis',(0.499999999999999,0.866025403784439,0.));
#5751=DIRECTION('ref_axis',(-0.866025403784439,0.499999999999999,0.));
#5752=DIRECTION('',(0.,0.,1.));
#5753=DIRECTION('',(0.,0.,1.));
#5754=DIRECTION('center_axis',(1.,2.22044604925031E-15,0.));
#5755=DIRECTION('ref_axis',(-2.22044604925031E-15,1.,0.));
#5756=DIRECTION('',(0.,0.,1.));
#5757=DIRECTION('center_axis',(0.500000000000001,-0.866025403784438,0.));
#5758=DIRECTION('ref_axis',(0.866025403784438,0.500000000000001,0.));
#5759=DIRECTION('',(0.,0.,1.));
#5760=DIRECTION('center_axis',(-0.499999999999999,-0.866025403784439,0.));
#5761=DIRECTION('ref_axis',(0.866025403784439,-0.499999999999999,0.));
#5762=DIRECTION('',(0.,0.,1.));
#5763=DIRECTION('center_axis',(-1.,-1.11022302462516E-15,0.));
#5764=DIRECTION('ref_axis',(1.11022302462516E-15,-1.,0.));
#5765=DIRECTION('',(0.,0.,1.));
#5766=DIRECTION('center_axis',(-0.500000000000001,0.866025403784438,0.));
#5767=DIRECTION('ref_axis',(-0.866025403784438,-0.500000000000001,0.));
#5768=DIRECTION('center_axis',(0.500000000000002,-0.866025403784438,0.));
#5769=DIRECTION('ref_axis',(0.866025403784438,0.500000000000002,0.));
#5770=DIRECTION('',(0.,0.,1.));
#5771=DIRECTION('',(0.,0.,1.));
#5772=DIRECTION('center_axis',(-0.499999999999999,-0.866025403784439,0.));
#5773=DIRECTION('ref_axis',(0.866025403784439,-0.499999999999999,0.));
#5774=DIRECTION('',(0.,0.,1.));
#5775=DIRECTION('center_axis',(-1.,-1.52655665885959E-15,0.));
#5776=DIRECTION('ref_axis',(1.52655665885959E-15,-1.,0.));
#5777=DIRECTION('',(0.,0.,1.));
#5778=DIRECTION('center_axis',(-0.500000000000001,0.866025403784438,0.));
#5779=DIRECTION('ref_axis',(-0.866025403784438,-0.500000000000001,0.));
#5780=DIRECTION('',(0.,0.,1.));
#5781=DIRECTION('center_axis',(0.499999999999998,0.86602540378444,0.));
#5782=DIRECTION('ref_axis',(-0.86602540378444,0.499999999999998,0.));
#5783=DIRECTION('',(0.,0.,1.));
#5784=DIRECTION('center_axis',(1.,1.94289029309402E-15,0.));
#5785=DIRECTION('ref_axis',(-1.94289029309402E-15,1.,0.));
#5786=DIRECTION('center_axis',(-0.500000000000002,-0.866025403784438,0.));
#5787=DIRECTION('ref_axis',(0.866025403784438,-0.500000000000002,0.));
#5788=DIRECTION('',(0.,0.,1.));
#5789=DIRECTION('',(0.,0.,1.));
#5790=DIRECTION('center_axis',(-1.,1.11022302462516E-15,0.));
#5791=DIRECTION('ref_axis',(-1.11022302462516E-15,-1.,0.));
#5792=DIRECTION('',(0.,0.,1.));
#5793=DIRECTION('center_axis',(-0.499999999999999,0.866025403784439,0.));
#5794=DIRECTION('ref_axis',(-0.866025403784439,-0.499999999999999,0.));
#5795=DIRECTION('',(0.,0.,1.));
#5796=DIRECTION('center_axis',(0.500000000000001,0.866025403784438,0.));
#5797=DIRECTION('ref_axis',(-0.866025403784438,0.500000000000001,0.));
#5798=DIRECTION('',(0.,0.,1.));
#5799=DIRECTION('center_axis',(1.,-1.11022302462516E-15,0.));
#5800=DIRECTION('ref_axis',(1.11022302462516E-15,1.,0.));
#5801=DIRECTION('',(0.,0.,1.));
#5802=DIRECTION('center_axis',(0.499999999999999,-0.866025403784439,0.));
#5803=DIRECTION('ref_axis',(0.866025403784439,0.499999999999999,0.));
#5804=DIRECTION('center_axis',(-1.,5.55111512312578E-16,0.));
#5805=DIRECTION('ref_axis',(-5.55111512312578E-16,-1.,0.));
#5806=DIRECTION('',(0.,0.,1.));
#5807=DIRECTION('',(0.,0.,1.));
#5808=DIRECTION('center_axis',(-0.5,0.866025403784439,0.));
#5809=DIRECTION('ref_axis',(-0.866025403784438,-0.5,0.));
#5810=DIRECTION('',(0.,0.,1.));
#5811=DIRECTION('center_axis',(0.5,0.866025403784439,0.));
#5812=DIRECTION('ref_axis',(-0.866025403784439,0.5,0.));
#5813=DIRECTION('',(0.,0.,1.));
#5814=DIRECTION('center_axis',(1.,0.,0.));
#5815=DIRECTION('ref_axis',(0.,1.,0.));
#5816=DIRECTION('',(0.,0.,1.));
#5817=DIRECTION('center_axis',(0.500000000000001,-0.866025403784438,0.));
#5818=DIRECTION('ref_axis',(0.866025403784438,0.500000000000001,0.));
#5819=DIRECTION('',(0.,0.,1.));
#5820=DIRECTION('center_axis',(-0.5,-0.866025403784438,0.));
#5821=DIRECTION('ref_axis',(0.866025403784438,-0.5,0.));
#5822=DIRECTION('center_axis',(0.500000000000001,-0.866025403784438,0.));
#5823=DIRECTION('ref_axis',(0.866025403784438,0.500000000000001,0.));
#5824=DIRECTION('',(0.,0.,1.));
#5825=DIRECTION('',(0.,0.,1.));
#5826=DIRECTION('center_axis',(-0.499999999999999,-0.866025403784439,0.));
#5827=DIRECTION('ref_axis',(0.866025403784439,-0.499999999999999,0.));
#5828=DIRECTION('',(0.,0.,1.));
#5829=DIRECTION('center_axis',(-1.,-1.11022302462516E-15,0.));
#5830=DIRECTION('ref_axis',(1.11022302462516E-15,-1.,0.));
#5831=DIRECTION('',(0.,0.,1.));
#5832=DIRECTION('center_axis',(-0.500000000000001,0.866025403784438,0.));
#5833=DIRECTION('ref_axis',(-0.866025403784438,-0.500000000000001,0.));
#5834=DIRECTION('',(0.,0.,1.));
#5835=DIRECTION('center_axis',(0.499999999999999,0.866025403784439,0.));
#5836=DIRECTION('ref_axis',(-0.866025403784439,0.499999999999999,0.));
#5837=DIRECTION('',(0.,0.,1.));
#5838=DIRECTION('center_axis',(1.,2.22044604925031E-15,0.));
#5839=DIRECTION('ref_axis',(-2.22044604925031E-15,1.,0.));
#5840=DIRECTION('center_axis',(-0.500000000000001,-0.866025403784438,0.));
#5841=DIRECTION('ref_axis',(0.866025403784438,-0.500000000000001,0.));
#5842=DIRECTION('',(0.,0.,1.));
#5843=DIRECTION('',(0.,0.,1.));
#5844=DIRECTION('center_axis',(-1.,1.11022302462516E-15,0.));
#5845=DIRECTION('ref_axis',(-1.11022302462516E-15,-1.,0.));
#5846=DIRECTION('',(0.,0.,1.));
#5847=DIRECTION('center_axis',(-0.5,0.866025403784439,0.));
#5848=DIRECTION('ref_axis',(-0.866025403784439,-0.499999999999999,0.));
#5849=DIRECTION('',(0.,0.,1.));
#5850=DIRECTION('center_axis',(0.500000000000001,0.866025403784438,0.));
#5851=DIRECTION('ref_axis',(-0.866025403784438,0.500000000000001,0.));
#5852=DIRECTION('',(0.,0.,1.));
#5853=DIRECTION('center_axis',(1.,-5.55111512312578E-16,0.));
#5854=DIRECTION('ref_axis',(5.55111512312578E-16,1.,0.));
#5855=DIRECTION('',(0.,0.,1.));
#5856=DIRECTION('center_axis',(0.499999999999999,-0.866025403784439,0.));
#5857=DIRECTION('ref_axis',(0.866025403784439,0.499999999999999,0.));
#5858=DIRECTION('center_axis',(-1.,-1.11022302462516E-15,0.));
#5859=DIRECTION('ref_axis',(1.11022302462516E-15,-1.,0.));
#5860=DIRECTION('',(0.,0.,1.));
#5861=DIRECTION('',(0.,0.,1.));
#5862=DIRECTION('center_axis',(-0.500000000000001,0.866025403784438,0.));
#5863=DIRECTION('ref_axis',(-0.866025403784438,-0.500000000000001,0.));
#5864=DIRECTION('',(0.,0.,1.));
#5865=DIRECTION('center_axis',(0.499999999999999,0.866025403784439,0.));
#5866=DIRECTION('ref_axis',(-0.866025403784439,0.499999999999999,0.));
#5867=DIRECTION('',(0.,0.,1.));
#5868=DIRECTION('center_axis',(1.,2.22044604925031E-15,0.));
#5869=DIRECTION('ref_axis',(-2.22044604925031E-15,1.,0.));
#5870=DIRECTION('',(0.,0.,1.));
#5871=DIRECTION('center_axis',(0.500000000000001,-0.866025403784438,0.));
#5872=DIRECTION('ref_axis',(0.866025403784438,0.500000000000001,0.));
#5873=DIRECTION('',(0.,0.,1.));
#5874=DIRECTION('center_axis',(-0.499999999999999,-0.866025403784439,0.));
#5875=DIRECTION('ref_axis',(0.866025403784439,-0.499999999999999,0.));
#5876=DIRECTION('center_axis',(-0.500000000000001,-0.866025403784438,0.));
#5877=DIRECTION('ref_axis',(0.866025403784438,-0.500000000000001,0.));
#5878=DIRECTION('',(0.,0.,1.));
#5879=DIRECTION('',(0.,0.,1.));
#5880=DIRECTION('center_axis',(-1.,2.77555756156289E-16,0.));
#5881=DIRECTION('ref_axis',(-2.77555756156289E-16,-1.,0.));
#5882=DIRECTION('',(0.,0.,1.));
#5883=DIRECTION('center_axis',(-0.5,0.866025403784439,0.));
#5884=DIRECTION('ref_axis',(-0.866025403784439,-0.5,0.));
#5885=DIRECTION('',(0.,0.,1.));
#5886=DIRECTION('center_axis',(0.5,0.866025403784439,0.));
#5887=DIRECTION('ref_axis',(-0.866025403784439,0.5,0.));
#5888=DIRECTION('',(0.,0.,1.));
#5889=DIRECTION('center_axis',(1.,2.08166817117217E-16,0.));
#5890=DIRECTION('ref_axis',(-2.08166817117217E-16,1.,0.));
#5891=DIRECTION('',(0.,0.,1.));
#5892=DIRECTION('center_axis',(0.500000000000001,-0.866025403784438,0.));
#5893=DIRECTION('ref_axis',(0.866025403784438,0.500000000000001,0.));
#5894=DIRECTION('center_axis',(0.500000000000001,-0.866025403784438,0.));
#5895=DIRECTION('ref_axis',(0.866025403784438,0.500000000000001,0.));
#5896=DIRECTION('',(0.,0.,1.));
#5897=DIRECTION('',(0.,0.,1.));
#5898=DIRECTION('center_axis',(-0.499999999999999,-0.866025403784439,0.));
#5899=DIRECTION('ref_axis',(0.866025403784439,-0.499999999999999,0.));
#5900=DIRECTION('',(0.,0.,1.));
#5901=DIRECTION('center_axis',(-1.,-1.11022302462516E-15,0.));
#5902=DIRECTION('ref_axis',(1.11022302462516E-15,-1.,0.));
#5903=DIRECTION('',(0.,0.,1.));
#5904=DIRECTION('center_axis',(-0.500000000000001,0.866025403784438,0.));
#5905=DIRECTION('ref_axis',(-0.866025403784438,-0.500000000000001,0.));
#5906=DIRECTION('',(0.,0.,1.));
#5907=DIRECTION('center_axis',(0.499999999999999,0.866025403784439,0.));
#5908=DIRECTION('ref_axis',(-0.866025403784439,0.499999999999999,0.));
#5909=DIRECTION('',(0.,0.,1.));
#5910=DIRECTION('center_axis',(1.,2.22044604925031E-15,0.));
#5911=DIRECTION('ref_axis',(-2.22044604925031E-15,1.,0.));
#5912=DIRECTION('center_axis',(-0.500000000000001,-0.866025403784438,0.));
#5913=DIRECTION('ref_axis',(0.866025403784438,-0.500000000000001,0.));
#5914=DIRECTION('',(0.,0.,1.));
#5915=DIRECTION('',(0.,0.,1.));
#5916=DIRECTION('center_axis',(-1.,1.11022302462516E-15,0.));
#5917=DIRECTION('ref_axis',(-1.11022302462516E-15,-1.,0.));
#5918=DIRECTION('',(0.,0.,1.));
#5919=DIRECTION('center_axis',(-0.5,0.866025403784439,0.));
#5920=DIRECTION('ref_axis',(-0.866025403784439,-0.499999999999999,0.));
#5921=DIRECTION('',(0.,0.,1.));
#5922=DIRECTION('center_axis',(0.500000000000001,0.866025403784438,0.));
#5923=DIRECTION('ref_axis',(-0.866025403784438,0.500000000000001,0.));
#5924=DIRECTION('',(0.,0.,1.));
#5925=DIRECTION('center_axis',(1.,-5.55111512312578E-16,0.));
#5926=DIRECTION('ref_axis',(5.55111512312578E-16,1.,0.));
#5927=DIRECTION('',(0.,0.,1.));
#5928=DIRECTION('center_axis',(0.499999999999999,-0.866025403784439,0.));
#5929=DIRECTION('ref_axis',(0.866025403784439,0.499999999999999,0.));
#5930=DIRECTION('center_axis',(-0.500000000000002,-0.866025403784438,0.));
#5931=DIRECTION('ref_axis',(0.866025403784438,-0.500000000000002,0.));
#5932=DIRECTION('',(0.,0.,1.));
#5933=DIRECTION('',(0.,0.,1.));
#5934=DIRECTION('center_axis',(-1.,1.11022302462516E-15,0.));
#5935=DIRECTION('ref_axis',(-1.11022302462516E-15,-1.,0.));
#5936=DIRECTION('',(0.,0.,1.));
#5937=DIRECTION('center_axis',(-0.499999999999999,0.866025403784439,0.));
#5938=DIRECTION('ref_axis',(-0.866025403784439,-0.499999999999999,0.));
#5939=DIRECTION('',(0.,0.,1.));
#5940=DIRECTION('center_axis',(0.500000000000001,0.866025403784438,0.));
#5941=DIRECTION('ref_axis',(-0.866025403784438,0.500000000000001,0.));
#5942=DIRECTION('',(0.,0.,1.));
#5943=DIRECTION('center_axis',(1.,-1.11022302462516E-15,0.));
#5944=DIRECTION('ref_axis',(1.11022302462516E-15,1.,0.));
#5945=DIRECTION('',(0.,0.,1.));
#5946=DIRECTION('center_axis',(0.499999999999999,-0.866025403784439,0.));
#5947=DIRECTION('ref_axis',(0.866025403784439,0.499999999999999,0.));
#5948=DIRECTION('center_axis',(-0.500000000000002,-0.866025403784438,0.));
#5949=DIRECTION('ref_axis',(0.866025403784438,-0.500000000000002,0.));
#5950=DIRECTION('',(0.,0.,1.));
#5951=DIRECTION('',(0.,0.,1.));
#5952=DIRECTION('center_axis',(-1.,1.11022302462516E-15,0.));
#5953=DIRECTION('ref_axis',(-1.11022302462516E-15,-1.,0.));
#5954=DIRECTION('',(0.,0.,1.));
#5955=DIRECTION('center_axis',(-0.499999999999999,0.866025403784439,0.));
#5956=DIRECTION('ref_axis',(-0.866025403784439,-0.499999999999999,0.));
#5957=DIRECTION('',(0.,0.,1.));
#5958=DIRECTION('center_axis',(0.500000000000001,0.866025403784438,0.));
#5959=DIRECTION('ref_axis',(-0.866025403784438,0.500000000000001,0.));
#5960=DIRECTION('',(0.,0.,1.));
#5961=DIRECTION('center_axis',(1.,-1.11022302462516E-15,0.));
#5962=DIRECTION('ref_axis',(1.11022302462516E-15,1.,0.));
#5963=DIRECTION('',(0.,0.,1.));
#5964=DIRECTION('center_axis',(0.499999999999999,-0.866025403784439,0.));
#5965=DIRECTION('ref_axis',(0.866025403784439,0.499999999999999,0.));
#5966=DIRECTION('center_axis',(-0.500000000000002,-0.866025403784438,0.));
#5967=DIRECTION('ref_axis',(0.866025403784438,-0.500000000000002,0.));
#5968=DIRECTION('',(0.,0.,1.));
#5969=DIRECTION('',(0.,0.,1.));
#5970=DIRECTION('center_axis',(-1.,1.11022302462516E-15,0.));
#5971=DIRECTION('ref_axis',(-1.11022302462516E-15,-1.,0.));
#5972=DIRECTION('',(0.,0.,1.));
#5973=DIRECTION('center_axis',(-0.499999999999999,0.866025403784439,0.));
#5974=DIRECTION('ref_axis',(-0.866025403784439,-0.499999999999999,0.));
#5975=DIRECTION('',(0.,0.,1.));
#5976=DIRECTION('center_axis',(0.500000000000001,0.866025403784438,0.));
#5977=DIRECTION('ref_axis',(-0.866025403784438,0.500000000000001,0.));
#5978=DIRECTION('',(0.,0.,1.));
#5979=DIRECTION('center_axis',(1.,-1.11022302462516E-15,0.));
#5980=DIRECTION('ref_axis',(1.11022302462516E-15,1.,0.));
#5981=DIRECTION('',(0.,0.,1.));
#5982=DIRECTION('center_axis',(0.499999999999999,-0.866025403784439,0.));
#5983=DIRECTION('ref_axis',(0.866025403784439,0.499999999999999,0.));
#5984=DIRECTION('center_axis',(0.500000000000001,-0.866025403784438,0.));
#5985=DIRECTION('ref_axis',(0.866025403784438,0.500000000000001,0.));
#5986=DIRECTION('',(0.,0.,1.));
#5987=DIRECTION('',(0.,0.,1.));
#5988=DIRECTION('center_axis',(-0.499999999999999,-0.866025403784439,0.));
#5989=DIRECTION('ref_axis',(0.866025403784439,-0.499999999999999,0.));
#5990=DIRECTION('',(0.,0.,1.));
#5991=DIRECTION('center_axis',(-1.,-1.11022302462516E-15,0.));
#5992=DIRECTION('ref_axis',(1.11022302462516E-15,-1.,0.));
#5993=DIRECTION('',(0.,0.,1.));
#5994=DIRECTION('center_axis',(-0.500000000000001,0.866025403784438,0.));
#5995=DIRECTION('ref_axis',(-0.866025403784438,-0.500000000000001,0.));
#5996=DIRECTION('',(0.,0.,1.));
#5997=DIRECTION('center_axis',(0.499999999999999,0.866025403784439,0.));
#5998=DIRECTION('ref_axis',(-0.866025403784439,0.499999999999999,0.));
#5999=DIRECTION('',(0.,0.,1.));
#6000=DIRECTION('center_axis',(1.,2.22044604925031E-15,0.));
#6001=DIRECTION('ref_axis',(-2.22044604925031E-15,1.,0.));
#6002=DIRECTION('center_axis',(-0.500000000000001,-0.866025403784438,0.));
#6003=DIRECTION('ref_axis',(0.866025403784438,-0.500000000000001,0.));
#6004=DIRECTION('',(0.,0.,1.));
#6005=DIRECTION('',(0.,0.,1.));
#6006=DIRECTION('center_axis',(-1.,1.11022302462516E-15,0.));
#6007=DIRECTION('ref_axis',(-1.11022302462516E-15,-1.,0.));
#6008=DIRECTION('',(0.,0.,1.));
#6009=DIRECTION('center_axis',(-0.5,0.866025403784439,0.));
#6010=DIRECTION('ref_axis',(-0.866025403784439,-0.5,0.));
#6011=DIRECTION('',(0.,0.,1.));
#6012=DIRECTION('center_axis',(0.500000000000001,0.866025403784438,0.));
#6013=DIRECTION('ref_axis',(-0.866025403784438,0.500000000000001,0.));
#6014=DIRECTION('',(0.,0.,1.));
#6015=DIRECTION('center_axis',(1.,-5.55111512312578E-16,0.));
#6016=DIRECTION('ref_axis',(5.55111512312578E-16,1.,0.));
#6017=DIRECTION('',(0.,0.,1.));
#6018=DIRECTION('center_axis',(0.499999999999999,-0.866025403784439,0.));
#6019=DIRECTION('ref_axis',(0.866025403784439,0.499999999999999,0.));
#6020=DIRECTION('center_axis',(5.55111512312578E-16,-1.,0.));
#6021=DIRECTION('ref_axis',(-1.,-5.55111512312578E-16,0.));
#6022=DIRECTION('',(1.,5.55111512312578E-16,0.));
#6023=DIRECTION('',(0.,0.,-1.));
#6024=DIRECTION('center_axis',(0.,0.,-1.));
#6025=DIRECTION('ref_axis',(1.,0.,0.));
#6026=DIRECTION('',(0.,0.,1.));
#6027=DIRECTION('center_axis',(0.,0.,1.));
#6028=DIRECTION('ref_axis',(1.,0.,0.));
#6029=DIRECTION('center_axis',(0.,0.,-1.));
#6030=DIRECTION('ref_axis',(1.,0.,0.));
#6031=DIRECTION('',(-1.,0.,0.));
#6032=DIRECTION('',(0.,1.,0.));
#6033=DIRECTION('center_axis',(0.,0.,-1.));
#6034=DIRECTION('ref_axis',(1.,0.,0.));
#6035=DIRECTION('',(0.,0.,1.));
#6036=DIRECTION('center_axis',(0.,0.,1.));
#6037=DIRECTION('ref_axis',(1.,0.,0.));
#6038=DIRECTION('center_axis',(-1.,0.,0.));
#6039=DIRECTION('ref_axis',(0.,1.,0.));
#6040=DIRECTION('',(0.,0.,-1.));
#6041=DIRECTION('',(0.,-1.,0.));
#6042=DIRECTION('center_axis',(0.,-1.,0.));
#6043=DIRECTION('ref_axis',(-1.,0.,0.));
#6044=DIRECTION('',(-1.,0.,0.));
#6045=DIRECTION('center_axis',(0.,0.,-1.));
#6046=DIRECTION('ref_axis',(1.,0.,0.));
#6047=DIRECTION('center_axis',(-1.,0.,0.));
#6048=DIRECTION('ref_axis',(0.,1.,0.));
#6049=DIRECTION('',(0.,0.,-1.));
#6050=DIRECTION('',(0.,-1.,0.));
#6051=DIRECTION('',(0.,0.,-1.));
#6052=DIRECTION('center_axis',(0.,0.,-1.));
#6053=DIRECTION('ref_axis',(1.,0.,0.));
#6054=DIRECTION('',(0.,0.,1.));
#6055=DIRECTION('center_axis',(0.,0.,1.));
#6056=DIRECTION('ref_axis',(1.,0.,0.));
#6057=DIRECTION('center_axis',(0.,1.,0.));
#6058=DIRECTION('ref_axis',(1.,0.,0.));
#6059=DIRECTION('',(-1.,0.,0.));
#6060=DIRECTION('center_axis',(0.,1.,0.));
#6061=DIRECTION('ref_axis',(1.,0.,0.));
#6062=DIRECTION('',(-1.,0.,0.));
#6063=DIRECTION('',(1.,0.,0.));
#6064=DIRECTION('center_axis',(0.,0.,-1.));
#6065=DIRECTION('ref_axis',(1.,0.,0.));
#6066=DIRECTION('',(-1.,0.,0.));
#6067=DIRECTION('center_axis',(-1.,0.,0.));
#6068=DIRECTION('ref_axis',(0.,1.,0.));
#6069=DIRECTION('',(0.,0.,-1.));
#6070=DIRECTION('',(0.,1.,0.));
#6071=DIRECTION('center_axis',(0.,-1.,0.));
#6072=DIRECTION('ref_axis',(-1.,0.,0.));
#6073=DIRECTION('',(-1.,0.,0.));
#6074=DIRECTION('center_axis',(0.,0.,-1.));
#6075=DIRECTION('ref_axis',(1.,0.,0.));
#6076=DIRECTION('',(0.,0.,1.));
#6077=DIRECTION('center_axis',(0.,0.,1.));
#6078=DIRECTION('ref_axis',(1.,0.,0.));
#6079=DIRECTION('center_axis',(0.,0.,-1.));
#6080=DIRECTION('ref_axis',(1.,0.,0.));
#6081=CARTESIAN_POINT('',(0.,0.,0.));
#6082=CARTESIAN_POINT('Origin',(27.8500000000003,-16.349999999999,-7.));
#6083=CARTESIAN_POINT('',(27.8500000000003,16.3499999999995,-9.24965656305174));
#6084=CARTESIAN_POINT('',(27.8500000000003,-16.349999999999,-9.24965656305174));
#6085=CARTESIAN_POINT('',(27.8500000000003,8.17499999999989,-9.24965656305176));
#6086=CARTESIAN_POINT('',(27.8500000000003,-16.349999999999,-10.));
#6087=CARTESIAN_POINT('',(27.8500000000003,-16.349999999999,-7.));
#6088=CARTESIAN_POINT('',(27.8500000000003,16.3499999999995,-10.));
#6089=CARTESIAN_POINT('',(27.8500000000003,-16.349999999999,-10.));
#6090=CARTESIAN_POINT('',(27.8500000000003,16.3499999999995,-7.));
#6091=CARTESIAN_POINT('Origin',(29.8500000000003,2.44249065417534E-13,-10.));
#6092=CARTESIAN_POINT('',(31.8500000000003,16.3499999999995,-10.));
#6093=CARTESIAN_POINT('',(27.8500000000003,16.3499999999995,-10.));
#6094=CARTESIAN_POINT('',(31.8500000000003,-16.349999999999,-10.));
#6095=CARTESIAN_POINT('',(31.8500000000003,-16.349999999999,-10.));
#6096=CARTESIAN_POINT('',(31.8500000000003,-8.1749999999994,-10.));
#6097=CARTESIAN_POINT('Origin',(-27.8499999999981,16.3499999999995,-7.));
#6098=CARTESIAN_POINT('',(-27.8499999999981,-16.349999999999,-9.24965656305174));
#6099=CARTESIAN_POINT('',(-27.8499999999981,16.3499999999995,-9.24965656305174));
#6100=CARTESIAN_POINT('',(-27.8499999999981,-8.17499999999942,-9.24965656305174));
#6101=CARTESIAN_POINT('',(-27.8499999999981,16.3499999999995,-10.));
#6102=CARTESIAN_POINT('',(-27.8499999999981,16.3499999999995,-7.));
#6103=CARTESIAN_POINT('',(-27.8499999999981,-16.349999999999,-10.));
#6104=CARTESIAN_POINT('',(-27.8499999999981,-16.349999999999,-10.));
#6105=CARTESIAN_POINT('',(-27.8499999999981,-16.349999999999,-7.));
#6106=CARTESIAN_POINT('Origin',(-29.8499999999981,2.44249065417534E-13,
-10.));
#6107=CARTESIAN_POINT('',(-31.8499999999981,-16.349999999999,-10.));
#6108=CARTESIAN_POINT('',(-31.8499999999981,-16.349999999999,-10.));
#6109=CARTESIAN_POINT('',(-31.8499999999981,16.3499999999995,-10.));
#6110=CARTESIAN_POINT('',(-31.8499999999981,16.3499999999995,-10.));
#6111=CARTESIAN_POINT('',(-31.8499999999981,-12.1749999999994,-10.));
#6112=CARTESIAN_POINT('Origin',(27.8500000000003,16.3499999999995,0.));
#6113=CARTESIAN_POINT('',(27.8500000000003,-16.349999999999,0.));
#6114=CARTESIAN_POINT('',(27.8500000000003,-16.349999999999,-3.5));
#6115=CARTESIAN_POINT('',(27.8500000000003,-20.349999999999,-9.24965656305176));
#6116=CARTESIAN_POINT('',(27.8500000000003,8.17499999999989,-9.24965656305176));
#6117=CARTESIAN_POINT('',(27.8500000000003,-20.349999999999,0.));
#6118=CARTESIAN_POINT('',(27.8500000000003,-20.349999999999,0.));
#6119=CARTESIAN_POINT('',(27.8500000000003,-20.349999999999,0.));
#6120=CARTESIAN_POINT('Origin',(27.8500000000003,16.3499999999995,0.));
#6121=CARTESIAN_POINT('',(27.8500000000003,16.3499999999995,0.));
#6122=CARTESIAN_POINT('',(27.8500000000003,16.3499999999995,0.));
#6123=CARTESIAN_POINT('',(27.8500000000003,20.3499999999995,0.));
#6124=CARTESIAN_POINT('',(27.8500000000003,16.3499999999995,0.));
#6125=CARTESIAN_POINT('',(27.8500000000003,20.3499999999995,-9.24965656305176));
#6126=CARTESIAN_POINT('',(27.8500000000003,20.3499999999995,0.));
#6127=CARTESIAN_POINT('',(27.8500000000003,8.17499999999989,-9.24965656305176));
#6128=CARTESIAN_POINT('Origin',(-27.8499999999981,-16.349999999999,0.));
#6129=CARTESIAN_POINT('',(-27.8499999999981,16.3499999999995,0.));
#6130=CARTESIAN_POINT('',(-27.8499999999981,16.3499999999995,-3.5));
#6131=CARTESIAN_POINT('',(-27.8499999999981,20.3499999999995,-9.24965656305174));
#6132=CARTESIAN_POINT('',(-27.8499999999981,-8.17499999999942,-9.24965656305174));
#6133=CARTESIAN_POINT('',(-27.8499999999981,20.3499999999995,0.));
#6134=CARTESIAN_POINT('',(-27.8499999999981,20.3499999999995,0.));
#6135=CARTESIAN_POINT('',(-27.8499999999981,20.3499999999995,0.));
#6136=CARTESIAN_POINT('Origin',(-27.8499999999981,-16.349999999999,0.));
#6137=CARTESIAN_POINT('',(-27.8499999999981,-16.349999999999,0.));
#6138=CARTESIAN_POINT('',(-27.8499999999981,-16.349999999999,0.));
#6139=CARTESIAN_POINT('',(-27.8499999999981,-20.349999999999,0.));
#6140=CARTESIAN_POINT('',(-27.8499999999981,-20.349999999999,0.));
#6141=CARTESIAN_POINT('',(-27.8499999999981,-20.349999999999,-9.24965656305174));
#6142=CARTESIAN_POINT('',(-27.8499999999981,-20.349999999999,0.));
#6143=CARTESIAN_POINT('',(-27.8499999999981,-8.17499999999942,-9.24965656305174));
#6144=CARTESIAN_POINT('Origin',(1.11022302462516E-12,2.44249065417534E-13,
-7.));
#6145=CARTESIAN_POINT('',(-23.8499999999981,20.3499999999995,-7.));
#6146=CARTESIAN_POINT('',(-23.8499999999981,24.3499999999995,-7.));
#6147=CARTESIAN_POINT('',(-23.8499999999981,12.1749999999999,-7.));
#6148=CARTESIAN_POINT('',(23.8500000000003,20.3499999999995,-7.));
#6149=CARTESIAN_POINT('',(-11.9249999999985,20.3499999999995,-7.));
#6150=CARTESIAN_POINT('',(23.8500000000003,24.3499999999995,-7.));
#6151=CARTESIAN_POINT('',(23.8500000000003,10.1749999999999,-7.));
#6152=CARTESIAN_POINT('',(11.9250000000007,24.3499999999995,-7.));
#6153=CARTESIAN_POINT('Origin',(1.11466391672366E-12,2.44249065417534E-13,
-9.24965656305174));
#6154=CARTESIAN_POINT('',(-11.9249999999985,20.3499999999995,-9.24965656305175));
#6155=CARTESIAN_POINT('',(11.9250000000007,-20.349999999999,-9.24965656305175));
#6156=CARTESIAN_POINT('',(7.89320323027755,2.88205080756975,-9.24965656305174));
#6157=CARTESIAN_POINT('',(4.4291016151398,4.88205080756976,-9.24965656305174));
#6158=CARTESIAN_POINT('',(3.82518351494318,5.23072308528676,-9.24965656305174));
#6159=CARTESIAN_POINT('',(4.4291016151398,8.88205080756976,-9.24965656305174));
#6160=CARTESIAN_POINT('',(4.4291016151398,4.441025403785,-9.24965656305174));
#6161=CARTESIAN_POINT('',(7.89320323027756,10.8820508075698,-9.24965656305174));
#6162=CARTESIAN_POINT('',(2.57721890776685,7.81286582796037,-9.24965656305174));
#6163=CARTESIAN_POINT('',(11.3573048454153,8.88205080756975,-9.24965656305174));
#6164=CARTESIAN_POINT('',(9.02133593764981,10.2307230852868,-9.24965656305174));
#6165=CARTESIAN_POINT('',(11.3573048454153,4.88205080756975,-9.24965656305174));
#6166=CARTESIAN_POINT('',(11.3573048454153,2.44102540378499,-9.24965656305174));
#6167=CARTESIAN_POINT('',(4.30926971533572,0.812865827960369,-9.24965656305174));
#6168=CARTESIAN_POINT('',(-19.8567967697226,12.150000000001,-9.24965656305174));
#6169=CARTESIAN_POINT('',(-23.3208983848603,10.1500000000009,-9.24965656305174));
#6170=CARTESIAN_POINT('',(-16.7731009526405,13.9303726100922,-9.24965656305174));
#6171=CARTESIAN_POINT('',(-26.7849999999981,12.1500000000009,-9.24965656305174));
#6172=CARTESIAN_POINT('',(-14.110072836003,4.83212738990949,-9.24965656305174));
#6173=CARTESIAN_POINT('',(-26.7849999999981,16.150000000001,-9.24965656305174));
#6174=CARTESIAN_POINT('',(-26.7849999999981,8.07500000000058,-9.24965656305174));
#6175=CARTESIAN_POINT('',(-23.3208983848603,18.150000000001,-9.24965656305174));
#6176=CARTESIAN_POINT('',(-18.5051517602094,20.9303726100922,-9.24965656305174));
#6177=CARTESIAN_POINT('',(-19.8567967697226,16.150000000001,-9.24965656305174));
#6178=CARTESIAN_POINT('',(-8.91392041329637,9.83212738990951,-9.24965656305174));
#6179=CARTESIAN_POINT('',(-19.8567967697226,6.07500000000058,-9.24965656305174));
#6180=CARTESIAN_POINT('',(12.3573048454152,10.1500000000008,-9.24965656305174));
#6181=CARTESIAN_POINT('',(8.89320323027741,12.1500000000008,-9.24965656305174));
#6182=CARTESIAN_POINT('',(8.18880418291917,12.55668497961,-9.24965656305174));
#6183=CARTESIAN_POINT('',(8.89320323027741,16.1500000000008,-9.24965656305174));
#6184=CARTESIAN_POINT('',(8.89320323027741,8.07500000000051,-9.24965656305174));
#6185=CARTESIAN_POINT('',(12.3573048454152,18.1500000000008,-9.24965656305174));
#6186=CARTESIAN_POINT('',(3.79372525871289,13.2058150203915,-9.24965656305174));
#6187=CARTESIAN_POINT('',(15.8214064605529,16.1500000000008,-9.24965656305174));
#6188=CARTESIAN_POINT('',(13.3849566056258,17.55668497961,-9.24965656305174));
#6189=CARTESIAN_POINT('',(15.8214064605529,12.1500000000008,-9.24965656305174));
#6190=CARTESIAN_POINT('',(15.8214064605529,6.07500000000051,-9.24965656305174));
#6191=CARTESIAN_POINT('',(5.52577606628176,6.20581502039146,-9.24965656305174));
#6192=CARTESIAN_POINT('',(12.3573048454152,-4.84999999999921,-9.24965656305174));
#6193=CARTESIAN_POINT('',(8.89320323027741,-2.84999999999921,-9.24965656305174));
#6194=CARTESIAN_POINT('',(4.94120891872751,-0.568315020389992,-9.24965656305174));
#6195=CARTESIAN_POINT('',(8.89320323027741,1.15000000000079,-9.24965656305174));
#6196=CARTESIAN_POINT('',(8.89320323027741,0.575000000000512,-9.24965656305174));
#6197=CARTESIAN_POINT('',(12.3573048454152,3.15000000000078,-9.24965656305174));
#6198=CARTESIAN_POINT('',(7.04132052290453,0.0808150203914462,-9.24965656305174));
#6199=CARTESIAN_POINT('',(15.8214064605529,1.15000000000078,-9.24965656305174));
#6200=CARTESIAN_POINT('',(10.1373613414341,4.43168497960999,-9.24965656305174));
#6201=CARTESIAN_POINT('',(15.8214064605529,-2.84999999999922,-9.24965656305174));
#6202=CARTESIAN_POINT('',(15.8214064605529,-1.42499999999949,-9.24965656305174));
#6203=CARTESIAN_POINT('',(8.7733713304734,-6.91918497960855,-9.24965656305174));
#6204=CARTESIAN_POINT('',(-14.3926951545848,-4.84999999999921,-9.24965656305174));
#6205=CARTESIAN_POINT('',(-17.8567967697226,-2.84999999999921,-9.24965656305174));
#6206=CARTESIAN_POINT('',(-11.7775410812725,-6.35985990819844,-9.24965656305174));
#6207=CARTESIAN_POINT('',(-17.8567967697226,1.15000000000079,-9.24965656305174));
#6208=CARTESIAN_POINT('',(-17.8567967697226,0.575000000000527,-9.24965656305174));
#6209=CARTESIAN_POINT('',(-14.3926951545848,3.15000000000078,-9.24965656305174));
#6210=CARTESIAN_POINT('',(-9.67742947709545,5.87235990819987,-9.24965656305174));
#6211=CARTESIAN_POINT('',(-10.9285935394471,1.15000000000078,-9.24965656305174));
#6212=CARTESIAN_POINT('',(-6.58138865856587,-1.35985990819845,-9.24965656305174));
#6213=CARTESIAN_POINT('',(-10.9285935394471,-2.84999999999922,-9.24965656305174));
#6214=CARTESIAN_POINT('',(-10.9285935394471,-1.42499999999948,-9.24965656305174));
#6215=CARTESIAN_POINT('',(-7.94537866952659,-1.12764009180013,-9.24965656305174));
#6216=CARTESIAN_POINT('',(7.89320323027755,-12.1179491924302,-9.24965656305174));
#6217=CARTESIAN_POINT('',(4.4291016151398,-10.1179491924302,-9.24965656305174));
#6218=CARTESIAN_POINT('',(0.577588250751529,-7.89427691471323,-9.24965656305174));
#6219=CARTESIAN_POINT('',(4.4291016151398,-6.11794919243024,-9.24965656305174));
#6220=CARTESIAN_POINT('',(4.42910161513981,-3.058974596215,-9.24965656305174));
#6221=CARTESIAN_POINT('',(7.89320323027756,-4.11794919243024,-9.24965656305174));
#6222=CARTESIAN_POINT('',(5.82481417195849,-5.31213417203963,-9.24965656305174));
#6223=CARTESIAN_POINT('',(11.3573048454153,-6.11794919243025,-9.24965656305174));
#6224=CARTESIAN_POINT('',(5.77374067345817,-2.89427691471323,-9.24965656305174));
#6225=CARTESIAN_POINT('',(11.3573048454153,-10.1179491924302,-9.24965656305174));
#6226=CARTESIAN_POINT('',(11.3573048454153,-5.05897459621501,-9.24965656305174));
#6227=CARTESIAN_POINT('',(7.55686497952737,-12.3121341720396,-9.24965656305174));
#6228=CARTESIAN_POINT('',(6.89320323027742,-17.849999999999,-9.24965656305174));
#6229=CARTESIAN_POINT('',(3.42910161513966,-19.849999999999,-9.24965656305174));
#6230=CARTESIAN_POINT('',(6.44083957574284,-18.1111722777162,-9.24965656305174));
#6231=CARTESIAN_POINT('',(-0.0349999999980977,-17.8499999999991,-9.24965656305174));
#6232=CARTESIAN_POINT('',(-3.88651336438629,-15.6263277222821,-9.24965656305174));
#6233=CARTESIAN_POINT('',(-0.0349999999981021,-13.849999999999,-9.24965656305174));
#6234=CARTESIAN_POINT('',(-0.0349999999981098,-6.9249999999994,-9.24965656305174));
#6235=CARTESIAN_POINT('',(3.42910161513965,-11.849999999999,-9.24965656305174));
#6236=CARTESIAN_POINT('',(4.70878876817395,-11.1111722777162,-9.24965656305174));
#6237=CARTESIAN_POINT('',(6.89320323027741,-13.849999999999,-9.24965656305174));
#6238=CARTESIAN_POINT('',(1.30963905832034,-10.6263277222821,-9.24965656305174));
#6239=CARTESIAN_POINT('',(6.8932032302774,-8.92499999999939,-9.24965656305174));
#6240=CARTESIAN_POINT('',(-5.46449192430932,-19.8499999999994,-9.24965656305174));
#6241=CARTESIAN_POINT('',(-8.92859353944708,-17.8499999999994,-9.24965656305174));
#6242=CARTESIAN_POINT('',(-9.44500932654199,-17.5518472063064,-9.24965656305174));
#6243=CARTESIAN_POINT('',(-8.92859353944708,-13.8499999999994,-9.24965656305174));
#6244=CARTESIAN_POINT('',(-8.92859353944707,-6.92499999999956,-9.24965656305174));
#6245=CARTESIAN_POINT('',(-5.46449192430932,-11.8499999999994,-9.24965656305174));
#6246=CARTESIAN_POINT('',(-0.849707193981589,-9.18565279369249,-9.24965656305174));
#6247=CARTESIAN_POINT('',(-2.00039030917156,-13.8499999999994,-9.24965656305174));
#6248=CARTESIAN_POINT('',(-4.24885690383534,-12.5518472063064,-9.24965656305174));
#6249=CARTESIAN_POINT('',(-2.00039030917156,-17.8499999999994,-9.24965656305174));
#6250=CARTESIAN_POINT('',(-2.00039030917156,-8.92499999999957,-9.24965656305174));
#6251=CARTESIAN_POINT('',(0.882343613587291,-16.1856527936925,-9.24965656305174));
#6252=CARTESIAN_POINT('',(13.3573048454153,-10.1179491924304,-9.24965656305174));
#6253=CARTESIAN_POINT('',(13.3573048454153,-6.11794919243042,-9.24965656305174));
#6254=CARTESIAN_POINT('',(13.3573048454153,-3.05897459621508,-9.24965656305174));
#6255=CARTESIAN_POINT('',(16.8214064605531,-4.11794919243042,-9.24965656305174));
#6256=CARTESIAN_POINT('',(11.4049411908807,-7.245146873932,-9.24965656305174));
#6257=CARTESIAN_POINT('',(20.2855080756908,-6.11794919243041,-9.24965656305174));
#6258=CARTESIAN_POINT('',(11.3538676923803,-0.961264212821175,-9.24965656305174));
#6259=CARTESIAN_POINT('',(20.2855080756908,-10.1179491924304,-9.24965656305174));
#6260=CARTESIAN_POINT('',(20.2855080756908,-5.05897459621506,-9.24965656305174));
#6261=CARTESIAN_POINT('',(16.8214064605531,-12.1179491924304,-9.24965656305174));
#6262=CARTESIAN_POINT('',(13.1369919984496,-14.245146873932,-9.24965656305174));
#6263=CARTESIAN_POINT('',(6.15771526967368,-5.96126421282118,-9.24965656305174));
#6264=CARTESIAN_POINT('',(-18.8567967697225,-12.1179491924302,-9.24965656305174));
#6265=CARTESIAN_POINT('',(-22.3208983848602,-10.1179491924302,-9.24965656305174));
#6266=CARTESIAN_POINT('',(-16.1411617492485,-13.6858218025217,-9.24965656305174));
#6267=CARTESIAN_POINT('',(-22.3208983848602,-6.11794919243024,-9.24965656305174));
#6268=CARTESIAN_POINT('',(-22.3208983848602,-3.05897459621499,-9.24965656305174));
#6269=CARTESIAN_POINT('',(-18.8567967697224,-4.11794919243024,-9.24965656305174));
#6270=CARTESIAN_POINT('',(-10.8939358280415,0.479410715768799,-9.24965656305174));
#6271=CARTESIAN_POINT('',(-15.3926951545847,-6.11794919243025,-9.24965656305174));
#6272=CARTESIAN_POINT('',(-10.9450093265418,-8.68582180252167,-9.24965656305174));
#6273=CARTESIAN_POINT('',(-15.3926951545847,-10.1179491924302,-9.24965656305174));
#6274=CARTESIAN_POINT('',(-15.3926951545847,-5.058974596215,-9.24965656305174));
#6275=CARTESIAN_POINT('',(-9.16188502047263,-6.52058928423121,-9.24965656305174));
#6276=CARTESIAN_POINT('',(6.89320323027742,-2.84999999999904,-9.24965656305174));
#6277=CARTESIAN_POINT('',(3.42910161513966,-4.84999999999905,-9.24965656305174));
#6278=CARTESIAN_POINT('',(3.19324431155119,-4.98617227771619,-9.24965656305174));
#6279=CARTESIAN_POINT('',(-0.0349999999980977,-2.84999999999905,-9.24965656305174));
#6280=CARTESIAN_POINT('',(-0.638918100194653,-2.50132772228209,-9.24965656305174));
#6281=CARTESIAN_POINT('',(-0.0349999999981021,1.15000000000095,-9.24965656305174));
#6282=CARTESIAN_POINT('',(-0.0349999999981015,0.575000000000597,-9.24965656305174));
#6283=CARTESIAN_POINT('',(3.42910161513965,3.15000000000096,-9.24965656305174));
#6284=CARTESIAN_POINT('',(1.4611935039823,2.01382772228381,-9.24965656305174));
#6285=CARTESIAN_POINT('',(6.89320323027741,1.15000000000096,-9.24965656305174));
#6286=CARTESIAN_POINT('',(4.55723432251198,2.49867227771793,-9.24965656305174));
#6287=CARTESIAN_POINT('',(6.89320323027741,-1.42499999999939,-9.24965656305174));
#6288=CARTESIAN_POINT('',(17.8214064605529,12.1500000000006,-9.24965656305174));
#6289=CARTESIAN_POINT('',(17.8214064605529,16.1500000000006,-9.24965656305174));
#6290=CARTESIAN_POINT('',(17.8214064605529,8.07500000000043,-9.24965656305174));
#6291=CARTESIAN_POINT('',(21.2855080756907,18.1500000000006,-9.24965656305174));
#6292=CARTESIAN_POINT('',(9.37385227763512,11.2728023184991,-9.24965656305174));
#6293=CARTESIAN_POINT('',(24.7496096908284,16.1500000000006,-9.24965656305174));
#6294=CARTESIAN_POINT('',(18.9650836245479,19.4896976815021,-9.24965656305174));
#6295=CARTESIAN_POINT('',(24.7496096908284,12.1500000000006,-9.24965656305174));
#6296=CARTESIAN_POINT('',(24.7496096908284,6.07500000000043,-9.24965656305174));
#6297=CARTESIAN_POINT('',(21.2855080756907,10.1500000000006,-9.24965656305174));
#6298=CARTESIAN_POINT('',(11.105903085204,4.27280231849906,-9.24965656305174));
#6299=CARTESIAN_POINT('',(13.7689312018413,14.4896976815021,-9.24965656305174));
#6300=CARTESIAN_POINT('',(-14.3926951545848,10.1500000000008,-9.24965656305174));
#6301=CARTESIAN_POINT('',(-17.8567967697226,12.1500000000008,-9.24965656305174));
#6302=CARTESIAN_POINT('',(-8.52994581708086,6.76514009180155,-9.24965656305174));
#6303=CARTESIAN_POINT('',(-17.8567967697226,16.1500000000008,-9.24965656305174));
#6304=CARTESIAN_POINT('',(-17.8567967697226,8.07500000000053,-9.24965656305174));
#6305=CARTESIAN_POINT('',(-14.3926951545848,18.1500000000008,-9.24965656305174));
#6306=CARTESIAN_POINT('',(-12.9250247412871,18.9973599081999,-9.24965656305174));
#6307=CARTESIAN_POINT('',(-10.9285935394471,16.1500000000008,-9.24965656305174));
#6308=CARTESIAN_POINT('',(-3.33379339437422,11.7651400918015,-9.24965656305174));
#6309=CARTESIAN_POINT('',(-10.9285935394471,12.1500000000008,-9.24965656305174));
#6310=CARTESIAN_POINT('',(-10.9285935394471,6.07500000000052,-9.24965656305174));
#6311=CARTESIAN_POINT('',(-11.1929739337182,11.9973599081999,-9.24965656305174));
#6312=CARTESIAN_POINT('',(2.46371130596633,4.88205080756943,-9.24965656305174));
#6313=CARTESIAN_POINT('',(-1.00039030917142,2.88205080756942,-9.24965656305174));
#6314=CARTESIAN_POINT('',(-1.24922624681981,2.73838531198407,-9.24965656305174));
#6315=CARTESIAN_POINT('',(-4.46449192430918,4.88205080756942,-9.24965656305174));
#6316=CARTESIAN_POINT('',(-1.73331244721251,3.30520360126248,-9.24965656305174));
#6317=CARTESIAN_POINT('',(-4.46449192430918,8.88205080756942,-9.24965656305174));
#6318=CARTESIAN_POINT('',(-4.46449192430918,4.44102540378483,-9.24965656305174));
#6319=CARTESIAN_POINT('',(-1.00039030917143,10.8820508075694,-9.24965656305174));
#6320=CARTESIAN_POINT('',(-2.9812770543887,9.73838531198407,-9.24965656305174));
#6321=CARTESIAN_POINT('',(2.46371130596633,8.88205080756943,-9.24965656305174));
#6322=CARTESIAN_POINT('',(3.46283997549412,8.30520360126249,-9.24965656305174));
#6323=CARTESIAN_POINT('',(2.46371130596634,2.44102540378484,-9.24965656305174));
#6324=CARTESIAN_POINT('',(-23.3208983848603,-11.849999999999,-9.24965656305174));
#6325=CARTESIAN_POINT('',(-19.8567967697226,-13.849999999999,-9.24965656305174));
#6326=CARTESIAN_POINT('',(-15.4091109416796,-16.4178726100905,-9.24965656305174));
#6327=CARTESIAN_POINT('',(-19.8567967697226,-17.849999999999,-9.24965656305174));
#6328=CARTESIAN_POINT('',(-19.8567967697226,-8.92499999999942,-9.24965656305174));
#6329=CARTESIAN_POINT('',(-23.3208983848603,-19.849999999999,-9.24965656305174));
#6330=CARTESIAN_POINT('',(-10.2779104242572,-12.3196273899077,-9.24965656305174));
#6331=CARTESIAN_POINT('',(-26.7849999999981,-17.8499999999991,-9.24965656305174));
#6332=CARTESIAN_POINT('',(-20.6052633643863,-21.4178726100905,-9.24965656305174));
#6333=CARTESIAN_POINT('',(-26.7849999999981,-13.849999999999,-9.24965656305174));
#6334=CARTESIAN_POINT('',(-26.7849999999981,-6.92499999999942,-9.24965656305174));
#6335=CARTESIAN_POINT('',(-12.0099612318261,-5.31962738990774,-9.24965656305174));
#6336=CARTESIAN_POINT('',(-18.8567967697225,2.88205080756975,-9.24965656305174));
#6337=CARTESIAN_POINT('',(-22.3208983848602,4.88205080756976,-9.24965656305174));
#6338=CARTESIAN_POINT('',(-12.8935664850568,-0.56082180252168,-9.24965656305174));
#6339=CARTESIAN_POINT('',(-22.3208983848602,8.88205080756976,-9.24965656305174));
#6340=CARTESIAN_POINT('',(-22.3208983848602,4.44102540378501,-9.24965656305174));
#6341=CARTESIAN_POINT('',(-18.8567967697224,10.8820508075698,-9.24965656305174));
#6342=CARTESIAN_POINT('',(-14.1415310922331,13.6044107157688,-9.24965656305174));
#6343=CARTESIAN_POINT('',(-15.3926951545847,8.88205080756975,-9.24965656305174));
#6344=CARTESIAN_POINT('',(-7.6974140623502,4.43917819747832,-9.24965656305174));
#6345=CARTESIAN_POINT('',(-15.3926951545847,4.88205080756975,-9.24965656305174));
#6346=CARTESIAN_POINT('',(-15.3926951545847,2.441025403785,-9.24965656305174));
#6347=CARTESIAN_POINT('',(-12.4094802846643,6.6044107157688,-9.24965656305174));
#6348=CARTESIAN_POINT('',(6.89320323027742,12.150000000001,-9.24965656305174));
#6349=CARTESIAN_POINT('',(3.42910161513966,10.1500000000009,-9.24965656305174));
#6350=CARTESIAN_POINT('',(-0.0543509526404617,8.1388277222838,-9.24965656305174));
#6351=CARTESIAN_POINT('',(-0.0349999999980977,12.1500000000009,-9.24965656305174));
#6352=CARTESIAN_POINT('',(2.60867716399699,10.6236722777179,-9.24965656305174));
#6353=CARTESIAN_POINT('',(-0.0349999999981021,16.150000000001,-9.24965656305174));
#6354=CARTESIAN_POINT('',(-0.0349999999980931,8.0750000000006,-9.24965656305174));
#6355=CARTESIAN_POINT('',(3.42910161513965,18.150000000001,-9.24965656305174));
#6356=CARTESIAN_POINT('',(-1.78640176020935,15.1388277222838,-9.24965656305174));
#6357=CARTESIAN_POINT('',(6.89320323027741,16.150000000001,-9.24965656305174));
#6358=CARTESIAN_POINT('',(7.80482958670362,15.6236722777179,-9.24965656305174));
#6359=CARTESIAN_POINT('',(6.89320323027743,6.07500000000061,-9.24965656305174));
#6360=CARTESIAN_POINT('',(17.8214064605529,-2.84999999999938,-9.24965656305174));
#6361=CARTESIAN_POINT('',(17.8214064605529,1.15000000000062,-9.24965656305174));
#6362=CARTESIAN_POINT('',(17.8214064605529,0.575000000000429,-9.24965656305174));
#6363=CARTESIAN_POINT('',(21.2855080756907,3.15000000000063,-9.24965656305174));
#6364=CARTESIAN_POINT('',(12.6214475418268,-1.85219768150092,-9.24965656305174));
#6365=CARTESIAN_POINT('',(24.7496096908284,1.15000000000063,-9.24965656305174));
#6366=CARTESIAN_POINT('',(15.7174883603563,6.36469768150207,-9.24965656305174));
#6367=CARTESIAN_POINT('',(24.7496096908284,-2.84999999999938,-9.24965656305174));
#6368=CARTESIAN_POINT('',(24.7496096908284,-1.42499999999957,-9.24965656305174));
#6369=CARTESIAN_POINT('',(21.2855080756907,-4.84999999999938,-9.24965656305174));
#6370=CARTESIAN_POINT('',(14.3534983493957,-8.85219768150093,-9.24965656305174));
#6371=CARTESIAN_POINT('',(10.5213359376497,1.36469768150207,-9.24965656305174));
#6372=CARTESIAN_POINT('',(-19.8567967697226,-2.84999999999904,-9.24965656305174));
#6373=CARTESIAN_POINT('',(-23.3208983848603,-4.84999999999905,-9.24965656305174));
#6374=CARTESIAN_POINT('',(-13.5255056884488,0.80537261009225,-9.24965656305174));
#6375=CARTESIAN_POINT('',(-26.7849999999981,-2.84999999999905,-9.24965656305174));
#6376=CARTESIAN_POINT('',(-17.3576681001946,-8.29287261009051,-9.24965656305174));
#6377=CARTESIAN_POINT('',(-26.7849999999981,1.15000000000095,-9.24965656305174));
#6378=CARTESIAN_POINT('',(-26.7849999999981,0.575000000000582,-9.24965656305174));
#6379=CARTESIAN_POINT('',(-23.3208983848603,3.15000000000096,-9.24965656305174));
#6380=CARTESIAN_POINT('',(-15.2575564960177,7.80537261009225,-9.24965656305174));
#6381=CARTESIAN_POINT('',(-19.8567967697226,1.15000000000096,-9.24965656305174));
#6382=CARTESIAN_POINT('',(-12.161515677488,-3.2928726100905,-9.24965656305174));
#6383=CARTESIAN_POINT('',(-19.8567967697226,-1.42499999999942,-9.24965656305174));
#6384=CARTESIAN_POINT('',(-4.46449192430918,-10.1179491924306,-9.24965656305174));
#6385=CARTESIAN_POINT('',(-4.46449192430918,-6.11794919243058,-9.24965656305174));
#6386=CARTESIAN_POINT('',(-4.46449192430919,-3.05897459621517,-9.24965656305174));
#6387=CARTESIAN_POINT('',(-1.00039030917143,-4.11794919243058,-9.24965656305174));
#6388=CARTESIAN_POINT('',(0.26631820980295,-3.38661468801592,-9.24965656305174));
#6389=CARTESIAN_POINT('',(2.46371130596633,-6.11794919243057,-9.24965656305174));
#6390=CARTESIAN_POINT('',(0.215244711302478,-4.81979639873752,-9.24965656305174));
#6391=CARTESIAN_POINT('',(2.46371130596633,-10.1179491924306,-9.24965656305174));
#6392=CARTESIAN_POINT('',(2.46371130596632,-5.05897459621516,-9.24965656305174));
#6393=CARTESIAN_POINT('',(-1.00039030917142,-12.1179491924306,-9.24965656305174));
#6394=CARTESIAN_POINT('',(1.99836901737184,-10.3866146880159,-9.24965656305174));
#6395=CARTESIAN_POINT('',(-4.98090771140415,-9.81979639873753,-9.24965656305174));
#6396=CARTESIAN_POINT('',(12.3573048454152,-19.8499999999992,-9.24965656305174));
#6397=CARTESIAN_POINT('',(8.89320323027741,-17.8499999999992,-9.24965656305174));
#6398=CARTESIAN_POINT('',(1.69361365453586,-13.69331502039,-9.24965656305174));
#6399=CARTESIAN_POINT('',(8.89320323027741,-13.8499999999992,-9.24965656305174));
#6400=CARTESIAN_POINT('',(8.89320323027742,-6.92499999999949,-9.24965656305174));
#6401=CARTESIAN_POINT('',(12.3573048454152,-11.8499999999992,-9.24965656305174));
#6402=CARTESIAN_POINT('',(10.2889157870962,-13.0441849796086,-9.24965656305174));
#6403=CARTESIAN_POINT('',(15.8214064605529,-13.8499999999992,-9.24965656305174));
#6404=CARTESIAN_POINT('',(6.88976607724249,-8.69331502039,-9.24965656305174));
#6405=CARTESIAN_POINT('',(15.8214064605529,-17.8499999999992,-9.24965656305174));
#6406=CARTESIAN_POINT('',(15.8214064605529,-8.92499999999949,-9.24965656305174));
#6407=CARTESIAN_POINT('',(12.020966594665,-20.0441849796086,-9.24965656305174));
#6408=CARTESIAN_POINT('',(-14.3926951545848,-19.8499999999992,-9.24965656305174));
#6409=CARTESIAN_POINT('',(-17.8567967697226,-17.8499999999992,-9.24965656305174));
#6410=CARTESIAN_POINT('',(-15.0251363454642,-19.4848599081984,-9.24965656305174));
#6411=CARTESIAN_POINT('',(-17.8567967697226,-13.8499999999992,-9.24965656305174));
#6412=CARTESIAN_POINT('',(-17.8567967697226,-6.92499999999947,-9.24965656305174));
#6413=CARTESIAN_POINT('',(-14.3926951545848,-11.8499999999992,-9.24965656305174));
#6414=CARTESIAN_POINT('',(-6.42983421290381,-7.25264009180014,-9.24965656305174));
#6415=CARTESIAN_POINT('',(-10.9285935394471,-13.8499999999992,-9.24965656305174));
#6416=CARTESIAN_POINT('',(-9.82898392275752,-14.4848599081984,-9.24965656305174));
#6417=CARTESIAN_POINT('',(-10.9285935394471,-17.8499999999992,-9.24965656305174));
#6418=CARTESIAN_POINT('',(-10.9285935394471,-8.92499999999948,-9.24965656305174));
#6419=CARTESIAN_POINT('',(-4.69778340533495,-14.2526400918001,-9.24965656305174));
#6420=CARTESIAN_POINT('',(17.8214064605529,-17.8499999999994,-9.24965656305174));
#6421=CARTESIAN_POINT('',(17.8214064605529,-13.8499999999994,-9.24965656305174));
#6422=CARTESIAN_POINT('',(17.8214064605529,-6.92499999999957,-9.24965656305174));
#6423=CARTESIAN_POINT('',(21.2855080756907,-11.8499999999994,-9.24965656305174));
#6424=CARTESIAN_POINT('',(15.8690428060184,-14.9771976815009,-9.24965656305174));
#6425=CARTESIAN_POINT('',(24.7496096908284,-13.8499999999994,-9.24965656305174));
#6426=CARTESIAN_POINT('',(12.4698930961647,-6.76030231849793,-9.24965656305174));
#6427=CARTESIAN_POINT('',(24.7496096908284,-17.8499999999994,-9.24965656305174));
#6428=CARTESIAN_POINT('',(24.7496096908284,-8.92499999999957,-9.24965656305174));
#6429=CARTESIAN_POINT('',(21.2855080756907,-19.8499999999994,-9.24965656305174));
#6430=CARTESIAN_POINT('',(17.6010936135873,-21.9771976815009,-9.24965656305174));
#6431=CARTESIAN_POINT('',(7.27374067345802,-11.7603023184979,-9.24965656305174));
#6432=CARTESIAN_POINT('',(-9.92859353944693,-12.1179491924304,-9.24965656305174));
#6433=CARTESIAN_POINT('',(-13.3926951545847,-10.1179491924304,-9.24965656305174));
#6434=CARTESIAN_POINT('',(-10.5610347303263,-11.7528091006296,-9.24965656305174));
#6435=CARTESIAN_POINT('',(-13.3926951545847,-6.11794919243042,-9.24965656305174));
#6436=CARTESIAN_POINT('',(-13.3926951545847,-3.0589745962151,-9.24965656305174));
#6437=CARTESIAN_POINT('',(-9.92859353944694,-4.11794919243042,-9.24965656305174));
#6438=CARTESIAN_POINT('',(-5.31380880911928,-1.45360198612356,-9.24965656305174));
#6439=CARTESIAN_POINT('',(-6.46449192430918,-6.11794919243041,-9.24965656305174));
#6440=CARTESIAN_POINT('',(-5.36488230761968,-6.7528091006296,-9.24965656305174));
#6441=CARTESIAN_POINT('',(-6.46449192430917,-10.1179491924304,-9.24965656305174));
#6442=CARTESIAN_POINT('',(-6.46449192430918,-5.05897459621509,-9.24965656305174));
#6443=CARTESIAN_POINT('',(-3.5817580015504,-8.45360198612356,-9.24965656305174));
#6444=CARTESIAN_POINT('',(-8.92859353944708,-2.84999999999938,-9.24965656305174));
#6445=CARTESIAN_POINT('',(-8.92859353944708,1.15000000000062,-9.24965656305174));
#6446=CARTESIAN_POINT('',(-8.92859353944708,0.575000000000435,-9.24965656305174));
#6447=CARTESIAN_POINT('',(-5.46449192430932,3.15000000000063,-9.24965656305174));
#6448=CARTESIAN_POINT('',(-4.09730245817323,3.93934720630752,-9.24965656305174));
#6449=CARTESIAN_POINT('',(-2.00039030917156,1.15000000000063,-9.24965656305174));
#6450=CARTESIAN_POINT('',(-1.0012616396437,0.573152793693642,-9.24965656305174));
#6451=CARTESIAN_POINT('',(-2.00039030917156,-2.84999999999938,-9.24965656305174));
#6452=CARTESIAN_POINT('',(-2.00039030917156,-1.42499999999957,-9.24965656305174));
#6453=CARTESIAN_POINT('',(-5.46449192430932,-4.84999999999938,-9.24965656305174));
#6454=CARTESIAN_POINT('',(-2.36525165060436,-3.06065279369249,-9.24965656305174));
#6455=CARTESIAN_POINT('',(-6.19741406235034,-4.42684720630637,-9.24965656305174));
#6456=CARTESIAN_POINT('',(13.3573048454153,4.88205080756958,-9.24965656305174));
#6457=CARTESIAN_POINT('',(13.3573048454153,8.88205080756958,-9.24965656305174));
#6458=CARTESIAN_POINT('',(13.3573048454153,4.44102540378492,-9.24965656305174));
#6459=CARTESIAN_POINT('',(16.8214064605531,10.8820508075696,-9.24965656305174));
#6460=CARTESIAN_POINT('',(8.15734592668908,5.87985312606799,-9.24965656305174));
#6461=CARTESIAN_POINT('',(20.2855080756908,8.88205080756959,-9.24965656305174));
#6462=CARTESIAN_POINT('',(14.6014629565719,12.1637357871788,-9.24965656305174));
#6463=CARTESIAN_POINT('',(20.2855080756908,4.88205080756958,-9.24965656305174));
#6464=CARTESIAN_POINT('',(20.2855080756908,2.44102540378494,-9.24965656305174));
#6465=CARTESIAN_POINT('',(16.8214064605531,2.88205080756958,-9.24965656305174));
#6466=CARTESIAN_POINT('',(9.88939673425797,-1.12014687393201,-9.24965656305174));
#6467=CARTESIAN_POINT('',(9.40531053386533,7.16373578717883,-9.24965656305174));
#6468=CARTESIAN_POINT('',(-8.92859353944708,12.1500000000006,-9.24965656305174));
#6469=CARTESIAN_POINT('',(-8.92859353944708,16.1500000000006,-9.24965656305174));
#6470=CARTESIAN_POINT('',(-8.92859353944708,8.07500000000043,-9.24965656305174));
#6471=CARTESIAN_POINT('',(-5.46449192430932,18.1500000000006,-9.24965656305174));
#6472=CARTESIAN_POINT('',(-7.34489772236488,17.0643472063075,-9.24965656305174));
#6473=CARTESIAN_POINT('',(-2.00039030917156,16.1500000000006,-9.24965656305174));
#6474=CARTESIAN_POINT('',(2.24633362454794,13.6981527936936,-9.24965656305174));
#6475=CARTESIAN_POINT('',(-2.00039030917156,12.1500000000006,-9.24965656305174));
#6476=CARTESIAN_POINT('',(-2.00039030917156,6.07500000000043,-9.24965656305174));
#6477=CARTESIAN_POINT('',(-5.46449192430932,10.1500000000006,-9.24965656305174));
#6478=CARTESIAN_POINT('',(-5.61284691479601,10.0643472063075,-9.24965656305174));
#6479=CARTESIAN_POINT('',(-2.94981879815869,8.69815279369363,-9.24965656305174));
#6480=CARTESIAN_POINT('',(-13.3926951545847,4.88205080756958,-9.24965656305174));
#6481=CARTESIAN_POINT('',(-13.3926951545847,8.88205080756958,-9.24965656305174));
#6482=CARTESIAN_POINT('',(-13.3926951545847,4.4410254037849,-9.24965656305174));
#6483=CARTESIAN_POINT('',(-9.92859353944694,10.8820508075696,-9.24965656305174));
#6484=CARTESIAN_POINT('',(-8.56140407331093,11.6713980138764,-9.24965656305174));
#6485=CARTESIAN_POINT('',(-6.46449192430918,8.88205080756959,-9.24965656305174));
#6486=CARTESIAN_POINT('',(-2.11728704342804,6.37219089937041,-9.24965656305174));
#6487=CARTESIAN_POINT('',(-6.46449192430917,4.88205080756958,-9.24965656305174));
#6488=CARTESIAN_POINT('',(-6.46449192430917,2.44102540378491,-9.24965656305174));
#6489=CARTESIAN_POINT('',(-9.92859353944693,2.88205080756958,-9.24965656305174));
#6490=CARTESIAN_POINT('',(-6.82935326574204,4.67139801387643,-9.24965656305174));
#6491=CARTESIAN_POINT('',(-7.31343946613466,1.3721908993704,-9.24965656305174));
#6492=CARTESIAN_POINT('Origin',(-23.8499999999981,24.3499999999995,0.));
#6493=CARTESIAN_POINT('',(-23.8499999999981,24.3499999999995,0.));
#6494=CARTESIAN_POINT('',(-23.8499999999981,24.3499999999995,0.));
#6495=CARTESIAN_POINT('',(-23.8499999999981,20.3499999999995,0.));
#6496=CARTESIAN_POINT('',(-23.8499999999981,20.3499999999995,0.));
#6497=CARTESIAN_POINT('',(-23.8499999999981,20.3499999999995,0.));
#6498=CARTESIAN_POINT('Origin',(31.8500000000003,16.3499999999995,0.));
#6499=CARTESIAN_POINT('',(31.8500000000003,16.3499999999995,0.));
#6500=CARTESIAN_POINT('',(31.8500000000003,16.3499999999995,-3.5));
#6501=CARTESIAN_POINT('',(27.8500000000003,16.3499999999995,0.));
#6502=CARTESIAN_POINT('Origin',(-31.8499999999981,-16.349999999999,0.));
#6503=CARTESIAN_POINT('',(-31.8499999999981,-16.349999999999,0.));
#6504=CARTESIAN_POINT('',(-31.8499999999981,-16.349999999999,-3.5));
#6505=CARTESIAN_POINT('',(-31.8499999999981,-16.349999999999,0.));
#6506=CARTESIAN_POINT('Origin',(1.11022302462516E-12,2.44249065417534E-13,
-7.));
#6507=CARTESIAN_POINT('',(23.8500000000003,-20.349999999999,-7.));
#6508=CARTESIAN_POINT('',(23.8500000000003,-24.349999999999,-7.));
#6509=CARTESIAN_POINT('',(23.8500000000003,-12.1749999999994,-7.));
#6510=CARTESIAN_POINT('',(-23.8499999999981,-20.349999999999,-7.));
#6511=CARTESIAN_POINT('',(11.9250000000007,-20.349999999999,-7.));
#6512=CARTESIAN_POINT('',(-23.8499999999981,-24.349999999999,-7.));
#6513=CARTESIAN_POINT('',(-23.8499999999981,-10.1749999999994,-7.));
#6514=CARTESIAN_POINT('',(-11.9249999999985,-24.349999999999,-7.));
#6515=CARTESIAN_POINT('Origin',(-23.8499999999981,-20.349999999999,0.));
#6516=CARTESIAN_POINT('',(-23.8499999999981,-20.349999999999,0.));
#6517=CARTESIAN_POINT('',(-23.8499999999981,-20.349999999999,0.));
#6518=CARTESIAN_POINT('',(-23.8499999999981,-24.349999999999,0.));
#6519=CARTESIAN_POINT('',(-23.8499999999981,-20.349999999999,0.));
#6520=CARTESIAN_POINT('',(-23.8499999999981,-24.349999999999,0.));
#6521=CARTESIAN_POINT('Origin',(28.6952994616211,-20.349999999999,-11.2496565630517));
#6522=CARTESIAN_POINT('',(28.6952994616211,-20.349999999999,-11.2496565630517));
#6523=CARTESIAN_POINT('',(27.5405989232418,-22.349999999999,-11.2496565630517));
#6524=CARTESIAN_POINT('',(29.5142912706718,-18.9314645757405,-11.2496565630517));
#6525=CARTESIAN_POINT('',(28.6952994616211,-20.349999999999,-5.24965656305174));
#6526=CARTESIAN_POINT('',(28.6952994616211,-20.349999999999,-11.2496565630517));
#6527=CARTESIAN_POINT('',(27.5405989232418,-22.349999999999,-5.24965656305174));
#6528=CARTESIAN_POINT('',(27.5405989232418,-22.349999999999,-5.24965656305174));
#6529=CARTESIAN_POINT('',(27.5405989232418,-22.349999999999,-11.2496565630517));
#6530=CARTESIAN_POINT('Origin',(31.0047005383796,-20.349999999999,-11.2496565630517));
#6531=CARTESIAN_POINT('',(31.0047005383796,-20.349999999999,-11.2496565630517));
#6532=CARTESIAN_POINT('',(15.5023502691903,-20.349999999999,-11.2496565630517));
#6533=CARTESIAN_POINT('',(31.0047005383796,-20.349999999999,-5.24965656305174));
#6534=CARTESIAN_POINT('',(31.0047005383796,-20.349999999999,-11.2496565630517));
#6535=CARTESIAN_POINT('',(28.6952994616211,-20.349999999999,-5.24965656305174));
#6536=CARTESIAN_POINT('Origin',(31.8500000000003,-21.8141016151368,-11.2496565630517));
#6537=CARTESIAN_POINT('',(31.8500000000003,-21.8141016151368,-11.2496565630517));
#6538=CARTESIAN_POINT('',(23.1458584601395,-6.73808623182698,-11.2496565630517));
#6539=CARTESIAN_POINT('',(31.8500000000003,-21.8141016151368,-5.24965656305174));
#6540=CARTESIAN_POINT('',(31.8500000000003,-21.8141016151368,-5.62482828152587));
#6541=CARTESIAN_POINT('',(31.0047005383796,-20.349999999999,-5.24965656305174));
#6542=CARTESIAN_POINT('Origin',(27.5405989232418,-22.349999999999,-11.2496565630517));
#6543=CARTESIAN_POINT('',(28.6952994616211,-24.349999999999,-11.2496565630517));
#6544=CARTESIAN_POINT('',(19.2591071141913,-8.00603542425811,-11.2496565630517));
#6545=CARTESIAN_POINT('',(28.6952994616211,-24.349999999999,-5.24965656305174));
#6546=CARTESIAN_POINT('',(28.6952994616211,-24.3499999999991,-5.24965656305174));
#6547=CARTESIAN_POINT('',(28.6952994616211,-24.349999999999,-5.62482828152587));
#6548=CARTESIAN_POINT('Origin',(29.6952994616211,-22.349999999999,-5.24965656305174));
#6549=CARTESIAN_POINT('',(31.8500000000003,-24.349999999999,-5.24965656305174));
#6550=CARTESIAN_POINT('',(31.8500000000003,-19.349999999999,-5.24965656305174));
#6551=CARTESIAN_POINT('',(2.92264973081148,-24.349999999999,-5.24965656305174));
#6552=CARTESIAN_POINT('',(28.8500000000003,-22.349999999999,-5.24965656305174));
#6553=CARTESIAN_POINT('Origin',(29.8500000000003,-22.349999999999,-5.24965656305174));
#6554=CARTESIAN_POINT('Origin',(28.6952994616211,20.3499999999995,-11.2496565630517));
#6555=CARTESIAN_POINT('',(28.6952994616211,20.3499999999995,-11.2496565630517));
#6556=CARTESIAN_POINT('',(31.0047005383796,20.3499999999995,-11.2496565630517));
#6557=CARTESIAN_POINT('',(14.3476497308111,20.3499999999995,-11.2496565630517));
#6558=CARTESIAN_POINT('',(28.6952994616211,20.3499999999995,-5.24965656305174));
#6559=CARTESIAN_POINT('',(28.6952994616211,20.3499999999995,-11.2496565630517));
#6560=CARTESIAN_POINT('',(31.0047005383796,20.3499999999995,-5.24965656305174));
#6561=CARTESIAN_POINT('',(31.0047005383796,20.3499999999995,-5.24965656305174));
#6562=CARTESIAN_POINT('',(31.0047005383796,20.3499999999995,-11.2496565630517));
#6563=CARTESIAN_POINT('Origin',(27.5405989232418,22.3499999999995,-11.2496565630517));
#6564=CARTESIAN_POINT('',(27.5405989232418,22.3499999999995,-11.2496565630517));
#6565=CARTESIAN_POINT('',(28.9369410014821,19.931464575741,-11.2496565630517));
#6566=CARTESIAN_POINT('',(27.5405989232418,22.3499999999995,-5.24965656305174));
#6567=CARTESIAN_POINT('',(27.5405989232418,22.3499999999995,-11.2496565630517));
#6568=CARTESIAN_POINT('',(28.6952994616211,20.3499999999995,-5.24965656305174));
#6569=CARTESIAN_POINT('Origin',(28.6952994616211,24.3499999999995,-11.2496565630517));
#6570=CARTESIAN_POINT('',(28.6952994616211,24.3499999999995,-11.2496565630517));
#6571=CARTESIAN_POINT('',(19.836457383381,9.0060354242586,-11.2496565630517));
#6572=CARTESIAN_POINT('',(28.6952994616211,24.3499999999995,-5.24965656305174));
#6573=CARTESIAN_POINT('',(28.6952994616211,24.3499999999995,-5.62482828152587));
#6574=CARTESIAN_POINT('',(27.5405989232418,22.3499999999995,-5.24965656305174));
#6575=CARTESIAN_POINT('Origin',(31.0047005383796,20.3499999999995,-11.2496565630517));
#6576=CARTESIAN_POINT('',(31.8500000000003,21.8141016151373,-11.2496565630517));
#6577=CARTESIAN_POINT('',(22.7232087293291,6.0060354242586,-11.2496565630517));
#6578=CARTESIAN_POINT('',(31.8500000000003,21.8141016151373,-5.24965656305174));
#6579=CARTESIAN_POINT('',(32.1594010767588,22.3499999999995,-5.24965656305174));
#6580=CARTESIAN_POINT('',(31.8500000000003,21.8141016151373,-5.62482828152587));
#6581=CARTESIAN_POINT('Origin',(29.6952994616211,22.3499999999995,-5.24965656305174));
#6582=CARTESIAN_POINT('',(31.8500000000003,24.3499999999995,-5.24965656305174));
#6583=CARTESIAN_POINT('',(26.7726497308107,24.3499999999995,-5.24965656305174));
#6584=CARTESIAN_POINT('',(31.8500000000003,3.00000000000025,-5.24965656305174));
#6585=CARTESIAN_POINT('',(28.8500000000003,22.3499999999995,-5.24965656305174));
#6586=CARTESIAN_POINT('Origin',(29.8500000000003,22.3499999999995,-5.24965656305174));
#6587=CARTESIAN_POINT('Origin',(-31.0047005383773,-20.349999999999,-11.2496565630517));
#6588=CARTESIAN_POINT('',(-31.0047005383773,-20.349999999999,-11.2496565630517));
#6589=CARTESIAN_POINT('',(-31.8499999999981,-21.8141016151368,-11.2496565630517));
#6590=CARTESIAN_POINT('',(-22.7232087293268,-6.00603542425811,-11.2496565630517));
#6591=CARTESIAN_POINT('',(-31.0047005383773,-20.349999999999,-5.24965656305174));
#6592=CARTESIAN_POINT('',(-31.0047005383773,-20.349999999999,-11.2496565630517));
#6593=CARTESIAN_POINT('',(-31.8499999999981,-21.8141016151368,-5.24965656305174));
#6594=CARTESIAN_POINT('',(-32.1594010767566,-22.349999999999,-5.24965656305174));
#6595=CARTESIAN_POINT('',(-31.8499999999981,-21.8141016151368,-5.62482828152587));
#6596=CARTESIAN_POINT('Origin',(-28.6952994616188,-20.349999999999,-11.2496565630517));
#6597=CARTESIAN_POINT('',(-28.6952994616188,-20.349999999999,-11.2496565630517));
#6598=CARTESIAN_POINT('',(-14.3476497308089,-20.3499999999991,-11.2496565630517));
#6599=CARTESIAN_POINT('',(-28.6952994616188,-20.349999999999,-5.24965656305174));
#6600=CARTESIAN_POINT('',(-28.6952994616188,-20.349999999999,-11.2496565630517));
#6601=CARTESIAN_POINT('',(-31.0047005383773,-20.349999999999,-5.24965656305174));
#6602=CARTESIAN_POINT('Origin',(-27.5405989232396,-22.3499999999991,-11.2496565630517));
#6603=CARTESIAN_POINT('',(-27.5405989232396,-22.3499999999991,-11.2496565630517));
#6604=CARTESIAN_POINT('',(-28.9369410014799,-19.9314645757405,-11.2496565630517));
#6605=CARTESIAN_POINT('',(-27.5405989232396,-22.3499999999991,-5.24965656305174));
#6606=CARTESIAN_POINT('',(-27.5405989232396,-22.3499999999991,-11.2496565630517));
#6607=CARTESIAN_POINT('',(-28.6952994616188,-20.349999999999,-5.24965656305174));
#6608=CARTESIAN_POINT('Origin',(-28.6952994616188,-24.349999999999,-11.2496565630517));
#6609=CARTESIAN_POINT('',(-28.6952994616188,-24.349999999999,-11.2496565630517));
#6610=CARTESIAN_POINT('',(-19.8364573833787,-9.00603542425812,-11.2496565630517));
#6611=CARTESIAN_POINT('',(-28.6952994616188,-24.349999999999,-5.24965656305174));
#6612=CARTESIAN_POINT('',(-28.6952994616188,-24.349999999999,-5.62482828152587));
#6613=CARTESIAN_POINT('',(-27.5405989232396,-22.3499999999991,-5.24965656305174));
#6614=CARTESIAN_POINT('Origin',(-29.6952994616188,-22.349999999999,-5.24965656305174));
#6615=CARTESIAN_POINT('',(-31.8499999999981,-24.349999999999,-5.24965656305174));
#6616=CARTESIAN_POINT('',(-31.8499999999981,-23.349999999999,-5.24965656305174));
#6617=CARTESIAN_POINT('',(-26.7726497308085,-24.349999999999,-5.24965656305174));
#6618=CARTESIAN_POINT('',(-30.8499999999981,-22.349999999999,-5.24965656305174));
#6619=CARTESIAN_POINT('Origin',(-29.8499999999981,-22.349999999999,-5.24965656305174));
#6620=CARTESIAN_POINT('Origin',(-28.6952994616188,20.3499999999995,-11.2496565630517));
#6621=CARTESIAN_POINT('',(-28.6952994616188,20.3499999999995,-11.2496565630517));
#6622=CARTESIAN_POINT('',(-27.5405989232396,22.3499999999995,-11.2496565630517));
#6623=CARTESIAN_POINT('',(-29.5142912706695,18.931464575741,-11.2496565630517));
#6624=CARTESIAN_POINT('',(-28.6952994616188,20.3499999999995,-5.24965656305174));
#6625=CARTESIAN_POINT('',(-28.6952994616188,20.3499999999995,-11.2496565630517));
#6626=CARTESIAN_POINT('',(-27.5405989232396,22.3499999999995,-5.24965656305174));
#6627=CARTESIAN_POINT('',(-27.5405989232396,22.3499999999995,-5.24965656305174));
#6628=CARTESIAN_POINT('',(-27.5405989232396,22.3499999999995,-11.2496565630517));
#6629=CARTESIAN_POINT('Origin',(-31.0047005383773,20.3499999999995,-11.2496565630517));
#6630=CARTESIAN_POINT('',(-31.0047005383773,20.3499999999995,-11.2496565630517));
#6631=CARTESIAN_POINT('',(-15.5023502691881,20.3499999999996,-11.2496565630517));
#6632=CARTESIAN_POINT('',(-31.0047005383773,20.3499999999995,-5.24965656305174));
#6633=CARTESIAN_POINT('',(-31.0047005383773,20.3499999999995,-11.2496565630517));
#6634=CARTESIAN_POINT('',(-28.6952994616188,20.3499999999995,-5.24965656305174));
#6635=CARTESIAN_POINT('Origin',(-31.8499999999981,21.8141016151373,-11.2496565630517));
#6636=CARTESIAN_POINT('',(-31.8499999999981,21.8141016151373,-11.2496565630517));
#6637=CARTESIAN_POINT('',(-23.1458584601372,6.73808623182747,-11.2496565630517));
#6638=CARTESIAN_POINT('',(-31.8499999999981,21.8141016151373,-5.24965656305174));
#6639=CARTESIAN_POINT('',(-31.8499999999981,21.8141016151373,-5.62482828152587));
#6640=CARTESIAN_POINT('',(-31.0047005383773,20.3499999999995,-5.24965656305174));
#6641=CARTESIAN_POINT('Origin',(-27.5405989232396,22.3499999999995,-11.2496565630517));
#6642=CARTESIAN_POINT('',(-28.6952994616188,24.3499999999995,-11.2496565630517));
#6643=CARTESIAN_POINT('',(-19.2591071141891,8.00603542425861,-11.2496565630517));
#6644=CARTESIAN_POINT('',(-28.6952994616188,24.3499999999995,-5.24965656305174));
#6645=CARTESIAN_POINT('',(-28.6952994616188,24.3499999999995,-5.24965656305174));
#6646=CARTESIAN_POINT('',(-28.6952994616189,24.3499999999996,-5.62482828152587));
#6647=CARTESIAN_POINT('Origin',(-29.6952994616188,22.3499999999995,-5.24965656305174));
#6648=CARTESIAN_POINT('',(-31.8499999999981,24.3499999999995,-5.24965656305174));
#6649=CARTESIAN_POINT('',(-31.8499999999981,-0.999999999999757,-5.24965656305174));
#6650=CARTESIAN_POINT('',(-2.92264973080926,24.3499999999996,-5.24965656305174));
#6651=CARTESIAN_POINT('',(-30.8499999999981,22.3499999999995,-5.24965656305174));
#6652=CARTESIAN_POINT('Origin',(-29.8499999999981,22.3499999999995,-5.24965656305174));
#6653=CARTESIAN_POINT('Origin',(31.8500000000003,-16.349999999999,0.));
#6654=CARTESIAN_POINT('',(31.8500000000003,-16.349999999999,0.));
#6655=CARTESIAN_POINT('',(31.8500000000003,-16.349999999999,0.));
#6656=CARTESIAN_POINT('',(31.8500000000003,-24.349999999999,0.));
#6657=CARTESIAN_POINT('',(31.8500000000003,-16.349999999999,0.));
#6658=CARTESIAN_POINT('',(31.8500000000003,-24.349999999999,0.));
#6659=CARTESIAN_POINT('',(31.8500000000003,16.3499999999995,-11.2496565630517));
#6660=CARTESIAN_POINT('',(31.8500000000003,24.3499999999995,0.));
#6661=CARTESIAN_POINT('',(31.8500000000003,24.3499999999995,-9.24965656305174));
#6662=CARTESIAN_POINT('',(31.8500000000003,24.3499999999995,0.));
#6663=CARTESIAN_POINT('Origin',(23.8500000000003,24.3499999999995,0.));
#6664=CARTESIAN_POINT('',(31.8500000000003,24.3499999999995,-11.2496565630517));
#6665=CARTESIAN_POINT('',(-31.8499999999981,24.3499999999995,0.));
#6666=CARTESIAN_POINT('',(-31.8499999999981,24.3499999999995,0.));
#6667=CARTESIAN_POINT('',(-31.8499999999981,24.3499999999995,0.));
#6668=CARTESIAN_POINT('',(23.8500000000003,24.3499999999995,0.));
#6669=CARTESIAN_POINT('',(23.8500000000003,24.3499999999995,0.));
#6670=CARTESIAN_POINT('',(23.8500000000003,24.3499999999995,0.));
#6671=CARTESIAN_POINT('Origin',(1.11466391672366E-12,2.44249065417534E-13,
-11.2496565630517));
#6672=CARTESIAN_POINT('',(-31.8499999999981,-24.349999999999,-11.2496565630517));
#6673=CARTESIAN_POINT('',(-31.8499999999981,24.3499999999995,-11.2496565630517));
#6674=CARTESIAN_POINT('',(-13.3926951545847,8.88205080756958,-11.2496565630517));
#6675=CARTESIAN_POINT('',(-13.3926951545847,4.88205080756958,-11.2496565630517));
#6676=CARTESIAN_POINT('',(-13.3926951545847,4.4410254037849,-11.2496565630517));
#6677=CARTESIAN_POINT('',(-9.92859353944693,2.88205080756958,-11.2496565630517));
#6678=CARTESIAN_POINT('',(-7.31343946613466,1.3721908993704,-11.2496565630517));
#6679=CARTESIAN_POINT('',(-6.46449192430917,4.88205080756958,-11.2496565630517));
#6680=CARTESIAN_POINT('',(-6.82935326574204,4.67139801387643,-11.2496565630517));
#6681=CARTESIAN_POINT('',(-6.46449192430918,8.88205080756959,-11.2496565630517));
#6682=CARTESIAN_POINT('',(-6.46449192430917,2.44102540378491,-11.2496565630517));
#6683=CARTESIAN_POINT('',(-9.92859353944694,10.8820508075696,-11.2496565630517));
#6684=CARTESIAN_POINT('',(-2.11728704342804,6.37219089937041,-11.2496565630517));
#6685=CARTESIAN_POINT('',(-8.56140407331093,11.6713980138764,-11.2496565630517));
#6686=CARTESIAN_POINT('',(-8.92859353944708,16.1500000000006,-11.2496565630517));
#6687=CARTESIAN_POINT('',(-8.92859353944708,12.1500000000006,-11.2496565630517));
#6688=CARTESIAN_POINT('',(-8.92859353944708,8.07500000000043,-11.2496565630517));
#6689=CARTESIAN_POINT('',(-5.46449192430932,10.1500000000006,-11.2496565630517));
#6690=CARTESIAN_POINT('',(-2.94981879815869,8.69815279369363,-11.2496565630517));
#6691=CARTESIAN_POINT('',(-2.00039030917156,12.1500000000006,-11.2496565630517));
#6692=CARTESIAN_POINT('',(-5.61284691479601,10.0643472063075,-11.2496565630517));
#6693=CARTESIAN_POINT('',(-2.00039030917156,16.1500000000006,-11.2496565630517));
#6694=CARTESIAN_POINT('',(-2.00039030917156,6.07500000000043,-11.2496565630517));
#6695=CARTESIAN_POINT('',(-5.46449192430932,18.1500000000006,-11.2496565630517));
#6696=CARTESIAN_POINT('',(2.24633362454794,13.6981527936936,-11.2496565630517));
#6697=CARTESIAN_POINT('',(-7.34489772236488,17.0643472063075,-11.2496565630517));
#6698=CARTESIAN_POINT('',(13.3573048454153,8.88205080756958,-11.2496565630517));
#6699=CARTESIAN_POINT('',(13.3573048454153,4.88205080756958,-11.2496565630517));
#6700=CARTESIAN_POINT('',(13.3573048454153,4.44102540378492,-11.2496565630517));
#6701=CARTESIAN_POINT('',(16.8214064605531,2.88205080756958,-11.2496565630517));
#6702=CARTESIAN_POINT('',(9.40531053386533,7.16373578717883,-11.2496565630517));
#6703=CARTESIAN_POINT('',(20.2855080756908,4.88205080756958,-11.2496565630517));
#6704=CARTESIAN_POINT('',(9.88939673425797,-1.12014687393201,-11.2496565630517));
#6705=CARTESIAN_POINT('',(20.2855080756908,8.88205080756959,-11.2496565630517));
#6706=CARTESIAN_POINT('',(20.2855080756908,2.44102540378494,-11.2496565630517));
#6707=CARTESIAN_POINT('',(16.8214064605531,10.8820508075696,-11.2496565630517));
#6708=CARTESIAN_POINT('',(14.6014629565719,12.1637357871788,-11.2496565630517));
#6709=CARTESIAN_POINT('',(8.15734592668908,5.87985312606799,-11.2496565630517));
#6710=CARTESIAN_POINT('',(-8.92859353944708,1.15000000000062,-11.2496565630517));
#6711=CARTESIAN_POINT('',(-8.92859353944708,-2.84999999999938,-11.2496565630517));
#6712=CARTESIAN_POINT('',(-8.92859353944708,0.575000000000435,-11.2496565630517));
#6713=CARTESIAN_POINT('',(-5.46449192430932,-4.84999999999938,-11.2496565630517));
#6714=CARTESIAN_POINT('',(-6.19741406235034,-4.42684720630637,-11.2496565630517));
#6715=CARTESIAN_POINT('',(-2.00039030917156,-2.84999999999938,-11.2496565630517));
#6716=CARTESIAN_POINT('',(-2.36525165060436,-3.06065279369249,-11.2496565630517));
#6717=CARTESIAN_POINT('',(-2.00039030917156,1.15000000000063,-11.2496565630517));
#6718=CARTESIAN_POINT('',(-2.00039030917156,-1.42499999999957,-11.2496565630517));
#6719=CARTESIAN_POINT('',(-5.46449192430932,3.15000000000063,-11.2496565630517));
#6720=CARTESIAN_POINT('',(-1.0012616396437,0.573152793693642,-11.2496565630517));
#6721=CARTESIAN_POINT('',(-4.09730245817323,3.93934720630752,-11.2496565630517));
#6722=CARTESIAN_POINT('',(-13.3926951545847,-10.1179491924304,-11.2496565630517));
#6723=CARTESIAN_POINT('',(-9.92859353944693,-12.1179491924304,-11.2496565630517));
#6724=CARTESIAN_POINT('',(-10.5610347303263,-11.7528091006296,-11.2496565630517));
#6725=CARTESIAN_POINT('',(-6.46449192430917,-10.1179491924304,-11.2496565630517));
#6726=CARTESIAN_POINT('',(-3.5817580015504,-8.45360198612356,-11.2496565630517));
#6727=CARTESIAN_POINT('',(-6.46449192430918,-6.11794919243041,-11.2496565630517));
#6728=CARTESIAN_POINT('',(-6.46449192430918,-5.05897459621509,-11.2496565630517));
#6729=CARTESIAN_POINT('',(-9.92859353944694,-4.11794919243042,-11.2496565630517));
#6730=CARTESIAN_POINT('',(-5.36488230761968,-6.7528091006296,-11.2496565630517));
#6731=CARTESIAN_POINT('',(-13.3926951545847,-6.11794919243042,-11.2496565630517));
#6732=CARTESIAN_POINT('',(-5.31380880911928,-1.45360198612356,-11.2496565630517));
#6733=CARTESIAN_POINT('',(-13.3926951545847,-3.0589745962151,-11.2496565630517));
#6734=CARTESIAN_POINT('',(17.8214064605529,-13.8499999999994,-11.2496565630517));
#6735=CARTESIAN_POINT('',(17.8214064605529,-17.8499999999994,-11.2496565630517));
#6736=CARTESIAN_POINT('',(17.8214064605529,-6.92499999999957,-11.2496565630517));
#6737=CARTESIAN_POINT('',(21.2855080756907,-19.8499999999994,-11.2496565630517));
#6738=CARTESIAN_POINT('',(7.27374067345802,-11.7603023184979,-11.2496565630517));
#6739=CARTESIAN_POINT('',(24.7496096908284,-17.8499999999994,-11.2496565630517));
#6740=CARTESIAN_POINT('',(17.6010936135873,-21.9771976815009,-11.2496565630517));
#6741=CARTESIAN_POINT('',(24.7496096908284,-13.8499999999994,-11.2496565630517));
#6742=CARTESIAN_POINT('',(24.7496096908284,-8.92499999999957,-11.2496565630517));
#6743=CARTESIAN_POINT('',(21.2855080756907,-11.8499999999994,-11.2496565630517));
#6744=CARTESIAN_POINT('',(12.4698930961647,-6.76030231849793,-11.2496565630517));
#6745=CARTESIAN_POINT('',(15.8690428060184,-14.9771976815009,-11.2496565630517));
#6746=CARTESIAN_POINT('',(-17.8567967697226,-17.8499999999992,-11.2496565630517));
#6747=CARTESIAN_POINT('',(-14.3926951545848,-19.8499999999992,-11.2496565630517));
#6748=CARTESIAN_POINT('',(-15.0251363454642,-19.4848599081984,-11.2496565630517));
#6749=CARTESIAN_POINT('',(-10.9285935394471,-17.8499999999992,-11.2496565630517));
#6750=CARTESIAN_POINT('',(-4.69778340533495,-14.2526400918001,-11.2496565630517));
#6751=CARTESIAN_POINT('',(-10.9285935394471,-13.8499999999992,-11.2496565630517));
#6752=CARTESIAN_POINT('',(-10.9285935394471,-8.92499999999948,-11.2496565630517));
#6753=CARTESIAN_POINT('',(-14.3926951545848,-11.8499999999992,-11.2496565630517));
#6754=CARTESIAN_POINT('',(-9.82898392275752,-14.4848599081984,-11.2496565630517));
#6755=CARTESIAN_POINT('',(-17.8567967697226,-13.8499999999992,-11.2496565630517));
#6756=CARTESIAN_POINT('',(-6.42983421290381,-7.25264009180014,-11.2496565630517));
#6757=CARTESIAN_POINT('',(-17.8567967697226,-6.92499999999947,-11.2496565630517));
#6758=CARTESIAN_POINT('',(8.89320323027741,-17.8499999999992,-11.2496565630517));
#6759=CARTESIAN_POINT('',(12.3573048454152,-19.8499999999992,-11.2496565630517));
#6760=CARTESIAN_POINT('',(1.69361365453586,-13.69331502039,-11.2496565630517));
#6761=CARTESIAN_POINT('',(15.8214064605529,-17.8499999999992,-11.2496565630517));
#6762=CARTESIAN_POINT('',(12.020966594665,-20.0441849796086,-11.2496565630517));
#6763=CARTESIAN_POINT('',(15.8214064605529,-13.8499999999992,-11.2496565630517));
#6764=CARTESIAN_POINT('',(15.8214064605529,-8.92499999999949,-11.2496565630517));
#6765=CARTESIAN_POINT('',(12.3573048454152,-11.8499999999992,-11.2496565630517));
#6766=CARTESIAN_POINT('',(6.88976607724249,-8.69331502039,-11.2496565630517));
#6767=CARTESIAN_POINT('',(8.89320323027741,-13.8499999999992,-11.2496565630517));
#6768=CARTESIAN_POINT('',(10.2889157870962,-13.0441849796086,-11.2496565630517));
#6769=CARTESIAN_POINT('',(8.89320323027742,-6.92499999999949,-11.2496565630517));
#6770=CARTESIAN_POINT('',(-4.46449192430918,-6.11794919243058,-11.2496565630517));
#6771=CARTESIAN_POINT('',(-4.46449192430918,-10.1179491924306,-11.2496565630517));
#6772=CARTESIAN_POINT('',(-4.46449192430919,-3.05897459621517,-11.2496565630517));
#6773=CARTESIAN_POINT('',(-1.00039030917142,-12.1179491924306,-11.2496565630517));
#6774=CARTESIAN_POINT('',(-4.98090771140415,-9.81979639873753,-11.2496565630517));
#6775=CARTESIAN_POINT('',(2.46371130596633,-10.1179491924306,-11.2496565630517));
#6776=CARTESIAN_POINT('',(1.99836901737184,-10.3866146880159,-11.2496565630517));
#6777=CARTESIAN_POINT('',(2.46371130596633,-6.11794919243057,-11.2496565630517));
#6778=CARTESIAN_POINT('',(2.46371130596632,-5.05897459621516,-11.2496565630517));
#6779=CARTESIAN_POINT('',(-1.00039030917143,-4.11794919243058,-11.2496565630517));
#6780=CARTESIAN_POINT('',(0.215244711302478,-4.81979639873752,-11.2496565630517));
#6781=CARTESIAN_POINT('',(0.26631820980295,-3.38661468801592,-11.2496565630517));
#6782=CARTESIAN_POINT('',(-23.3208983848603,-4.84999999999905,-11.2496565630517));
#6783=CARTESIAN_POINT('',(-19.8567967697226,-2.84999999999904,-11.2496565630517));
#6784=CARTESIAN_POINT('',(-13.5255056884488,0.80537261009225,-11.2496565630517));
#6785=CARTESIAN_POINT('',(-19.8567967697226,1.15000000000096,-11.2496565630517));
#6786=CARTESIAN_POINT('',(-19.8567967697226,-1.42499999999942,-11.2496565630517));
#6787=CARTESIAN_POINT('',(-23.3208983848603,3.15000000000096,-11.2496565630517));
#6788=CARTESIAN_POINT('',(-12.161515677488,-3.2928726100905,-11.2496565630517));
#6789=CARTESIAN_POINT('',(-26.7849999999981,1.15000000000095,-11.2496565630517));
#6790=CARTESIAN_POINT('',(-15.2575564960177,7.80537261009225,-11.2496565630517));
#6791=CARTESIAN_POINT('',(-26.7849999999981,-2.84999999999905,-11.2496565630517));
#6792=CARTESIAN_POINT('',(-26.7849999999981,0.575000000000582,-11.2496565630517));
#6793=CARTESIAN_POINT('',(-17.3576681001946,-8.29287261009051,-11.2496565630517));
#6794=CARTESIAN_POINT('',(17.8214064605529,1.15000000000062,-11.2496565630517));
#6795=CARTESIAN_POINT('',(17.8214064605529,-2.84999999999938,-11.2496565630517));
#6796=CARTESIAN_POINT('',(17.8214064605529,0.575000000000429,-11.2496565630517));
#6797=CARTESIAN_POINT('',(21.2855080756907,-4.84999999999938,-11.2496565630517));
#6798=CARTESIAN_POINT('',(10.5213359376497,1.36469768150207,-11.2496565630517));
#6799=CARTESIAN_POINT('',(24.7496096908284,-2.84999999999938,-11.2496565630517));
#6800=CARTESIAN_POINT('',(14.3534983493957,-8.85219768150093,-11.2496565630517));
#6801=CARTESIAN_POINT('',(24.7496096908284,1.15000000000063,-11.2496565630517));
#6802=CARTESIAN_POINT('',(24.7496096908284,-1.42499999999957,-11.2496565630517));
#6803=CARTESIAN_POINT('',(21.2855080756907,3.15000000000063,-11.2496565630517));
#6804=CARTESIAN_POINT('',(15.7174883603563,6.36469768150207,-11.2496565630517));
#6805=CARTESIAN_POINT('',(12.6214475418268,-1.85219768150092,-11.2496565630517));
#6806=CARTESIAN_POINT('',(3.42910161513966,10.1500000000009,-11.2496565630517));
#6807=CARTESIAN_POINT('',(6.89320323027742,12.150000000001,-11.2496565630517));
#6808=CARTESIAN_POINT('',(-0.0543509526404617,8.1388277222838,-11.2496565630517));
#6809=CARTESIAN_POINT('',(6.89320323027741,16.150000000001,-11.2496565630517));
#6810=CARTESIAN_POINT('',(6.89320323027743,6.07500000000061,-11.2496565630517));
#6811=CARTESIAN_POINT('',(3.42910161513965,18.150000000001,-11.2496565630517));
#6812=CARTESIAN_POINT('',(7.80482958670362,15.6236722777179,-11.2496565630517));
#6813=CARTESIAN_POINT('',(-0.0349999999981021,16.150000000001,-11.2496565630517));
#6814=CARTESIAN_POINT('',(-1.78640176020935,15.1388277222838,-11.2496565630517));
#6815=CARTESIAN_POINT('',(-0.0349999999980977,12.1500000000009,-11.2496565630517));
#6816=CARTESIAN_POINT('',(-0.0349999999980931,8.0750000000006,-11.2496565630517));
#6817=CARTESIAN_POINT('',(2.60867716399699,10.6236722777179,-11.2496565630517));
#6818=CARTESIAN_POINT('',(-22.3208983848602,4.88205080756976,-11.2496565630517));
#6819=CARTESIAN_POINT('',(-18.8567967697225,2.88205080756975,-11.2496565630517));
#6820=CARTESIAN_POINT('',(-12.8935664850568,-0.56082180252168,-11.2496565630517));
#6821=CARTESIAN_POINT('',(-15.3926951545847,4.88205080756975,-11.2496565630517));
#6822=CARTESIAN_POINT('',(-12.4094802846643,6.6044107157688,-11.2496565630517));
#6823=CARTESIAN_POINT('',(-15.3926951545847,8.88205080756975,-11.2496565630517));
#6824=CARTESIAN_POINT('',(-15.3926951545847,2.441025403785,-11.2496565630517));
#6825=CARTESIAN_POINT('',(-18.8567967697224,10.8820508075698,-11.2496565630517));
#6826=CARTESIAN_POINT('',(-7.6974140623502,4.43917819747832,-11.2496565630517));
#6827=CARTESIAN_POINT('',(-22.3208983848602,8.88205080756976,-11.2496565630517));
#6828=CARTESIAN_POINT('',(-14.1415310922331,13.6044107157688,-11.2496565630517));
#6829=CARTESIAN_POINT('',(-22.3208983848602,4.44102540378501,-11.2496565630517));
#6830=CARTESIAN_POINT('',(-19.8567967697226,-13.849999999999,-11.2496565630517));
#6831=CARTESIAN_POINT('',(-23.3208983848603,-11.849999999999,-11.2496565630517));
#6832=CARTESIAN_POINT('',(-15.4091109416796,-16.4178726100905,-11.2496565630517));
#6833=CARTESIAN_POINT('',(-26.7849999999981,-13.849999999999,-11.2496565630517));
#6834=CARTESIAN_POINT('',(-12.0099612318261,-5.31962738990774,-11.2496565630517));
#6835=CARTESIAN_POINT('',(-26.7849999999981,-17.8499999999991,-11.2496565630517));
#6836=CARTESIAN_POINT('',(-26.7849999999981,-6.92499999999942,-11.2496565630517));
#6837=CARTESIAN_POINT('',(-23.3208983848603,-19.849999999999,-11.2496565630517));
#6838=CARTESIAN_POINT('',(-20.6052633643863,-21.4178726100905,-11.2496565630517));
#6839=CARTESIAN_POINT('',(-19.8567967697226,-17.849999999999,-11.2496565630517));
#6840=CARTESIAN_POINT('',(-10.2779104242572,-12.3196273899077,-11.2496565630517));
#6841=CARTESIAN_POINT('',(-19.8567967697226,-8.92499999999942,-11.2496565630517));
#6842=CARTESIAN_POINT('',(-1.00039030917142,2.88205080756942,-11.2496565630517));
#6843=CARTESIAN_POINT('',(2.46371130596633,4.88205080756943,-11.2496565630517));
#6844=CARTESIAN_POINT('',(-1.24922624681981,2.73838531198407,-11.2496565630517));
#6845=CARTESIAN_POINT('',(2.46371130596633,8.88205080756943,-11.2496565630517));
#6846=CARTESIAN_POINT('',(2.46371130596634,2.44102540378484,-11.2496565630517));
#6847=CARTESIAN_POINT('',(-1.00039030917143,10.8820508075694,-11.2496565630517));
#6848=CARTESIAN_POINT('',(3.46283997549412,8.30520360126249,-11.2496565630517));
#6849=CARTESIAN_POINT('',(-4.46449192430918,8.88205080756942,-11.2496565630517));
#6850=CARTESIAN_POINT('',(-2.9812770543887,9.73838531198407,-11.2496565630517));
#6851=CARTESIAN_POINT('',(-4.46449192430918,4.88205080756942,-11.2496565630517));
#6852=CARTESIAN_POINT('',(-4.46449192430918,4.44102540378483,-11.2496565630517));
#6853=CARTESIAN_POINT('',(-1.73331244721251,3.30520360126248,-11.2496565630517));
#6854=CARTESIAN_POINT('',(-17.8567967697226,12.1500000000008,-11.2496565630517));
#6855=CARTESIAN_POINT('',(-14.3926951545848,10.1500000000008,-11.2496565630517));
#6856=CARTESIAN_POINT('',(-8.52994581708086,6.76514009180155,-11.2496565630517));
#6857=CARTESIAN_POINT('',(-10.9285935394471,12.1500000000008,-11.2496565630517));
#6858=CARTESIAN_POINT('',(-11.1929739337182,11.9973599081999,-11.2496565630517));
#6859=CARTESIAN_POINT('',(-10.9285935394471,16.1500000000008,-11.2496565630517));
#6860=CARTESIAN_POINT('',(-10.9285935394471,6.07500000000052,-11.2496565630517));
#6861=CARTESIAN_POINT('',(-14.3926951545848,18.1500000000008,-11.2496565630517));
#6862=CARTESIAN_POINT('',(-3.33379339437422,11.7651400918015,-11.2496565630517));
#6863=CARTESIAN_POINT('',(-17.8567967697226,16.1500000000008,-11.2496565630517));
#6864=CARTESIAN_POINT('',(-12.9250247412871,18.9973599081999,-11.2496565630517));
#6865=CARTESIAN_POINT('',(-17.8567967697226,8.07500000000053,-11.2496565630517));
#6866=CARTESIAN_POINT('',(17.8214064605529,16.1500000000006,-11.2496565630517));
#6867=CARTESIAN_POINT('',(17.8214064605529,12.1500000000006,-11.2496565630517));
#6868=CARTESIAN_POINT('',(17.8214064605529,8.07500000000043,-11.2496565630517));
#6869=CARTESIAN_POINT('',(21.2855080756907,10.1500000000006,-11.2496565630517));
#6870=CARTESIAN_POINT('',(13.7689312018413,14.4896976815021,-11.2496565630517));
#6871=CARTESIAN_POINT('',(24.7496096908284,12.1500000000006,-11.2496565630517));
#6872=CARTESIAN_POINT('',(11.105903085204,4.27280231849906,-11.2496565630517));
#6873=CARTESIAN_POINT('',(24.7496096908284,16.1500000000006,-11.2496565630517));
#6874=CARTESIAN_POINT('',(24.7496096908284,6.07500000000043,-11.2496565630517));
#6875=CARTESIAN_POINT('',(21.2855080756907,18.1500000000006,-11.2496565630517));
#6876=CARTESIAN_POINT('',(18.9650836245479,19.4896976815021,-11.2496565630517));
#6877=CARTESIAN_POINT('',(9.37385227763512,11.2728023184991,-11.2496565630517));
#6878=CARTESIAN_POINT('',(3.42910161513966,-4.84999999999905,-11.2496565630517));
#6879=CARTESIAN_POINT('',(6.89320323027742,-2.84999999999904,-11.2496565630517));
#6880=CARTESIAN_POINT('',(3.19324431155119,-4.98617227771619,-11.2496565630517));
#6881=CARTESIAN_POINT('',(6.89320323027741,1.15000000000096,-11.2496565630517));
#6882=CARTESIAN_POINT('',(6.89320323027741,-1.42499999999939,-11.2496565630517));
#6883=CARTESIAN_POINT('',(3.42910161513965,3.15000000000096,-11.2496565630517));
#6884=CARTESIAN_POINT('',(4.55723432251198,2.49867227771793,-11.2496565630517));
#6885=CARTESIAN_POINT('',(-0.0349999999981021,1.15000000000095,-11.2496565630517));
#6886=CARTESIAN_POINT('',(1.4611935039823,2.01382772228381,-11.2496565630517));
#6887=CARTESIAN_POINT('',(-0.0349999999980977,-2.84999999999905,-11.2496565630517));
#6888=CARTESIAN_POINT('',(-0.0349999999981015,0.575000000000597,-11.2496565630517));
#6889=CARTESIAN_POINT('',(-0.638918100194653,-2.50132772228209,-11.2496565630517));
#6890=CARTESIAN_POINT('',(-22.3208983848602,-10.1179491924302,-11.2496565630517));
#6891=CARTESIAN_POINT('',(-18.8567967697225,-12.1179491924302,-11.2496565630517));
#6892=CARTESIAN_POINT('',(-16.1411617492485,-13.6858218025217,-11.2496565630517));
#6893=CARTESIAN_POINT('',(-15.3926951545847,-10.1179491924302,-11.2496565630517));
#6894=CARTESIAN_POINT('',(-9.16188502047263,-6.52058928423121,-11.2496565630517));
#6895=CARTESIAN_POINT('',(-15.3926951545847,-6.11794919243025,-11.2496565630517));
#6896=CARTESIAN_POINT('',(-15.3926951545847,-5.058974596215,-11.2496565630517));
#6897=CARTESIAN_POINT('',(-18.8567967697224,-4.11794919243024,-11.2496565630517));
#6898=CARTESIAN_POINT('',(-10.9450093265418,-8.68582180252167,-11.2496565630517));
#6899=CARTESIAN_POINT('',(-22.3208983848602,-6.11794919243024,-11.2496565630517));
#6900=CARTESIAN_POINT('',(-10.8939358280415,0.479410715768799,-11.2496565630517));
#6901=CARTESIAN_POINT('',(-22.3208983848602,-3.05897459621499,-11.2496565630517));
#6902=CARTESIAN_POINT('',(13.3573048454153,-6.11794919243042,-11.2496565630517));
#6903=CARTESIAN_POINT('',(13.3573048454153,-10.1179491924304,-11.2496565630517));
#6904=CARTESIAN_POINT('',(13.3573048454153,-3.05897459621508,-11.2496565630517));
#6905=CARTESIAN_POINT('',(16.8214064605531,-12.1179491924304,-11.2496565630517));
#6906=CARTESIAN_POINT('',(6.15771526967368,-5.96126421282118,-11.2496565630517));
#6907=CARTESIAN_POINT('',(20.2855080756908,-10.1179491924304,-11.2496565630517));
#6908=CARTESIAN_POINT('',(13.1369919984496,-14.245146873932,-11.2496565630517));
#6909=CARTESIAN_POINT('',(20.2855080756908,-6.11794919243041,-11.2496565630517));
#6910=CARTESIAN_POINT('',(20.2855080756908,-5.05897459621506,-11.2496565630517));
#6911=CARTESIAN_POINT('',(16.8214064605531,-4.11794919243042,-11.2496565630517));
#6912=CARTESIAN_POINT('',(11.3538676923803,-0.961264212821175,-11.2496565630517));
#6913=CARTESIAN_POINT('',(11.4049411908807,-7.245146873932,-11.2496565630517));
#6914=CARTESIAN_POINT('',(-8.92859353944708,-17.8499999999994,-11.2496565630517));
#6915=CARTESIAN_POINT('',(-5.46449192430932,-19.8499999999994,-11.2496565630517));
#6916=CARTESIAN_POINT('',(-9.44500932654199,-17.5518472063064,-11.2496565630517));
#6917=CARTESIAN_POINT('',(-2.00039030917156,-17.8499999999994,-11.2496565630517));
#6918=CARTESIAN_POINT('',(0.882343613587291,-16.1856527936925,-11.2496565630517));
#6919=CARTESIAN_POINT('',(-2.00039030917156,-13.8499999999994,-11.2496565630517));
#6920=CARTESIAN_POINT('',(-2.00039030917156,-8.92499999999957,-11.2496565630517));
#6921=CARTESIAN_POINT('',(-5.46449192430932,-11.8499999999994,-11.2496565630517));
#6922=CARTESIAN_POINT('',(-4.24885690383534,-12.5518472063064,-11.2496565630517));
#6923=CARTESIAN_POINT('',(-8.92859353944708,-13.8499999999994,-11.2496565630517));
#6924=CARTESIAN_POINT('',(-0.849707193981589,-9.18565279369249,-11.2496565630517));
#6925=CARTESIAN_POINT('',(-8.92859353944707,-6.92499999999956,-11.2496565630517));
#6926=CARTESIAN_POINT('',(3.42910161513966,-19.849999999999,-11.2496565630517));
#6927=CARTESIAN_POINT('',(6.89320323027742,-17.849999999999,-11.2496565630517));
#6928=CARTESIAN_POINT('',(6.44083957574284,-18.1111722777162,-11.2496565630517));
#6929=CARTESIAN_POINT('',(6.89320323027741,-13.849999999999,-11.2496565630517));
#6930=CARTESIAN_POINT('',(6.8932032302774,-8.92499999999939,-11.2496565630517));
#6931=CARTESIAN_POINT('',(3.42910161513965,-11.849999999999,-11.2496565630517));
#6932=CARTESIAN_POINT('',(1.30963905832034,-10.6263277222821,-11.2496565630517));
#6933=CARTESIAN_POINT('',(-0.0349999999981021,-13.849999999999,-11.2496565630517));
#6934=CARTESIAN_POINT('',(4.70878876817395,-11.1111722777162,-11.2496565630517));
#6935=CARTESIAN_POINT('',(-0.0349999999980977,-17.8499999999991,-11.2496565630517));
#6936=CARTESIAN_POINT('',(-0.0349999999981098,-6.9249999999994,-11.2496565630517));
#6937=CARTESIAN_POINT('',(-3.88651336438629,-15.6263277222821,-11.2496565630517));
#6938=CARTESIAN_POINT('',(4.4291016151398,-10.1179491924302,-11.2496565630517));
#6939=CARTESIAN_POINT('',(7.89320323027755,-12.1179491924302,-11.2496565630517));
#6940=CARTESIAN_POINT('',(0.577588250751529,-7.89427691471323,-11.2496565630517));
#6941=CARTESIAN_POINT('',(11.3573048454153,-10.1179491924302,-11.2496565630517));
#6942=CARTESIAN_POINT('',(7.55686497952737,-12.3121341720396,-11.2496565630517));
#6943=CARTESIAN_POINT('',(11.3573048454153,-6.11794919243025,-11.2496565630517));
#6944=CARTESIAN_POINT('',(11.3573048454153,-5.05897459621501,-11.2496565630517));
#6945=CARTESIAN_POINT('',(7.89320323027756,-4.11794919243024,-11.2496565630517));
#6946=CARTESIAN_POINT('',(5.77374067345817,-2.89427691471323,-11.2496565630517));
#6947=CARTESIAN_POINT('',(4.4291016151398,-6.11794919243024,-11.2496565630517));
#6948=CARTESIAN_POINT('',(5.82481417195849,-5.31213417203963,-11.2496565630517));
#6949=CARTESIAN_POINT('',(4.42910161513981,-3.058974596215,-11.2496565630517));
#6950=CARTESIAN_POINT('',(-17.8567967697226,-2.84999999999921,-11.2496565630517));
#6951=CARTESIAN_POINT('',(-14.3926951545848,-4.84999999999921,-11.2496565630517));
#6952=CARTESIAN_POINT('',(-11.7775410812725,-6.35985990819844,-11.2496565630517));
#6953=CARTESIAN_POINT('',(-10.9285935394471,-2.84999999999922,-11.2496565630517));
#6954=CARTESIAN_POINT('',(-7.94537866952659,-1.12764009180013,-11.2496565630517));
#6955=CARTESIAN_POINT('',(-10.9285935394471,1.15000000000078,-11.2496565630517));
#6956=CARTESIAN_POINT('',(-10.9285935394471,-1.42499999999948,-11.2496565630517));
#6957=CARTESIAN_POINT('',(-14.3926951545848,3.15000000000078,-11.2496565630517));
#6958=CARTESIAN_POINT('',(-6.58138865856587,-1.35985990819845,-11.2496565630517));
#6959=CARTESIAN_POINT('',(-17.8567967697226,1.15000000000079,-11.2496565630517));
#6960=CARTESIAN_POINT('',(-9.67742947709545,5.87235990819987,-11.2496565630517));
#6961=CARTESIAN_POINT('',(-17.8567967697226,0.575000000000527,-11.2496565630517));
#6962=CARTESIAN_POINT('',(8.89320323027741,-2.84999999999921,-11.2496565630517));
#6963=CARTESIAN_POINT('',(12.3573048454152,-4.84999999999921,-11.2496565630517));
#6964=CARTESIAN_POINT('',(4.94120891872751,-0.568315020389992,-11.2496565630517));
#6965=CARTESIAN_POINT('',(15.8214064605529,-2.84999999999922,-11.2496565630517));
#6966=CARTESIAN_POINT('',(8.7733713304734,-6.91918497960855,-11.2496565630517));
#6967=CARTESIAN_POINT('',(15.8214064605529,1.15000000000078,-11.2496565630517));
#6968=CARTESIAN_POINT('',(15.8214064605529,-1.42499999999949,-11.2496565630517));
#6969=CARTESIAN_POINT('',(12.3573048454152,3.15000000000078,-11.2496565630517));
#6970=CARTESIAN_POINT('',(10.1373613414341,4.43168497960999,-11.2496565630517));
#6971=CARTESIAN_POINT('',(8.89320323027741,1.15000000000079,-11.2496565630517));
#6972=CARTESIAN_POINT('',(7.04132052290453,0.0808150203914462,-11.2496565630517));
#6973=CARTESIAN_POINT('',(8.89320323027741,0.575000000000512,-11.2496565630517));
#6974=CARTESIAN_POINT('',(8.89320323027741,12.1500000000008,-11.2496565630517));
#6975=CARTESIAN_POINT('',(12.3573048454152,10.1500000000008,-11.2496565630517));
#6976=CARTESIAN_POINT('',(8.18880418291917,12.55668497961,-11.2496565630517));
#6977=CARTESIAN_POINT('',(15.8214064605529,12.1500000000008,-11.2496565630517));
#6978=CARTESIAN_POINT('',(5.52577606628176,6.20581502039146,-11.2496565630517));
#6979=CARTESIAN_POINT('',(15.8214064605529,16.1500000000008,-11.2496565630517));
#6980=CARTESIAN_POINT('',(15.8214064605529,6.07500000000051,-11.2496565630517));
#6981=CARTESIAN_POINT('',(12.3573048454152,18.1500000000008,-11.2496565630517));
#6982=CARTESIAN_POINT('',(13.3849566056258,17.55668497961,-11.2496565630517));
#6983=CARTESIAN_POINT('',(8.89320323027741,16.1500000000008,-11.2496565630517));
#6984=CARTESIAN_POINT('',(3.79372525871289,13.2058150203915,-11.2496565630517));
#6985=CARTESIAN_POINT('',(8.89320323027741,8.07500000000051,-11.2496565630517));
#6986=CARTESIAN_POINT('',(-23.3208983848603,10.1500000000009,-11.2496565630517));
#6987=CARTESIAN_POINT('',(-19.8567967697226,12.150000000001,-11.2496565630517));
#6988=CARTESIAN_POINT('',(-16.7731009526405,13.9303726100922,-11.2496565630517));
#6989=CARTESIAN_POINT('',(-19.8567967697226,16.150000000001,-11.2496565630517));
#6990=CARTESIAN_POINT('',(-19.8567967697226,6.07500000000058,-11.2496565630517));
#6991=CARTESIAN_POINT('',(-23.3208983848603,18.150000000001,-11.2496565630517));
#6992=CARTESIAN_POINT('',(-8.91392041329637,9.83212738990951,-11.2496565630517));
#6993=CARTESIAN_POINT('',(-26.7849999999981,16.150000000001,-11.2496565630517));
#6994=CARTESIAN_POINT('',(-18.5051517602094,20.9303726100922,-11.2496565630517));
#6995=CARTESIAN_POINT('',(-26.7849999999981,12.1500000000009,-11.2496565630517));
#6996=CARTESIAN_POINT('',(-26.7849999999981,8.07500000000058,-11.2496565630517));
#6997=CARTESIAN_POINT('',(-14.110072836003,4.83212738990949,-11.2496565630517));
#6998=CARTESIAN_POINT('',(4.4291016151398,4.88205080756976,-11.2496565630517));
#6999=CARTESIAN_POINT('',(7.89320323027755,2.88205080756975,-11.2496565630517));
#7000=CARTESIAN_POINT('',(3.82518351494318,5.23072308528676,-11.2496565630517));
#7001=CARTESIAN_POINT('',(11.3573048454153,4.88205080756975,-11.2496565630517));
#7002=CARTESIAN_POINT('',(4.30926971533572,0.812865827960369,-11.2496565630517));
#7003=CARTESIAN_POINT('',(11.3573048454153,8.88205080756975,-11.2496565630517));
#7004=CARTESIAN_POINT('',(11.3573048454153,2.44102540378499,-11.2496565630517));
#7005=CARTESIAN_POINT('',(7.89320323027756,10.8820508075698,-11.2496565630517));
#7006=CARTESIAN_POINT('',(9.02133593764981,10.2307230852868,-11.2496565630517));
#7007=CARTESIAN_POINT('',(4.4291016151398,8.88205080756976,-11.2496565630517));
#7008=CARTESIAN_POINT('',(2.57721890776685,7.81286582796037,-11.2496565630517));
#7009=CARTESIAN_POINT('',(4.4291016151398,4.441025403785,-11.2496565630517));
#7010=CARTESIAN_POINT('Origin',(-13.3926951545847,8.88205080756958,-11.2496565630517));
#7011=CARTESIAN_POINT('',(-13.3926951545847,4.88205080756958,-11.2496565630517));
#7012=CARTESIAN_POINT('',(-13.3926951545847,8.88205080756958,-11.2496565630517));
#7013=CARTESIAN_POINT('Origin',(-9.92859353944694,10.8820508075696,-11.2496565630517));
#7014=CARTESIAN_POINT('',(-9.92859353944694,10.8820508075696,-11.2496565630517));
#7015=CARTESIAN_POINT('Origin',(-6.46449192430918,8.88205080756959,-11.2496565630517));
#7016=CARTESIAN_POINT('',(-6.46449192430918,8.88205080756959,-11.2496565630517));
#7017=CARTESIAN_POINT('Origin',(-6.46449192430917,4.88205080756958,-11.2496565630517));
#7018=CARTESIAN_POINT('',(-6.46449192430917,4.88205080756958,-11.2496565630517));
#7019=CARTESIAN_POINT('Origin',(-9.92859353944693,2.88205080756958,-11.2496565630517));
#7020=CARTESIAN_POINT('',(-9.92859353944693,2.88205080756958,-11.2496565630517));
#7021=CARTESIAN_POINT('Origin',(-13.3926951545847,4.88205080756958,-11.2496565630517));
#7022=CARTESIAN_POINT('Origin',(-8.92859353944708,16.1500000000006,-11.2496565630517));
#7023=CARTESIAN_POINT('',(-8.92859353944708,12.1500000000006,-11.2496565630517));
#7024=CARTESIAN_POINT('',(-8.92859353944708,16.1500000000006,-11.2496565630517));
#7025=CARTESIAN_POINT('Origin',(-5.46449192430932,18.1500000000006,-11.2496565630517));
#7026=CARTESIAN_POINT('',(-5.46449192430932,18.1500000000006,-11.2496565630517));
#7027=CARTESIAN_POINT('Origin',(-2.00039030917156,16.1500000000006,-11.2496565630517));
#7028=CARTESIAN_POINT('',(-2.00039030917156,16.1500000000006,-11.2496565630517));
#7029=CARTESIAN_POINT('Origin',(-2.00039030917156,12.1500000000006,-11.2496565630517));
#7030=CARTESIAN_POINT('',(-2.00039030917156,12.1500000000006,-11.2496565630517));
#7031=CARTESIAN_POINT('Origin',(-5.46449192430932,10.1500000000006,-11.2496565630517));
#7032=CARTESIAN_POINT('',(-5.46449192430932,10.1500000000006,-11.2496565630517));
#7033=CARTESIAN_POINT('Origin',(-8.92859353944708,12.1500000000006,-11.2496565630517));
#7034=CARTESIAN_POINT('Origin',(13.3573048454153,8.88205080756958,-11.2496565630517));
#7035=CARTESIAN_POINT('',(13.3573048454153,4.88205080756958,-11.2496565630517));
#7036=CARTESIAN_POINT('',(13.3573048454153,8.88205080756958,-11.2496565630517));
#7037=CARTESIAN_POINT('Origin',(16.8214064605531,10.8820508075696,-11.2496565630517));
#7038=CARTESIAN_POINT('',(16.8214064605531,10.8820508075696,-11.2496565630517));
#7039=CARTESIAN_POINT('Origin',(20.2855080756908,8.88205080756959,-11.2496565630517));
#7040=CARTESIAN_POINT('',(20.2855080756908,8.88205080756959,-11.2496565630517));
#7041=CARTESIAN_POINT('Origin',(20.2855080756908,4.88205080756958,-11.2496565630517));
#7042=CARTESIAN_POINT('',(20.2855080756908,4.88205080756958,-11.2496565630517));
#7043=CARTESIAN_POINT('Origin',(16.8214064605531,2.88205080756958,-11.2496565630517));
#7044=CARTESIAN_POINT('',(16.8214064605531,2.88205080756958,-11.2496565630517));
#7045=CARTESIAN_POINT('Origin',(13.3573048454153,4.88205080756958,-11.2496565630517));
#7046=CARTESIAN_POINT('Origin',(-8.92859353944708,1.15000000000062,-11.2496565630517));
#7047=CARTESIAN_POINT('',(-8.92859353944708,-2.84999999999938,-11.2496565630517));
#7048=CARTESIAN_POINT('',(-8.92859353944708,1.15000000000062,-11.2496565630517));
#7049=CARTESIAN_POINT('Origin',(-5.46449192430932,3.15000000000063,-11.2496565630517));
#7050=CARTESIAN_POINT('',(-5.46449192430932,3.15000000000063,-11.2496565630517));
#7051=CARTESIAN_POINT('Origin',(-2.00039030917156,1.15000000000063,-11.2496565630517));
#7052=CARTESIAN_POINT('',(-2.00039030917156,1.15000000000063,-11.2496565630517));
#7053=CARTESIAN_POINT('Origin',(-2.00039030917156,-2.84999999999938,-11.2496565630517));
#7054=CARTESIAN_POINT('',(-2.00039030917156,-2.84999999999938,-11.2496565630517));
#7055=CARTESIAN_POINT('Origin',(-5.46449192430932,-4.84999999999938,-11.2496565630517));
#7056=CARTESIAN_POINT('',(-5.46449192430932,-4.84999999999938,-11.2496565630517));
#7057=CARTESIAN_POINT('Origin',(-8.92859353944708,-2.84999999999938,-11.2496565630517));
#7058=CARTESIAN_POINT('Origin',(-13.3926951545847,-10.1179491924304,-11.2496565630517));
#7059=CARTESIAN_POINT('',(-9.92859353944693,-12.1179491924304,-11.2496565630517));
#7060=CARTESIAN_POINT('',(-13.3926951545847,-10.1179491924304,-11.2496565630517));
#7061=CARTESIAN_POINT('Origin',(-13.3926951545847,-6.11794919243042,-11.2496565630517));
#7062=CARTESIAN_POINT('',(-13.3926951545847,-6.11794919243042,-11.2496565630517));
#7063=CARTESIAN_POINT('Origin',(-9.92859353944694,-4.11794919243042,-11.2496565630517));
#7064=CARTESIAN_POINT('',(-9.92859353944694,-4.11794919243042,-11.2496565630517));
#7065=CARTESIAN_POINT('Origin',(-6.46449192430918,-6.11794919243041,-11.2496565630517));
#7066=CARTESIAN_POINT('',(-6.46449192430918,-6.11794919243041,-11.2496565630517));
#7067=CARTESIAN_POINT('Origin',(-6.46449192430917,-10.1179491924304,-11.2496565630517));
#7068=CARTESIAN_POINT('',(-6.46449192430917,-10.1179491924304,-11.2496565630517));
#7069=CARTESIAN_POINT('Origin',(-9.92859353944693,-12.1179491924304,-11.2496565630517));
#7070=CARTESIAN_POINT('Origin',(17.8214064605529,-13.8499999999994,-11.2496565630517));
#7071=CARTESIAN_POINT('',(17.8214064605529,-17.8499999999994,-11.2496565630517));
#7072=CARTESIAN_POINT('',(17.8214064605529,-13.8499999999994,-11.2496565630517));
#7073=CARTESIAN_POINT('Origin',(21.2855080756907,-11.8499999999994,-11.2496565630517));
#7074=CARTESIAN_POINT('',(21.2855080756907,-11.8499999999994,-11.2496565630517));
#7075=CARTESIAN_POINT('Origin',(24.7496096908284,-13.8499999999994,-11.2496565630517));
#7076=CARTESIAN_POINT('',(24.7496096908284,-13.8499999999994,-11.2496565630517));
#7077=CARTESIAN_POINT('Origin',(24.7496096908284,-17.8499999999994,-11.2496565630517));
#7078=CARTESIAN_POINT('',(24.7496096908284,-17.8499999999994,-11.2496565630517));
#7079=CARTESIAN_POINT('Origin',(21.2855080756907,-19.8499999999994,-11.2496565630517));
#7080=CARTESIAN_POINT('',(21.2855080756907,-19.8499999999994,-11.2496565630517));
#7081=CARTESIAN_POINT('Origin',(17.8214064605529,-17.8499999999994,-11.2496565630517));
#7082=CARTESIAN_POINT('Origin',(-17.8567967697226,-17.8499999999992,-11.2496565630517));
#7083=CARTESIAN_POINT('',(-14.3926951545848,-19.8499999999992,-11.2496565630517));
#7084=CARTESIAN_POINT('',(-17.8567967697226,-17.8499999999992,-11.2496565630517));
#7085=CARTESIAN_POINT('Origin',(-17.8567967697226,-13.8499999999992,-11.2496565630517));
#7086=CARTESIAN_POINT('',(-17.8567967697226,-13.8499999999992,-11.2496565630517));
#7087=CARTESIAN_POINT('Origin',(-14.3926951545848,-11.8499999999992,-11.2496565630517));
#7088=CARTESIAN_POINT('',(-14.3926951545848,-11.8499999999992,-11.2496565630517));
#7089=CARTESIAN_POINT('Origin',(-10.9285935394471,-13.8499999999992,-11.2496565630517));
#7090=CARTESIAN_POINT('',(-10.9285935394471,-13.8499999999992,-11.2496565630517));
#7091=CARTESIAN_POINT('Origin',(-10.9285935394471,-17.8499999999992,-11.2496565630517));
#7092=CARTESIAN_POINT('',(-10.9285935394471,-17.8499999999992,-11.2496565630517));
#7093=CARTESIAN_POINT('Origin',(-14.3926951545848,-19.8499999999992,-11.2496565630517));
#7094=CARTESIAN_POINT('Origin',(8.89320323027741,-17.8499999999992,-11.2496565630517));
#7095=CARTESIAN_POINT('',(12.3573048454152,-19.8499999999992,-11.2496565630517));
#7096=CARTESIAN_POINT('',(8.89320323027741,-17.8499999999992,-11.2496565630517));
#7097=CARTESIAN_POINT('Origin',(8.89320323027741,-13.8499999999992,-11.2496565630517));
#7098=CARTESIAN_POINT('',(8.89320323027741,-13.8499999999992,-11.2496565630517));
#7099=CARTESIAN_POINT('Origin',(12.3573048454152,-11.8499999999992,-11.2496565630517));
#7100=CARTESIAN_POINT('',(12.3573048454152,-11.8499999999992,-11.2496565630517));
#7101=CARTESIAN_POINT('Origin',(15.8214064605529,-13.8499999999992,-11.2496565630517));
#7102=CARTESIAN_POINT('',(15.8214064605529,-13.8499999999992,-11.2496565630517));
#7103=CARTESIAN_POINT('Origin',(15.8214064605529,-17.8499999999992,-11.2496565630517));
#7104=CARTESIAN_POINT('',(15.8214064605529,-17.8499999999992,-11.2496565630517));
#7105=CARTESIAN_POINT('Origin',(12.3573048454152,-19.8499999999992,-11.2496565630517));
#7106=CARTESIAN_POINT('Origin',(-4.46449192430918,-6.11794919243058,-11.2496565630517));
#7107=CARTESIAN_POINT('',(-4.46449192430918,-10.1179491924306,-11.2496565630517));
#7108=CARTESIAN_POINT('',(-4.46449192430918,-6.11794919243058,-11.2496565630517));
#7109=CARTESIAN_POINT('Origin',(-1.00039030917143,-4.11794919243058,-11.2496565630517));
#7110=CARTESIAN_POINT('',(-1.00039030917143,-4.11794919243058,-11.2496565630517));
#7111=CARTESIAN_POINT('Origin',(2.46371130596633,-6.11794919243057,-11.2496565630517));
#7112=CARTESIAN_POINT('',(2.46371130596633,-6.11794919243057,-11.2496565630517));
#7113=CARTESIAN_POINT('Origin',(2.46371130596633,-10.1179491924306,-11.2496565630517));
#7114=CARTESIAN_POINT('',(2.46371130596633,-10.1179491924306,-11.2496565630517));
#7115=CARTESIAN_POINT('Origin',(-1.00039030917142,-12.1179491924306,-11.2496565630517));
#7116=CARTESIAN_POINT('',(-1.00039030917142,-12.1179491924306,-11.2496565630517));
#7117=CARTESIAN_POINT('Origin',(-4.46449192430918,-10.1179491924306,-11.2496565630517));
#7118=CARTESIAN_POINT('Origin',(-23.3208983848603,-4.84999999999905,-11.2496565630517));
#7119=CARTESIAN_POINT('',(-19.8567967697226,-2.84999999999904,-11.2496565630517));
#7120=CARTESIAN_POINT('',(-23.3208983848603,-4.84999999999905,-11.2496565630517));
#7121=CARTESIAN_POINT('Origin',(-26.7849999999981,-2.84999999999905,-11.2496565630517));
#7122=CARTESIAN_POINT('',(-26.7849999999981,-2.84999999999905,-11.2496565630517));
#7123=CARTESIAN_POINT('Origin',(-26.7849999999981,1.15000000000095,-11.2496565630517));
#7124=CARTESIAN_POINT('',(-26.7849999999981,1.15000000000095,-11.2496565630517));
#7125=CARTESIAN_POINT('Origin',(-23.3208983848603,3.15000000000096,-11.2496565630517));
#7126=CARTESIAN_POINT('',(-23.3208983848603,3.15000000000096,-11.2496565630517));
#7127=CARTESIAN_POINT('Origin',(-19.8567967697226,1.15000000000096,-11.2496565630517));
#7128=CARTESIAN_POINT('',(-19.8567967697226,1.15000000000096,-11.2496565630517));
#7129=CARTESIAN_POINT('Origin',(-19.8567967697226,-2.84999999999904,-11.2496565630517));
#7130=CARTESIAN_POINT('Origin',(17.8214064605529,1.15000000000062,-11.2496565630517));
#7131=CARTESIAN_POINT('',(17.8214064605529,-2.84999999999938,-11.2496565630517));
#7132=CARTESIAN_POINT('',(17.8214064605529,1.15000000000062,-11.2496565630517));
#7133=CARTESIAN_POINT('Origin',(21.2855080756907,3.15000000000063,-11.2496565630517));
#7134=CARTESIAN_POINT('',(21.2855080756907,3.15000000000063,-11.2496565630517));
#7135=CARTESIAN_POINT('Origin',(24.7496096908284,1.15000000000063,-11.2496565630517));
#7136=CARTESIAN_POINT('',(24.7496096908284,1.15000000000063,-11.2496565630517));
#7137=CARTESIAN_POINT('Origin',(24.7496096908284,-2.84999999999938,-11.2496565630517));
#7138=CARTESIAN_POINT('',(24.7496096908284,-2.84999999999938,-11.2496565630517));
#7139=CARTESIAN_POINT('Origin',(21.2855080756907,-4.84999999999938,-11.2496565630517));
#7140=CARTESIAN_POINT('',(21.2855080756907,-4.84999999999938,-11.2496565630517));
#7141=CARTESIAN_POINT('Origin',(17.8214064605529,-2.84999999999938,-11.2496565630517));
#7142=CARTESIAN_POINT('Origin',(3.42910161513966,10.1500000000009,-11.2496565630517));
#7143=CARTESIAN_POINT('',(6.89320323027742,12.150000000001,-11.2496565630517));
#7144=CARTESIAN_POINT('',(3.42910161513966,10.1500000000009,-11.2496565630517));
#7145=CARTESIAN_POINT('Origin',(-0.0349999999980977,12.1500000000009,-11.2496565630517));
#7146=CARTESIAN_POINT('',(-0.0349999999980977,12.1500000000009,-11.2496565630517));
#7147=CARTESIAN_POINT('Origin',(-0.0349999999981021,16.150000000001,-11.2496565630517));
#7148=CARTESIAN_POINT('',(-0.0349999999981021,16.150000000001,-11.2496565630517));
#7149=CARTESIAN_POINT('Origin',(3.42910161513965,18.150000000001,-11.2496565630517));
#7150=CARTESIAN_POINT('',(3.42910161513965,18.150000000001,-11.2496565630517));
#7151=CARTESIAN_POINT('Origin',(6.89320323027741,16.150000000001,-11.2496565630517));
#7152=CARTESIAN_POINT('',(6.89320323027741,16.150000000001,-11.2496565630517));
#7153=CARTESIAN_POINT('Origin',(6.89320323027742,12.150000000001,-11.2496565630517));
#7154=CARTESIAN_POINT('Origin',(-22.3208983848602,4.88205080756976,-11.2496565630517));
#7155=CARTESIAN_POINT('',(-18.8567967697225,2.88205080756975,-11.2496565630517));
#7156=CARTESIAN_POINT('',(-22.3208983848602,4.88205080756976,-11.2496565630517));
#7157=CARTESIAN_POINT('Origin',(-22.3208983848602,8.88205080756976,-11.2496565630517));
#7158=CARTESIAN_POINT('',(-22.3208983848602,8.88205080756976,-11.2496565630517));
#7159=CARTESIAN_POINT('Origin',(-18.8567967697224,10.8820508075698,-11.2496565630517));
#7160=CARTESIAN_POINT('',(-18.8567967697224,10.8820508075698,-11.2496565630517));
#7161=CARTESIAN_POINT('Origin',(-15.3926951545847,8.88205080756975,-11.2496565630517));
#7162=CARTESIAN_POINT('',(-15.3926951545847,8.88205080756975,-11.2496565630517));
#7163=CARTESIAN_POINT('Origin',(-15.3926951545847,4.88205080756975,-11.2496565630517));
#7164=CARTESIAN_POINT('',(-15.3926951545847,4.88205080756975,-11.2496565630517));
#7165=CARTESIAN_POINT('Origin',(-18.8567967697225,2.88205080756975,-11.2496565630517));
#7166=CARTESIAN_POINT('Origin',(-19.8567967697226,-13.849999999999,-11.2496565630517));
#7167=CARTESIAN_POINT('',(-23.3208983848603,-11.849999999999,-11.2496565630517));
#7168=CARTESIAN_POINT('',(-19.8567967697226,-13.849999999999,-11.2496565630517));
#7169=CARTESIAN_POINT('Origin',(-19.8567967697226,-17.849999999999,-11.2496565630517));
#7170=CARTESIAN_POINT('',(-19.8567967697226,-17.849999999999,-11.2496565630517));
#7171=CARTESIAN_POINT('Origin',(-23.3208983848603,-19.849999999999,-11.2496565630517));
#7172=CARTESIAN_POINT('',(-23.3208983848603,-19.849999999999,-11.2496565630517));
#7173=CARTESIAN_POINT('Origin',(-26.7849999999981,-17.8499999999991,-11.2496565630517));
#7174=CARTESIAN_POINT('',(-26.7849999999981,-17.8499999999991,-11.2496565630517));
#7175=CARTESIAN_POINT('Origin',(-26.7849999999981,-13.849999999999,-11.2496565630517));
#7176=CARTESIAN_POINT('',(-26.7849999999981,-13.849999999999,-11.2496565630517));
#7177=CARTESIAN_POINT('Origin',(-23.3208983848603,-11.849999999999,-11.2496565630517));
#7178=CARTESIAN_POINT('Origin',(-1.00039030917142,2.88205080756942,-11.2496565630517));
#7179=CARTESIAN_POINT('',(2.46371130596633,4.88205080756943,-11.2496565630517));
#7180=CARTESIAN_POINT('',(-1.00039030917142,2.88205080756942,-11.2496565630517));
#7181=CARTESIAN_POINT('Origin',(-4.46449192430918,4.88205080756942,-11.2496565630517));
#7182=CARTESIAN_POINT('',(-4.46449192430918,4.88205080756942,-11.2496565630517));
#7183=CARTESIAN_POINT('Origin',(-4.46449192430918,8.88205080756942,-11.2496565630517));
#7184=CARTESIAN_POINT('',(-4.46449192430918,8.88205080756942,-11.2496565630517));
#7185=CARTESIAN_POINT('Origin',(-1.00039030917143,10.8820508075694,-11.2496565630517));
#7186=CARTESIAN_POINT('',(-1.00039030917143,10.8820508075694,-11.2496565630517));
#7187=CARTESIAN_POINT('Origin',(2.46371130596633,8.88205080756943,-11.2496565630517));
#7188=CARTESIAN_POINT('',(2.46371130596633,8.88205080756943,-11.2496565630517));
#7189=CARTESIAN_POINT('Origin',(2.46371130596633,4.88205080756943,-11.2496565630517));
#7190=CARTESIAN_POINT('Origin',(-17.8567967697226,12.1500000000008,-11.2496565630517));
#7191=CARTESIAN_POINT('',(-14.3926951545848,10.1500000000008,-11.2496565630517));
#7192=CARTESIAN_POINT('',(-17.8567967697226,12.1500000000008,-11.2496565630517));
#7193=CARTESIAN_POINT('Origin',(-17.8567967697226,16.1500000000008,-11.2496565630517));
#7194=CARTESIAN_POINT('',(-17.8567967697226,16.1500000000008,-11.2496565630517));
#7195=CARTESIAN_POINT('Origin',(-14.3926951545848,18.1500000000008,-11.2496565630517));
#7196=CARTESIAN_POINT('',(-14.3926951545848,18.1500000000008,-11.2496565630517));
#7197=CARTESIAN_POINT('Origin',(-10.9285935394471,16.1500000000008,-11.2496565630517));
#7198=CARTESIAN_POINT('',(-10.9285935394471,16.1500000000008,-11.2496565630517));
#7199=CARTESIAN_POINT('Origin',(-10.9285935394471,12.1500000000008,-11.2496565630517));
#7200=CARTESIAN_POINT('',(-10.9285935394471,12.1500000000008,-11.2496565630517));
#7201=CARTESIAN_POINT('Origin',(-14.3926951545848,10.1500000000008,-11.2496565630517));
#7202=CARTESIAN_POINT('Origin',(17.8214064605529,16.1500000000006,-11.2496565630517));
#7203=CARTESIAN_POINT('',(17.8214064605529,12.1500000000006,-11.2496565630517));
#7204=CARTESIAN_POINT('',(17.8214064605529,16.1500000000006,-11.2496565630517));
#7205=CARTESIAN_POINT('Origin',(21.2855080756907,18.1500000000006,-11.2496565630517));
#7206=CARTESIAN_POINT('',(21.2855080756907,18.1500000000006,-11.2496565630517));
#7207=CARTESIAN_POINT('Origin',(24.7496096908284,16.1500000000006,-11.2496565630517));
#7208=CARTESIAN_POINT('',(24.7496096908284,16.1500000000006,-11.2496565630517));
#7209=CARTESIAN_POINT('Origin',(24.7496096908284,12.1500000000006,-11.2496565630517));
#7210=CARTESIAN_POINT('',(24.7496096908284,12.1500000000006,-11.2496565630517));
#7211=CARTESIAN_POINT('Origin',(21.2855080756907,10.1500000000006,-11.2496565630517));
#7212=CARTESIAN_POINT('',(21.2855080756907,10.1500000000006,-11.2496565630517));
#7213=CARTESIAN_POINT('Origin',(17.8214064605529,12.1500000000006,-11.2496565630517));
#7214=CARTESIAN_POINT('Origin',(3.42910161513966,-4.84999999999905,-11.2496565630517));
#7215=CARTESIAN_POINT('',(6.89320323027742,-2.84999999999904,-11.2496565630517));
#7216=CARTESIAN_POINT('',(3.42910161513966,-4.84999999999905,-11.2496565630517));
#7217=CARTESIAN_POINT('Origin',(-0.0349999999980977,-2.84999999999905,-11.2496565630517));
#7218=CARTESIAN_POINT('',(-0.0349999999980977,-2.84999999999905,-11.2496565630517));
#7219=CARTESIAN_POINT('Origin',(-0.0349999999981021,1.15000000000095,-11.2496565630517));
#7220=CARTESIAN_POINT('',(-0.0349999999981021,1.15000000000095,-11.2496565630517));
#7221=CARTESIAN_POINT('Origin',(3.42910161513965,3.15000000000096,-11.2496565630517));
#7222=CARTESIAN_POINT('',(3.42910161513965,3.15000000000096,-11.2496565630517));
#7223=CARTESIAN_POINT('Origin',(6.89320323027741,1.15000000000096,-11.2496565630517));
#7224=CARTESIAN_POINT('',(6.89320323027741,1.15000000000096,-11.2496565630517));
#7225=CARTESIAN_POINT('Origin',(6.89320323027742,-2.84999999999904,-11.2496565630517));
#7226=CARTESIAN_POINT('Origin',(-22.3208983848602,-10.1179491924302,-11.2496565630517));
#7227=CARTESIAN_POINT('',(-18.8567967697225,-12.1179491924302,-11.2496565630517));
#7228=CARTESIAN_POINT('',(-22.3208983848602,-10.1179491924302,-11.2496565630517));
#7229=CARTESIAN_POINT('Origin',(-22.3208983848602,-6.11794919243024,-11.2496565630517));
#7230=CARTESIAN_POINT('',(-22.3208983848602,-6.11794919243024,-11.2496565630517));
#7231=CARTESIAN_POINT('Origin',(-18.8567967697224,-4.11794919243024,-11.2496565630517));
#7232=CARTESIAN_POINT('',(-18.8567967697224,-4.11794919243024,-11.2496565630517));
#7233=CARTESIAN_POINT('Origin',(-15.3926951545847,-6.11794919243025,-11.2496565630517));
#7234=CARTESIAN_POINT('',(-15.3926951545847,-6.11794919243025,-11.2496565630517));
#7235=CARTESIAN_POINT('Origin',(-15.3926951545847,-10.1179491924302,-11.2496565630517));
#7236=CARTESIAN_POINT('',(-15.3926951545847,-10.1179491924302,-11.2496565630517));
#7237=CARTESIAN_POINT('Origin',(-18.8567967697225,-12.1179491924302,-11.2496565630517));
#7238=CARTESIAN_POINT('Origin',(13.3573048454153,-6.11794919243042,-11.2496565630517));
#7239=CARTESIAN_POINT('',(13.3573048454153,-10.1179491924304,-11.2496565630517));
#7240=CARTESIAN_POINT('',(13.3573048454153,-6.11794919243042,-11.2496565630517));
#7241=CARTESIAN_POINT('Origin',(16.8214064605531,-4.11794919243042,-11.2496565630517));
#7242=CARTESIAN_POINT('',(16.8214064605531,-4.11794919243042,-11.2496565630517));
#7243=CARTESIAN_POINT('Origin',(20.2855080756908,-6.11794919243041,-11.2496565630517));
#7244=CARTESIAN_POINT('',(20.2855080756908,-6.11794919243041,-11.2496565630517));
#7245=CARTESIAN_POINT('Origin',(20.2855080756908,-10.1179491924304,-11.2496565630517));
#7246=CARTESIAN_POINT('',(20.2855080756908,-10.1179491924304,-11.2496565630517));
#7247=CARTESIAN_POINT('Origin',(16.8214064605531,-12.1179491924304,-11.2496565630517));
#7248=CARTESIAN_POINT('',(16.8214064605531,-12.1179491924304,-11.2496565630517));
#7249=CARTESIAN_POINT('Origin',(13.3573048454153,-10.1179491924304,-11.2496565630517));
#7250=CARTESIAN_POINT('Origin',(-8.92859353944708,-17.8499999999994,-11.2496565630517));
#7251=CARTESIAN_POINT('',(-5.46449192430932,-19.8499999999994,-11.2496565630517));
#7252=CARTESIAN_POINT('',(-8.92859353944708,-17.8499999999994,-11.2496565630517));
#7253=CARTESIAN_POINT('Origin',(-8.92859353944708,-13.8499999999994,-11.2496565630517));
#7254=CARTESIAN_POINT('',(-8.92859353944708,-13.8499999999994,-11.2496565630517));
#7255=CARTESIAN_POINT('Origin',(-5.46449192430932,-11.8499999999994,-11.2496565630517));
#7256=CARTESIAN_POINT('',(-5.46449192430932,-11.8499999999994,-11.2496565630517));
#7257=CARTESIAN_POINT('Origin',(-2.00039030917156,-13.8499999999994,-11.2496565630517));
#7258=CARTESIAN_POINT('',(-2.00039030917156,-13.8499999999994,-11.2496565630517));
#7259=CARTESIAN_POINT('Origin',(-2.00039030917156,-17.8499999999994,-11.2496565630517));
#7260=CARTESIAN_POINT('',(-2.00039030917156,-17.8499999999994,-11.2496565630517));
#7261=CARTESIAN_POINT('Origin',(-5.46449192430932,-19.8499999999994,-11.2496565630517));
#7262=CARTESIAN_POINT('Origin',(3.42910161513966,-19.849999999999,-11.2496565630517));
#7263=CARTESIAN_POINT('',(6.89320323027742,-17.849999999999,-11.2496565630517));
#7264=CARTESIAN_POINT('',(3.42910161513966,-19.849999999999,-11.2496565630517));
#7265=CARTESIAN_POINT('Origin',(-0.0349999999980977,-17.8499999999991,-11.2496565630517));
#7266=CARTESIAN_POINT('',(-0.0349999999980977,-17.8499999999991,-11.2496565630517));
#7267=CARTESIAN_POINT('Origin',(-0.0349999999981021,-13.849999999999,-11.2496565630517));
#7268=CARTESIAN_POINT('',(-0.0349999999981021,-13.849999999999,-11.2496565630517));
#7269=CARTESIAN_POINT('Origin',(3.42910161513965,-11.849999999999,-11.2496565630517));
#7270=CARTESIAN_POINT('',(3.42910161513965,-11.849999999999,-11.2496565630517));
#7271=CARTESIAN_POINT('Origin',(6.89320323027741,-13.849999999999,-11.2496565630517));
#7272=CARTESIAN_POINT('',(6.89320323027741,-13.849999999999,-11.2496565630517));
#7273=CARTESIAN_POINT('Origin',(6.89320323027742,-17.849999999999,-11.2496565630517));
#7274=CARTESIAN_POINT('Origin',(4.4291016151398,-10.1179491924302,-11.2496565630517));
#7275=CARTESIAN_POINT('',(7.89320323027755,-12.1179491924302,-11.2496565630517));
#7276=CARTESIAN_POINT('',(4.4291016151398,-10.1179491924302,-11.2496565630517));
#7277=CARTESIAN_POINT('Origin',(4.4291016151398,-6.11794919243024,-11.2496565630517));
#7278=CARTESIAN_POINT('',(4.4291016151398,-6.11794919243024,-11.2496565630517));
#7279=CARTESIAN_POINT('Origin',(7.89320323027756,-4.11794919243024,-11.2496565630517));
#7280=CARTESIAN_POINT('',(7.89320323027756,-4.11794919243024,-11.2496565630517));
#7281=CARTESIAN_POINT('Origin',(11.3573048454153,-6.11794919243025,-11.2496565630517));
#7282=CARTESIAN_POINT('',(11.3573048454153,-6.11794919243025,-11.2496565630517));
#7283=CARTESIAN_POINT('Origin',(11.3573048454153,-10.1179491924302,-11.2496565630517));
#7284=CARTESIAN_POINT('',(11.3573048454153,-10.1179491924302,-11.2496565630517));
#7285=CARTESIAN_POINT('Origin',(7.89320323027755,-12.1179491924302,-11.2496565630517));
#7286=CARTESIAN_POINT('Origin',(-17.8567967697226,-2.84999999999921,-11.2496565630517));
#7287=CARTESIAN_POINT('',(-14.3926951545848,-4.84999999999921,-11.2496565630517));
#7288=CARTESIAN_POINT('',(-17.8567967697226,-2.84999999999921,-11.2496565630517));
#7289=CARTESIAN_POINT('Origin',(-17.8567967697226,1.15000000000079,-11.2496565630517));
#7290=CARTESIAN_POINT('',(-17.8567967697226,1.15000000000079,-11.2496565630517));
#7291=CARTESIAN_POINT('Origin',(-14.3926951545848,3.15000000000078,-11.2496565630517));
#7292=CARTESIAN_POINT('',(-14.3926951545848,3.15000000000078,-11.2496565630517));
#7293=CARTESIAN_POINT('Origin',(-10.9285935394471,1.15000000000078,-11.2496565630517));
#7294=CARTESIAN_POINT('',(-10.9285935394471,1.15000000000078,-11.2496565630517));
#7295=CARTESIAN_POINT('Origin',(-10.9285935394471,-2.84999999999922,-11.2496565630517));
#7296=CARTESIAN_POINT('',(-10.9285935394471,-2.84999999999922,-11.2496565630517));
#7297=CARTESIAN_POINT('Origin',(-14.3926951545848,-4.84999999999921,-11.2496565630517));
#7298=CARTESIAN_POINT('Origin',(8.89320323027741,-2.84999999999921,-11.2496565630517));
#7299=CARTESIAN_POINT('',(12.3573048454152,-4.84999999999921,-11.2496565630517));
#7300=CARTESIAN_POINT('',(8.89320323027741,-2.84999999999921,-11.2496565630517));
#7301=CARTESIAN_POINT('Origin',(8.89320323027741,1.15000000000079,-11.2496565630517));
#7302=CARTESIAN_POINT('',(8.89320323027741,1.15000000000079,-11.2496565630517));
#7303=CARTESIAN_POINT('Origin',(12.3573048454152,3.15000000000078,-11.2496565630517));
#7304=CARTESIAN_POINT('',(12.3573048454152,3.15000000000078,-11.2496565630517));
#7305=CARTESIAN_POINT('Origin',(15.8214064605529,1.15000000000078,-11.2496565630517));
#7306=CARTESIAN_POINT('',(15.8214064605529,1.15000000000078,-11.2496565630517));
#7307=CARTESIAN_POINT('Origin',(15.8214064605529,-2.84999999999922,-11.2496565630517));
#7308=CARTESIAN_POINT('',(15.8214064605529,-2.84999999999922,-11.2496565630517));
#7309=CARTESIAN_POINT('Origin',(12.3573048454152,-4.84999999999921,-11.2496565630517));
#7310=CARTESIAN_POINT('Origin',(8.89320323027741,12.1500000000008,-11.2496565630517));
#7311=CARTESIAN_POINT('',(12.3573048454152,10.1500000000008,-11.2496565630517));
#7312=CARTESIAN_POINT('',(8.89320323027741,12.1500000000008,-11.2496565630517));
#7313=CARTESIAN_POINT('Origin',(8.89320323027741,16.1500000000008,-11.2496565630517));
#7314=CARTESIAN_POINT('',(8.89320323027741,16.1500000000008,-11.2496565630517));
#7315=CARTESIAN_POINT('Origin',(12.3573048454152,18.1500000000008,-11.2496565630517));
#7316=CARTESIAN_POINT('',(12.3573048454152,18.1500000000008,-11.2496565630517));
#7317=CARTESIAN_POINT('Origin',(15.8214064605529,16.1500000000008,-11.2496565630517));
#7318=CARTESIAN_POINT('',(15.8214064605529,16.1500000000008,-11.2496565630517));
#7319=CARTESIAN_POINT('Origin',(15.8214064605529,12.1500000000008,-11.2496565630517));
#7320=CARTESIAN_POINT('',(15.8214064605529,12.1500000000008,-11.2496565630517));
#7321=CARTESIAN_POINT('Origin',(12.3573048454152,10.1500000000008,-11.2496565630517));
#7322=CARTESIAN_POINT('Origin',(-23.3208983848603,10.1500000000009,-11.2496565630517));
#7323=CARTESIAN_POINT('',(-19.8567967697226,12.150000000001,-11.2496565630517));
#7324=CARTESIAN_POINT('',(-23.3208983848603,10.1500000000009,-11.2496565630517));
#7325=CARTESIAN_POINT('Origin',(-26.7849999999981,12.1500000000009,-11.2496565630517));
#7326=CARTESIAN_POINT('',(-26.7849999999981,12.1500000000009,-11.2496565630517));
#7327=CARTESIAN_POINT('Origin',(-26.7849999999981,16.150000000001,-11.2496565630517));
#7328=CARTESIAN_POINT('',(-26.7849999999981,16.150000000001,-11.2496565630517));
#7329=CARTESIAN_POINT('Origin',(-23.3208983848603,18.150000000001,-11.2496565630517));
#7330=CARTESIAN_POINT('',(-23.3208983848603,18.150000000001,-11.2496565630517));
#7331=CARTESIAN_POINT('Origin',(-19.8567967697226,16.150000000001,-11.2496565630517));
#7332=CARTESIAN_POINT('',(-19.8567967697226,16.150000000001,-11.2496565630517));
#7333=CARTESIAN_POINT('Origin',(-19.8567967697226,12.150000000001,-11.2496565630517));
#7334=CARTESIAN_POINT('Origin',(4.4291016151398,4.88205080756976,-11.2496565630517));
#7335=CARTESIAN_POINT('',(7.89320323027755,2.88205080756975,-11.2496565630517));
#7336=CARTESIAN_POINT('',(4.4291016151398,4.88205080756976,-11.2496565630517));
#7337=CARTESIAN_POINT('Origin',(4.4291016151398,8.88205080756976,-11.2496565630517));
#7338=CARTESIAN_POINT('',(4.4291016151398,8.88205080756976,-11.2496565630517));
#7339=CARTESIAN_POINT('Origin',(7.89320323027756,10.8820508075698,-11.2496565630517));
#7340=CARTESIAN_POINT('',(7.89320323027756,10.8820508075698,-11.2496565630517));
#7341=CARTESIAN_POINT('Origin',(11.3573048454153,8.88205080756975,-11.2496565630517));
#7342=CARTESIAN_POINT('',(11.3573048454153,8.88205080756975,-11.2496565630517));
#7343=CARTESIAN_POINT('Origin',(11.3573048454153,4.88205080756975,-11.2496565630517));
#7344=CARTESIAN_POINT('',(11.3573048454153,4.88205080756975,-11.2496565630517));
#7345=CARTESIAN_POINT('Origin',(7.89320323027755,2.88205080756975,-11.2496565630517));
#7346=CARTESIAN_POINT('Origin',(-27.8499999999981,16.3499999999995,0.));
#7347=CARTESIAN_POINT('',(-31.8499999999981,16.3499999999995,0.));
#7348=CARTESIAN_POINT('',(-31.8499999999981,16.3499999999995,0.));
#7349=CARTESIAN_POINT('',(-31.8499999999981,16.3499999999995,0.));
#7350=CARTESIAN_POINT('Origin',(-29.8499999999981,22.3499999999995,0.));
#7351=CARTESIAN_POINT('',(-30.8499999999981,22.3499999999995,0.));
#7352=CARTESIAN_POINT('',(-30.8499999999981,22.3499999999995,0.));
#7353=CARTESIAN_POINT('Origin',(-29.8499999999981,22.3499999999995,0.));
#7354=CARTESIAN_POINT('Origin',(-27.8499999999981,20.3499999999995,0.));
#7355=CARTESIAN_POINT('',(-23.8499999999981,20.3499999999995,0.));
#7356=CARTESIAN_POINT('',(-31.8499999999981,16.3499999999995,0.));
#7357=CARTESIAN_POINT('Origin',(29.8500000000003,22.3499999999995,0.));
#7358=CARTESIAN_POINT('',(28.8500000000003,22.3499999999995,0.));
#7359=CARTESIAN_POINT('',(28.8500000000003,22.3499999999995,0.));
#7360=CARTESIAN_POINT('Origin',(29.8500000000003,22.3499999999995,0.));
#7361=CARTESIAN_POINT('Origin',(23.8500000000003,20.3499999999995,0.));
#7362=CARTESIAN_POINT('',(23.8500000000003,20.3499999999995,0.));
#7363=CARTESIAN_POINT('',(23.8500000000003,20.3499999999995,0.));
#7364=CARTESIAN_POINT('',(23.8500000000003,24.3499999999995,0.));
#7365=CARTESIAN_POINT('Origin',(27.8500000000003,20.3499999999995,0.));
#7366=CARTESIAN_POINT('',(27.8500000000003,20.3499999999995,0.));
#7367=CARTESIAN_POINT('Origin',(27.8500000000003,20.3499999999995,0.));
#7368=CARTESIAN_POINT('Origin',(23.8500000000003,-24.349999999999,0.));
#7369=CARTESIAN_POINT('',(23.8500000000003,-24.349999999999,0.));
#7370=CARTESIAN_POINT('',(23.8500000000003,-24.349999999999,0.));
#7371=CARTESIAN_POINT('',(23.8500000000003,-20.349999999999,0.));
#7372=CARTESIAN_POINT('',(23.8500000000003,-20.349999999999,0.));
#7373=CARTESIAN_POINT('',(23.8500000000003,-20.349999999999,0.));
#7374=CARTESIAN_POINT('Origin',(29.8500000000003,-22.349999999999,0.));
#7375=CARTESIAN_POINT('',(28.8500000000003,-22.349999999999,0.));
#7376=CARTESIAN_POINT('',(28.8500000000003,-22.349999999999,0.));
#7377=CARTESIAN_POINT('Origin',(29.8500000000003,-22.349999999999,0.));
#7378=CARTESIAN_POINT('Origin',(27.8500000000003,-16.349999999999,0.));
#7379=CARTESIAN_POINT('',(31.8500000000003,-16.349999999999,0.));
#7380=CARTESIAN_POINT('Origin',(23.8500000000003,-20.349999999999,0.));
#7381=CARTESIAN_POINT('',(-23.8499999999981,-20.349999999999,0.));
#7382=CARTESIAN_POINT('',(23.8500000000003,-20.349999999999,0.));
#7383=CARTESIAN_POINT('Origin',(27.8500000000003,-20.349999999999,0.));
#7384=CARTESIAN_POINT('',(31.8500000000003,-24.349999999999,0.));
#7385=CARTESIAN_POINT('Origin',(-31.8499999999981,-24.349999999999,0.));
#7386=CARTESIAN_POINT('',(-31.8499999999981,-24.349999999999,0.));
#7387=CARTESIAN_POINT('',(-31.8499999999981,-24.349999999999,0.));
#7388=CARTESIAN_POINT('',(-31.8499999999981,-24.349999999999,0.));
#7389=CARTESIAN_POINT('Origin',(-23.8499999999981,-24.349999999999,0.));
#7390=CARTESIAN_POINT('',(-23.8499999999981,-24.349999999999,0.));
#7391=CARTESIAN_POINT('Origin',(-29.8499999999981,-22.349999999999,0.));
#7392=CARTESIAN_POINT('',(-30.8499999999981,-22.349999999999,0.));
#7393=CARTESIAN_POINT('',(-30.8499999999981,-22.349999999999,0.));
#7394=CARTESIAN_POINT('Origin',(-29.8499999999981,-22.349999999999,0.));
#7395=CARTESIAN_POINT('Origin',(-27.8499999999981,-20.349999999999,0.));
#7396=UNCERTAINTY_MEASURE_WITH_UNIT(LENGTH_MEASURE(0.01),#7400,
'DISTANCE_ACCURACY_VALUE',
'Maximum model space distance between geometric entities at asserted c
onnectivities');
#7397=UNCERTAINTY_MEASURE_WITH_UNIT(LENGTH_MEASURE(0.01),#7400,
'DISTANCE_ACCURACY_VALUE',
'Maximum model space distance between geometric entities at asserted c
onnectivities');
#7398=(
GEOMETRIC_REPRESENTATION_CONTEXT(3)
GLOBAL_UNCERTAINTY_ASSIGNED_CONTEXT((#7396))
GLOBAL_UNIT_ASSIGNED_CONTEXT((#7400,#7401,#7402))
REPRESENTATION_CONTEXT('','3D')
);
#7399=(
GEOMETRIC_REPRESENTATION_CONTEXT(3)
GLOBAL_UNCERTAINTY_ASSIGNED_CONTEXT((#7397))
GLOBAL_UNIT_ASSIGNED_CONTEXT((#7400,#7401,#7402))
REPRESENTATION_CONTEXT('','3D')
);
#7400=(
LENGTH_UNIT()
NAMED_UNIT(*)
SI_UNIT(.MILLI.,.METRE.)
);
#7401=(
NAMED_UNIT(*)
PLANE_ANGLE_UNIT()
SI_UNIT($,.RADIAN.)
);
#7402=(
NAMED_UNIT(*)
SI_UNIT($,.STERADIAN.)
SOLID_ANGLE_UNIT()
);
#7403=SHAPE_DEFINITION_REPRESENTATION(#7404,#7405);
#7404=PRODUCT_DEFINITION_SHAPE('',$,#7407);
#7405=SHAPE_REPRESENTATION('',(#4740),#7398);
#7406=PRODUCT_DEFINITION_CONTEXT('part definition',#7411,'design');
#7407=PRODUCT_DEFINITION('2026-10-05-13-42-48-431','Just_a_Pi_Case',#7408,
#7406);
#7408=PRODUCT_DEFINITION_FORMATION('',$,#7413);
#7409=PRODUCT_RELATED_PRODUCT_CATEGORY('Just_a_Pi_Case',
'Just_a_Pi_Case',(#7413));
#7410=APPLICATION_PROTOCOL_DEFINITION('international standard',
'automotive_design',2009,#7411);
#7411=APPLICATION_CONTEXT(
'Core Data for Automotive Mechanical Design Process');
#7412=PRODUCT_CONTEXT('part definition',#7411,'mechanical');
#7413=PRODUCT('2026-10-05-13-42-48-431','Just_a_Pi_Case',$,(#7412));
#7414=PRESENTATION_STYLE_ASSIGNMENT((#7415));
#7415=SURFACE_STYLE_USAGE(.BOTH.,#7416);
#7416=SURFACE_SIDE_STYLE('',(#7417));
#7417=SURFACE_STYLE_FILL_AREA(#7418);
#7418=FILL_AREA_STYLE('Steel - Satin',(#7419));
#7419=FILL_AREA_STYLE_COLOUR('Steel - Satin',#7420);
#7420=COLOUR_RGB('Steel - Satin',0.627450980392157,0.627450980392157,0.627450980392157);
ENDSEC;
END-ISO-10303-21;
